text,true,response,pred
"Two things    too long and totally lacked credibility. This movie didn't make any sense and was excrutiating to sit through. I am usually pretty patient, but man... It just doesn't keep your attention at all! I think I am being nice here even! You keep thinking it's almost over only to find out it's still got another half hour! Good actors.",neg,Negative,neg
"If not the best movie ever made, ""Babette's Feast"" is certainly among the most loving. This is a wonderful exploration of the meaning of artistry, generosity, loyalty, and grace. Humor is mixed with tender longing; characters are treated with searching honesty but also deep respect. There are meditations here on memory, fate, old age and faithfulness. Marvellous camera work by cinematographer Henning Kristiansen: seldom have wrinkled faces looked so luminous in the candle light. The meal is accompanied by delicious period music, Brahms, Mozart and simple folk hymns. Enjoy this feast for the eyes and the spirit, for as the General says: ""Mercy and truth have met together, and righteousness and bliss shall kiss one another.""",pos,Positive,pos
"Yes, my summary just about tells it all. If you haven't watched this, try it. But not for pleasure. For studies of one of the worst examples of trying to be politically correct, family oriented and ""cool"" at the same time. The men always think they know everything, are stupid, and finally loose to the magnificent women. Etc.. This is especially offensive, when all the characters are just as terrible and stereotypic. I mean, ok, ""Cody"" was funny one time or another, but unlike other ""stupid characters(tm)"" like Woody in Cheers or Joey in Friends, he doesn't get good lines. His stupidity is cast in a ""duude"" way, which gets quite annoying after a while. The family morale is awful. Everything for the family. Mother and father are supreme dictators, who inbetween severe punishing and old fashioned parenting, constantly say they ""love"" their kids, and then of course, in the end, the kids love them back *barf*. And: There's always a ""tender spot"" like that squeezed into the ""action"", where american(c)(tm) morale lessons are forced upon the viewers, about sex (in a mature, you can't have sex before you're 18 (!!), kind of way), or drugs. Even church habits are thoroughly described here. The whole concept is directly sickening, all made in a half hearted way to make money. If there are people like Karen and Frank out there, please lock them up and desintegrate the key. So, with themes ranging as far as revolting religious propaganda, I think it's fair to conclude as I did in my subject...",neg,negative,neg
"As a fan of C.J.'s earlier movie, Latter Days, I really wanted to like this film. The nicest thing I can say, however, is that it's NOT an awful film. There are some good performances, and a few funny scenes. In particular, Tori Spelling has a couple of great scenes where she's talking to her fiancé's ex boyfriend. Overall, though, it's pretty week. The script falls back on weird coincidences and clichéd movie moments way too often. (The main character went to Stanford on a golf scholarship, and his high school buddy doesn't even know that he plays the game?)  Most of the time, this movie had no idea where it was going or what it was trying to say. There are a lot of scenes that are mildly cute, but ultimately turn out to be a waste of time. And you could easily cut half the characters from the film without losing anything. Still, for all it's faults, I would have to say that this is one of the better gay films of recent years. Which says a lot about how bad most gay films are. I'm hoping C.J.'s next film will be better.",neg,Negative,neg
"Leonard Rossiter and Frances de la Tour carry this film, not without a struggle, as the script was obviously hurriedly cobbled together out of old episodes. When it came out, this must have been a real disappointment as it's also done on a bus ticket budget. Attempts to move it out of the house   which is jarringly unrecognisable, a bad job all round there   with a picnic, fantasy sequences, rugby and a boxing match in the local gym simply don't work. Most of these are just character light setups for a solitary not particularly good gag. That said, the interplay of Rossiter and de la Tour (and anybody else with him) is mostly hilarious; they even manage to make a soda syphon gag work, but you can see the struggle with recycling a literally uninspired script that changes plot half way through. Don Warrington has very little to do except 'be black', and due to the random script hacks Christopher Strauli changes character at least twice. And in the end, as he often did in the TV series (though you might not remember   read the scripts), Eric Chappell lets you down with a 'time's up' ending. Were they that cynical, or just too desperate to be in the film business? Rossiter and de la Tour are always funny but as a film, it's a terrible postscript to a fondly remembered TV series. RIP.",neg,Negative,neg
"Perry Mason: The Case of the Glass Coffin finds Raymond Burr defending David Copperfield Rick Blaine like magician Peter Scolari from a murder charge involving one of his assistants. A trick involving a suspended glass coffin in midair goes awry and the body of Nancy Grahn comes a tumbling out. Nancy was one of six female assistants who work with the act and we learn two things about her. First in a moment of drunken weakness, Scolari got seduced by her and she claims she was impregnated. Secondly she is living under an assumed name and had a secret from her past. Billy Moses who probably never thought he'd be doing such rough stuff back in law school gets to tangle with a couple of good old boys when goes seeking the truth in Grahn's home town. A little more action than usual for Ken Malansky, he almost gets himself killed.  One big flaw in this mystery is simple forensics. The medical examiner's report should have provided concrete evidence that the victim was killed in such a way that Scolari could not possibly have done the deed. The police should have been looking in a different direction for the killer.  When you see who the killer is you won't blame the individual, but you'll also see how the investigating officer James McEachin got it wrong from the start. It kind of spoils this particular Mason film.",neg,Negative,neg
"Seeing Les Amants Reguliers calls immediately for comparison with Bertolucci's movie 'The Dreamers', in my opinion the best film made about the 1968 revolt of students in Paris. Actually director Philippe Garrel does not seem to avoid comparing with his much more famous colleague, sharing the principal actor and even including a direct replica eye in viewer eye about an older film of Bertolucci. And yet, LAR is a different film, and an interesting one. The story line seems also familiar. The movie starts with long scenes of the 1968 'emeutes', maybe among the best done until now. The film is made in black and white, and the perspective of the static camera on one side or the other of the barricade reminds Eisenstein. Then, as in The Dreamers, the action moves in the Parisian flat where the heroes of the defeated revolt make art, smoke drugs, dream, and fall for one other. There is no direct social comment, no real explanation of the background of the revolt. The movie focuses on the psychology of the characters and on the love story between the main characters. It's like a premonition of the process of transition to the establishment that the generation of the 1968 went through, it's just that not all the participants may adapt or survive. The film is more about the characters than about the events. And it is merely for the style it will be remembered about. The black and white cinema is memorable not only in the revolution scenes, but also when looking at the characters evolution. Many sequences are enhanced by a technique that is derived from the silent films movies, with long takes accompanied by a off piano tune. The effect is exquisite. Yet the length of the film is hardly justified, it lasts more than three hours and I doubt that cutting it to only two hours would have been a miss   actually I am convinced it's quite a contrary. Without raising at the depth and subtlety of Bertolucci's movie LAR is another perspective to remember about one of the more important years in the history of France and of the world in the 20th century.",pos,Positive,pos
"Over the years some of them most enjoyable films have been about dysfunctional families. Bonjour,Monsieur Sholmi is such a film This is an Isreali film about a Moroccan Jewish family. This could be about any family, in any culture. We all know or would want to know people like those in this comic gem. This 2003 delight was written & directed by Shemi Zorkin. Let us hope he a long career. The movie is seen through the eyes of the 16 year old son,who seems to be concerned with everyone in the family. Heis brilliantly played by Oshri Cohen (he was 18 when he made the movie. He has been in a few since & I know I will hunt them up. Hopefully this young man will become an international star. The entire cast is magnificent,I do hope I see them again. I loved every person in the cast to some degree.I think all who see this will agree. It has been nominated for many international awards & has won 8, It deserved every one. Now being a film in a language besides English it had a very limited run in the USA, which I feel is regrettable. Rent this film you will be glad you did. Ratings: ***1 2 (out of 4) 95 points(out of 100) IMDb 9 (out of 10) NOTE: Since the story is not new, this is as high a rating it can get.",pos,Positive,pos
"I just got back from seeing, ""Comedian"". It was...alright. It kept me looking at the screen. Its just not the type of thing I like to go pay $7 to see. Now don't get me wrong, it'd make a great HBO feature. If this were something I was watching on TV, i'd be hooked right in. It gives an amazing look at what comics go through before and after getting on stage. It will interest anyone who likes watching comics. But when I go to the movies, I like to be entertained. I'm not there to be educated. Now I know what its like for Jerry Seinfeld before he goes out on stage....great. But truthfully, I'd rather just laugh at his jokes than worry about any of that. One more thing: With the bad attitude Onry Adams has; I'd expect to see him taking my order from Burger King before I see his HBO special. He wasn't funny. He's the kind of person that you love to hate.",neg,negative,neg
"Alex North (John Cassavetes) has problems in relationship with his father and flees home to join the army, from where he very soon deserts and comes to New York intending to start a new life, using as an advantage the fact that nobody knows about his past. He finds a job at the Waterfront, where he meets Tommy Tyler (Sydney Poitier) a lively young man, who is happily married and is a living contrast to Cassavetes' sad and unhappy character. They very quickly become good friends and Tommy does his best to help his friend. The only problem is that their superior at work, a tough worker Charles Malik (Jack Warden) is sort of envious of their friendship as well as Tommy's constant happy disposition and success in personal life. He really manages to make their life difficult when he comes to know the truth about Alex's past.  A good drama skillfully directed by Academy Award nominated director producer Martin Ritt (The Hud) and featuring wonderful performances from Sydney Poitier and Jack Warden. 7 10",pos,Positive,pos
"Having had more than a few mates suggest i check Rise of the Footsoldier out, i eventually got round to it last night. Undoubtedly the story Colton Leach has to tell (and did so in his autobiography) is a compelling tale of one mans ascent from Terrace boot boy to connected underworld villain. This film sadly compromised in quality by miscasts, appalling accents and woeful acting.Ricci Harnett in the lead role of Leach does a reasonable job of conveying the transition from thuggery to serious criminal but his accent is all over the place. As his voice provides the stories narration it is something that after ten minutes was driving me nuts. Terry Stone as Tony Tucker provided the unintentional comedy with an ill fitting wig (or the worst Barnett going)dialogue that was so expletive riddled it bordered on juvenile and an over the top vehemence in line delivery reducing Tucker to parody.What troubled me most about this film was that the events leading up to the shooting in Rettenden, Essex and the formative years of Leach are of genuine interest to crime fans and fans of football hooliganism so, to have this story sabotaged by a lack of credible accents and acting left me feeling an opportunity had been missed. Roland Manookian and Frank Harper provide the films only source of authenticity. On the positive side some of the films pacing and construct flowed well and kept the attention. The violence was well choreographed and aside from an over reliance on projectile red syrup for blood spatterings was on the whole realistic. If you enjoyed the film then it is worth checking out Essex Boys telling a similar tale from fictionalised viewpoint and also featuring Billy Murray.",neg,negative,neg
"A man kicks a dog 2' in the air. A woman kicks a cow out of her bed. A man kicks a violin down the sidewalk. A woman sucks on a statue's toe for 15 seconds. A man kicks a blind man in the stomach. Jesus rapes a young girl. There you have it. I just saved you an hour of your life. Surely there are those to whom this ""shocking vanguard of cinematic expression"" would appeal. But I found it no different from the puerile, disconnected videos I used to shoot with my friends in the 9th grade. Except we never had a real cow. Having heard endless sermons from beard stroking art connaisseurs of how this is such an important film, I thought it would be worth my time. Make no mistake, this is crap. If I hear one more person call Buñuel the ""father of cinematic Surrealism"", I think I'm going to punch someone. If anything, he issued a major step backward from the Surrealist beginnings pioneered by his seniors Fritz Lang (Metropolis), F.W. Murnau (Faust) and Robert Weine (Caligari) 10 years earlier. This made a joke out of the whole thing, as if Buñuel didn't have the confidence to truly embrace the art sans sarcasm, sans l'absurdité. It would take Buñuel another 40 years before he would refine his style into something admirable. Skip the early stuff and hop straight to 1970 if you want to be more impressed by his work. I'm sure he would agree. In 1977, Buñuel himself stated that he would happily burn all the prints of his old movies. In this case I would be happy to pour the lighter fluid.",neg,negative,neg
"This is a funny movie, there's not a lot of those. OK, the plot is a bit disturbing, but very original. A teen trying to get even with dad, because he hasn't been around and almost sending him to jail because she lie to impress an older boy, how could that not be funny? Plus it not the typical movie featuring teens. First remake i've seen, that is better than the original, the only problem with both: Gerard Depardieu. With another actor this would be a perfect 10, because he plays all rolls the same way, sucks. Another problem it's all the women melting over him, that's not remotely believable, he is not attractive!, y had a rubber troll that was better looking than him, come on!",pos,Positive,pos
"John and his wife Emily, accompanied by their child Edward venture from the comfortable environs of suburbia to the village where the husband spent some of his childhood. There has been a death in the family and John must begin proceedings to take control of an old ramshackle cottage, situated by the seaside and once inhabited by an old man who has apparently committed suicide. Sceptical about the circumstances of the death, John divorces himself from his family and from reality, puts his own life in peril, and puts on the clothes of the old man who is now dead. The film now changes   nothing is what it seems   the people of his past appear, in full Gothic hillbilly glory   his wife worries about his mental state   and his son disappears into the reeds. John finds that the old man didn't commit suicide, that his death is far more mysterious and strange. In a spine chilling finale, we learn that the events of the film actually never happened and that the entire narrative was imagined by the little boy, Edward, who is struggling to come to terms with his parents' divorce proceedings. Modern Love is a macabre piece of high art cinema, a puzzling and perverse piece of pretentiousness, full of vague suggestion and unexplored red herrings. It is humourless and seemingly unconcerned with current Indie trends which both validates its creators, but also renders it passé. But the weaknesses of this Australian film are fully outweighed by its sheer muscular cinematic vision, its bloody minded and uncompromising precision and its oddball Euro horror. The bastardry of script norms and lack of slick dialogue pales into insignificance against a backdrop of noir and a lead performance that needs to be seen to be appreciated. One of the most aggressively weird Australian films in years.",pos,Negative,neg
"Haggard: The Movie is the real life story of Ryan Dunn, and his girlfriend who cheated on him, also with the help from his two friend, 1. A skate boarder who lives for nothing, and, 2. A trying to be funny scientist (which doesn't really work) played by Bam Margera and Brandom Dicamillo. The film Haggard The Movie also has a lot of the characters from Jackass, etc, but to say it was written by Bam Margera and Co. this is a very weak attempt, seems to me like it was written when he was bored, or as a project with they did not pay a lot of attention to. The films also stars Bam's girlfriend Jennifer Rivell, who plays Glauren, Ryan's girlfriend who basically cheated on him, again very bad acting by Jennifer, another actor that some people may be interested in is Steve a.k.a Hellboy, played by RakeYohn, which his character does not seem to be with the story, again bad acting, also this character does not really have a lot of lines in this film which basically makes it very boring. but worst of all, is Raab's character, the voice sound like a smoker who basically has throat cancer, also i think he could have been improved! Overall i think the characters in this film aren't with the story, like in one scene, it would be on one certain character, a minute later, a different scene, different character. To say that this is supposed to be a film, sort of a documentary, its not played by the characters as a documentary, the acting makes you think that its a cheap attempt at making a film with your spare time. Towards the middle of the film we start to lose focus on the main character Ryan Dunn, although a lot of the attention is on Bam and Brandon. In conclusion this film is OK, if you laugh at things that aren't very funny, stupid stunts, terrible acting and the occasional nude scene!, Also i think there there are too many scenes of just no talking and just music! 7 10",pos,negative,neg
"From director Barbet Schroder (Reversal of Fortune), I think I saw a bit of this in my Media Studies class, and I recognised the leading actress, so I tried it, despite the rating by the critics. Basically cool kid Richard Haywood (Half Nelson's Ryan Gosling) and Justin Pendleton (Bully's Michael Pitt) team up to murder a random girl to challenge themselves and see if they can get away with it without the police finding them. Investigating the murder is homicide detective Cassie 'The Hyena' Mayweather (Sandra Bullock) with new partner Sam Kennedy (Ben Chaplin), who are pretty baffled by the evidence found on the scene, e.g. non relating hairs. The plan doesn't seem to be completely going well because Cassie and Sam do quite quickly have Richard or Justin as suspects, it is just a question of if they can sway them away. Also starring Agnes Bruckner as Lisa Mills, Chris Penn as Ray Feathers, R.D. Call as Captain Rod Cody and Tom Verica as Asst. D.A. Al Swanson. I can see now the same concept as Sir Alfred Hitchcock's Rope with the murdering for a challenge thing, but this film does it in a very silly way, and not even a reasonably good Bullock can save it from being dull and predictable. Adequate!",neg,Negative,neg
"I went through boot camp at MCRD Parris Island in 1953 and this film is about as accurate a depiction of what boots went through in that era, even to burying that danged sand flea. Many of the ""actors"" in the film were active duty Marines. This film may be more entertaining to Marines than others, but I feel the film itself is very well done, and Jack Webb made a ""good DI"". Semper Fi!",pos,positive,pos
"Although it has been a failure in movie theaters because mainly Mylene Farmer, one of the 3 top stars in France had not the first role. Fans had changed their mind after that and were waiting for it on DVD. When it has been released on DVD this year it has have a tremendous success ! The others fails was the slow pace and the incredible length (3h) at that time (1994) that have annoyed critics. But the melancholic story makes mandatory that slow pace and long time. The moral of the film is you cannot escape from the death you are destined for. It is the same theme than in the movie ""Final Destination"" and makes it a Gothic tale. The atmosphere is very melancholic.",pos,Positive,pos
"Possibly the best John Travolta role ever. Saturday Night Fever was a great movie & role, but a LONG time ago. I can't think of many of his movies or roles I've even liked, and it's easy to think of rotten ones. He can do meanies like in Pulp Fiction, but he makes the perfect funky angel, and it's hard to imagine anyone doing a better (equally slobby) job with it. Plot summaries are available everywhere, but the plot isn't the point. Just go for the ride and enjoy the cleverness of the little funnies along the way. There is nothing to dislike about this movie, unless one is searching for something profound. I wish there were more movies like this. We need a break from deep or awesome or grisly or complex or hysterical.",pos,Positive,pos
"I have watched Grand Champion all the way through at least twice now. I enjoyed the movie's story, the characters and the actors were not bad. It is refreshing to see a G rated movie. This is a feel good movie. The story is mostly from the view of the children. The interactions between the kids and the adults makes the story interesting. I recommend this movie if you are looking for a family film. If you liked the Little Rascals, you will probably enjoy this. I viewed this movie on cable. Either on Encore or Showtime family. This is not a movie that I would have gone to see at the theatre. But, I only go to the theatre for the effects of the big screen, so most comedies, romantic films, or dramas I do not go for big screen I wait for TV cable edition. Get your kids together, pop some popcorn and enjoy!",pos,Positive,pos
The main reason to check this one out is to watch Laura Gemser in all her glory. That's reason enough for me. She heads to Africa as guests of another rich guy that seems to be all over these films. Huge mansion near the jungle. Hunters staying around for parties when they aren't out hunting zebras. And said parties becoming drunken orgies. All the high society types in the Emanuelle films seem to have out of control fetishes. And Emanuelle beds most of them. Joe D'Amato did NOT direct this one. He just ripped it off and used the same cast(s). And did anyone notice the 'subliminal' sexual images at the gas station? And why did most of the men stay dressed during the sex scenes?  Coherence? Hardly any. BUT GODDESS GEMSER IS BEAUTIFUL.,pos,Positive,pos
"The filmmakers neglected to connect the dots  that is, the sequence of events and choices that led from Charlie Wilson and the anti Soviet mujaheddin to Al Qaeda and Osama Bin Laden and eventually to 9 11. The filmmakers of course neglect to tell us the back story  why were the Soviets in Afghanistan?  but that omission pales in comparison to their failure to reveal that support for Islamicist extremists in Afghanistan in the name of rabid anti communism ultimately strengthened the hand of anti western forces and was a big contributing factor to the mess that we find ourselves in today (9 11, terrorist networks, a prolonged ground war in Afghanistan, etc.). Because these consequences are not spelled out, the movie leaves the viewer feeling sympathetic to Mr. Wilson (hey, check out his latest projects on the Internet) instead of seeing him as an individual whose actions were contrary to the best interests of his country and the West as a whole.",neg,negative,neg
"NO WAY ! I hated Granny. First, she is way too tall  of course she is, it is Tom, whoever's brother, who's playing her  and I hate that thing she does when she brushes her fake silver hair back, but : there are funny parts in this movie. For instance, the fact that every single actor looks V.G. (very German), and also that they think that, even when left alone, they should pretend that that guy (Tom) is their actual ""granny"" or something. I specially liked  not  that moment where Charlotte leaves and starts walking to the nearest gas station to ask for some help. She suddenly finds herself in the middle of some woods (where were these before? nobody dares explaining) and turns, turns, turns a r oun d like a ballerina, looking at the stars...and...ignoring the fact that GRANNY'S BEHIND HER, READY TO STRIKE !!! But, anyway, the music wasn't so bad, the haircuts were okay and the ending terribly provocative... Mmmmm... wish I had the German version.",neg,negative,neg
"As far as I am concerned, this film noir had two totally different things going for it as opposed to the film noirs I am used to viewing: 1   the setting is Paris, France; 2   there is 28 minute scene with no dialog. Both make this movie a bit unique, at least to English speaking film noir fans. Actually, an American, Jules Dussain, shot the film, so it's not entirely a European film. Initially, I was disappointed in this after I had watched the first 40 minutes. It's an expensive DVD and I was bored. However, once that silent segment started   the actual heist (you already know what's it about), the film picked up considerably and just got better and better. In fact, I thought the best part of the story was what happened after the heist. The best aspect of the entire film was the cinematography. This is what makes the disc worth owning. It's excellent film noir photography and a real travelogue for those of us who have never seen Paris...and this is Paris in the mid 1950s. There are lots of bleak but interesting rain soaked Paris streets and buildings I found fascinating to view. In fact, there were many more of those great shots than of London in the much better known film, The Third Man. The lead actor in here, Jean Servais, I think his name is, also is interesting to view. Someone described his face as a cross between Humphrey Bogart and Harry Dean Stanton, and that sums it up perfectly. A warning for those not expecting profanity or nudity in a classic film. This is France, not the United States, so there is a little bit of both in here. I appreciate the DVD offering the choice of subtitles or a dubbed version, too.",pos,positive,pos
"This is a fantastic film. The acting is some of the best I've seen. Tatyana Samojlova is obviously very beautiful, and she automatically draws you into the film with her believable acting. The The cinematography was extremely ahead of its time. Watching it, I could see parallels of cinematography used today. This is truly a groundbreaking film. Because of the cinematography and acting, the audience can feel the change in tone from beginning to end as the tone in the environment in the movie changes. It's a very touching and powerful piece. My friend told me it was must see, and I definitely agree with her. This is one of those films that you watch and never forget. Everyone should see this intensely moving film. This should be put on everyone's ""Movies to See Before ________ (whatever)"" list.",pos,Positive,pos
"I mostly rented this movie to see Shannon Elizabeth. She played well in this movie, but the plot sucked. The movie wasn't really about anything just about trying to stay single after making a pact when one of Jerry O' Connell's friends gets married. The other friends put together this money and who's ever last to get married get's the money ($10,000) from all his friends. Anyway the movie just try to follow through by making no since and trying to make it more funny then making since. I'm glad I only paid .50 for this movie. It really wasn't good at all. I rated it **** out of 10 stars!",neg,Negative,neg
"The director seems like a good, solid man. His parents struggle with the same issues we all cope with. They strayed from each other. They loved each other. They misunderstood each other. And the poor audience has to sit through ninety minutes of what is possibly the trials and tribulations of one of the most boring families ever to come out of Long Island. There are few interesting choices in this documentary  the music is banal, the filming uninspired, and the story is the same story that has played out on every Birch Street in every town in America. I don't mean to sound too harsh  seldom has a sweeter, more well intentioned documentary been made. The director is the kind of man with whom you'd want to be friends. You just wish he had struggled as much presenting the material as his parents did keeping their marriage alive.",neg,Negative,neg
"When It Comes to ANY Movie that was made in or about the South,The Characters are Labeled Racist or Hillbillies or Even Worse That Awful RACIST TERM ""Rednecks"". This Movie Was a Murder Mystery, Plain & Simple. It was a Great Murder Mystery & Did Demonstrate Some Of Human Feelings About Each Others Race. The Same Type of Observations Made By Black Character Actors Toward Whits in Todays' Movies. Before Watching This Movie, One Should Get the ""MISSISSIPPI BURNING"" Chip off of Ones' Shoulder & Enjoy the Plot, Wonderful Acting, & Reminiscent Scenes of Simpler Times That While are Gone, They Will Not be Forgotten. Mr.Faulkner Did His Hometown of OXFORD,Miss. Justice by Having this Movie Shot There. The Producer Noted While Shooting the Movie There, His Stereotypical Perception of Whites were Misconcieved & That He Observed WHite & Black Townspeople & Locals Getting Along With Each Other in the Same Way. So, Sit Back & Enjoy one of Mr Faulkner's Great Classics & Try to Figure out Who The Killer Really Is...",pos,Positive,pos
"Christian Duguay directed this tidy little espionage thriller early in his career. It plays on TV pretty regularly, albeit with some terrific scenes of violence and sex unfortunately trimmed. I finally got around to seeing the theatrical version on a $3 tape from the local video store. Naval officer Aidan Quinn is recruited to impersonate the notorious Carlos the Jackal, and gets a little too caught up in the role. Donald Sutherland Ben Kingsley play Quinn's superiors, with Sutherland a true zealot and Kingsley as the more level headed one. The first half of this fun flick shows Quinn being trained and indoctrinated. The second half has him out in the field, making love to the Jackal's woman and shooting it out with sundry enemies. The idea is to make the Jackal look like a turncoat to the Russians, and let them take care of the world's most notorious assassin. Things don't exactly play out as planned. At times, I almost expected the cast to break out laughing at some of the corny dialogue, but they all play it very straight. In the end, this is one terrific little thriller that deserves your attention. The Jackal's former mistress teaching the highly proper and very married Quinn to rough her up, lick blood from her face, and then go down on her, alone is worth the price of admission.",pos,Positive,pos
"I do not see what is the whole deal about this movie. Patricia Kaas sings, yes, and that makes the film charming, but singing is not enough. I mean, if you want to get all benefits of this one, go buy Patricia's CD and enjoy! The plot is simple (if to omit the ""dreams""); the main characters seem to love each other instantly, and as well instantly forget their other acquaintances. Relationships appear almost ""mandatory"", and the little ""detective story"" thrown in just makes things worse. What at first appeared to be a perfect movie ending, is first screwed up and then comes out as just a dream. I measure movies by how well I would remember them, and for this one, I already started to forget the details.",neg,negative,neg
I saw this movie a while ago and I was looking forward to it. My biggest problem was having seen the trailer I was expecting a very stylish marshal arts movie with plenty of action and maybe a bit of plot to think about along the way. I was sorely disappointed as it would seem that once you have seen the trailer there is nothing else worth watching (if what you are expecting is as described above). My girlfriend at the time gave up half way through and whilst I continued to watch in the hope that something interesting might happen... nothing did. I found no attachment or real interest in any of the characters. I would say just don't bother unless you have a few hours of your life that you don't really care about losing.,neg,negative,neg
"This is the funniest sequel I have seen in a long time it is much funnier than the other three and not a bit scary. It has some very gory pieces in the film, but not bad enough to make you sick. In this one he has a female doll companion, hence the name. If you liked the first three then you'll love this, go watch it!",pos,positive,pos
"It's difficult to criticize a movie with the title like 'Deathbed: The Bed that Eats' and involves a ghost narrator who's trapped behind a 2 way painting he drew and a bed that snores and  if I'm not mistaken, masturbates. (Now, that's getting back at its human companions!) Furthermore, it foams up (in orange, for whatever reason) to absorb edibles lying on its surface, including apples, wine, fried chicken and, of course, people. Again it's suffice to say, that don't expect too much when you see what I guess is stomach acid  the final remains of anything that orange suds takes  dissolving only certain things. It'll drink the wine, but the bottle's okay and it'll eat away at the chicken bone, but the bucket's just fine. Heck, the bed even replaces the unused containers. Hilariously, at one point it downs Pepto Bismol. I had to laugh at that one. I don't think they really wanted you to take any of this seriously. It's low budget, and it's extremely easy to see where they cut costs and saved oodles amounts of money. I thought, in a world where there can be a killer 'Lift' and a 'Blood Beach,' this 'Deathbed' might be amusing to watch. For reasons that might involve cost, 90% of the film is voice over, no one screams or shows extremely low signs of fright confusion on why a bed would attack (I can think of one  and I never was one of those kids that jumped on the bed) and you'll have to suspend your disbelief beyond belief. (A victim loses all flesh on his hands, barely saying ""ow."") Only one scene, that went on too long, was minutely tense  a woman attempts to crawl away only to be dragged back, using a sheet. Where are the MST3k guys?",neg,Positive,pos
"""Graduation Day"" is a result of the success of ""Friday the 13th."" Both of those films are about creative, bloody murders, rather than suspense. If you enjoy that type of film, I'd recommend ""Graduation Day."" If not, I wouldn't. There's nothing new here, just the same old killings. Even though I've given the film a 4 out of 10, I will say that it's not a repulsive film. It is watchable if your curious about it, just not creative.",neg,Negative,neg
"I came across this film by accident and wish I hadn't. Why make a sexually rude sequel (and some gore when a man is beheaded) of a well know children's movie. Do not take young kids to see this the title misdirects you, it has nothing to do with the original Snow White except for stealing it's characters. Better still don't bother going yourself, it's not worth it. I could not watch it all, the poor (in comparison to Disney) cartoon graphics, and no plot except on how to totally mess up a classic movie made me want to give up and leave.",neg,negative,neg
"I am surprised that this, well above average 80's comedy scores only a 5.2 from all the IMDB voters. Dan Ackroyd does his usual satirical turn as a con who seizes a great opportunity to steal a contract from his prisons physician. He retreats to California to start his work giving advice on a radio show pretending to be the infamous Dr Lawrence Baird. The only person that knows he's an imposter is the drunken priest (Walter Matthau) who comes along to be pampered by Ackroyd's new found wealth having blakmailed him. Charles Grodin throws in a good supporting performance too. For its genre I think this film deserves the same crediblity as 'Ferris Bueller' or 'Trading Places'. 7.5   10",pos,positive,pos
"The three main characters are all hopeless, and yet you only feel sorry for one of them: Ernesto, hopelessly devoted to Mercedes. This was part of the frustration: screaming at Mercedes to get a clue and ditch the no good Harry, to no avail. Then there's the satisfaction: Steve Buscemi has a great part as a transvestite, and Harvey Keitel's moving story of his indignity playing a gorilla for a cheap TV movie is incredible. When you least expect it, Quentin Tarintino is doing half a monologue, and Anthony Quinn turns Ernesto into a wealthy man. Time and again great moments appear in the story, but in the end it's hard to know what to feel about this movie. It doesn't have a happy ending, or even a complete one, but it somehow feels right. This movie is strange, but then so am I; no wonder I liked it.",pos,Positive,pos
"I just finished watching one episode(S1 #5 A boy in a bush), so maybe my review is not very fair. But based on that episode, this is a very poor version of CSI, the acting is crap. The main character, Dr whatever her name is, is so fake it actually hurts. I wouldn't cast her to do an add for dog food! The other hurtful thing is David Boreanaz of the ""Angel"" fame, a good actor, does a great job, but wasted coz of the idiotic acting of that woman. Supporting cast is OK, but all is ruined due to this stupid acting of Emily Deschanel . Very disappointing version of CSI, very sorry to see it appear on the filmography of some of the potential talents involved in it. That woman is really sh#t, at least in that episode. But based on this one view, I will not even invest watching it even if it was shown on an elevator screen.",neg,Negative,neg
"I expected this movie was originally supposed to show before the election. CBS's last shot at throwing a dig at Bush. This movie was just awful yet I'm still watching it. **Minor Spoiler** I think CBS got the same people who ""provided"" the memo's to do the semi cut in half sequence. What is with the bad boyfriend storyline? Can the acting be more contrived or the dialog more like a Ed Wood movie. Who ever came up with this script please do us a favor stop writing. If you want to see decent B grade disaster movies then see Earthquake, Flood etc. Avoid this mess of a movie. Hint to CBS avoid showing us this crap. Give us re runs of CSI instead. Better acting and more believable.",neg,Negative,neg
"This is possibly one of my favorite films. It tells the tale of a girl named Gerda (Chelsea Hobbs) who lost her mother at a very young age, so has been bought up by her father. She falls in love with the bell boy named Kai. However, on her birthday the snow queen (Bridget Fonda) comes the the hotel which her father owns and kidnaps Kai. Gurda then goes after Kai, and follows him through the four seasons in an attempt to rescue him. I thought that this was an excellent adaption of the story with great performances from all the cast. It has wonderful special effects and the story fits together very well and is easy to follow. I think that it is a great film for all the family to enjoy. I have watched it every time t has been on since it came out and have never tired of it which is why I have given it a 10!",pos,positive,pos
"Along with In the Army!, this ranks as one of Pauly Shore's best movies, if there is such a thing. While the whole West Coast meets  Midwest culture clash isn't anything new, this film proves to make the story a little more entertaining with the wild and unpredictable antics of a then fresh Shore. While the change in values probably would have gone in the other direction, the whole concept was rather entertaining. Not only was Shore's interaction with the family hilarious, it also had Carla Gugino and Tiffani  Amber Theissen (she'll always have the Amber in my book) in two ravishing and early roles. One of those films I have no problem watching when it is on TV.",pos,Positive,pos
"I thoroughly enjoyed this film when it was first released, and on each occasion I've seen it since. The political drama is effective, if not especially new or inspired. The decades since the release of the film have demonstrated that the willingness to cut costs at the expense of public safety is definitely not just something imagined by a screenwriter. However, I think the most impressive element of this film is Jack Lemmon's performance. It is absolutely astonishing to watch him at work. He has the gift to be able to communicate so much, at times without saying a word. Next time you watch this film, check out Jack's face at the times he is not saying anything. He does not need to speak (or worse yet, to mug) to let you know what's going through his mind. I am calling this a spoiler, because of the impression it made on me when I first saw the film: in Lemmon's last scene in the film, as he is lying on the floor, he feels a slight vibration. The terror in his eyes is one of the most frightening images I have seen in any film. It is perfect acting, because it conveys instantly the threat about to occur  if Jack's character is so terrified, there is certainly something awful about to happen. And it does.",pos,Positive,pos
"The final installment sees Sho Aikawa and Riki Takeuchi (looking cooler than ever in his reversible overcoat!) pitched against each other for one last battle, this time in the future. The plot owes a lot to Blade Runner, but done in Takashi Miike's low budget, frenetic, comic style. I did feel that it was the weakest of the three DOA films, and although the ending was still outrageous, it lacked the shock value of the previous two. Compared to the likes of Ichi the Killer and Visitor Q, DOA:Final is nowhere near as extreme, but is faithful to the other two films in the trilogy. That said, fans of the first two (and fans of Miike) will get a lot from this as it ties all three films together and gives a final explanation of the relationship between the two protagonists.",pos,Positive,pos
"What happened to Ava Gardner in the 1940s and Marilyn Monroe in the '50s also seemed to take place for modern day actress Michelle Pfeiffer in the '80s: Her remarkable good looks got in the way of her being taken seriously as an accomplished, superbly talented actress. Anyone looking for validation of Pfeiffer's dramatic abilities need look no further than her work in 1991's ""Frankie and Johnny"" or '92's ""Love Field"" (a personal favorite of mine); those looking to see what a splendid comedic actress she can be, when given the right part, should check out 1988's ""Married to the Mob."" In this one, she plays Angela Demarco, the widow of a recently ""iced"" Mob hit man, who moves from her garishly tacky Long Island home to start a new life for herself and her son, while being pursued by Mob boss Dean Stockwell and FBI man Matthew Modine. While this movie has lots going for it (a very amusing script; offbeat characters; sudden sharp turns to unexpected violence, as in director Jonathan Demme's previous effort ""Something Wild""; and hilarious yet menacing performances by Stockwell and Mercedes Ruehl, as his jealous wife from hell), Michelle steals the show easily. Notice how perfectly she nails Angela's undereducated, Long Island Italian accent, and the many fine mannerisms that she brings to the role to really flesh out this spunky and surprisingly bright character. Once upon a time, long ago, Oscars were handed out to actresses for comedic roles such as this one. Had this film been made 60 years ago, Michelle mighta been a contenduh...",pos,positive,pos
"An elite American military team which of course happens to include two good looking women and a guy who can't quite grasp teamwork, lots of bats, some terrorists, and a Spetznaz team that acts like the gang that can't shoot straight    all thrown together in a jumbled plot with mediocre acting. This one has nothing much going for it. The characters are not compelling. Even the setting, which has great possibilities, looks like something out of the middle of rural Pennsylvania, not an exotic Boreal forest in Eastern Europe. The bats are certainly ferocious looking. They can even pick up a man and fly with him for a few feet (harpies?) or chop off an arm. You see Delta force surrounded by hundreds of bats with a guys shooting assault rifles and pistols at them and bat flopping to the ground. It would be like trying to shoot skeet with a rifle from a distance of 3 feet. Utterly clueless. The dialogue is rancidly unrealistic, with boy girl jokes and flirts in the middle of tense parts of the mission. One of the team is blown up by a mine and the first one on the scene just stares sadly at his body, stunned, not even bothering to take cover or secure the area. In fact AFTER the rest of the group shows up he talks about how the area is laid out like a minefield    thanks for the heads up bub. If you want a contrast in how a horror movie involving a small military group can be done well on a low budget check out Outpost. Harvest is not the movie you want to see. In fact I think I'm going to give it a two instead of a three if I can make it through the second half. Seems unlikely at this point.",neg,negative,neg
"Out of 15 people I loaned this movie too.. NO One finished it.. It was so Awfully.???????? Not good... Just awful. She sits in a chair the whole movie. She's in a Closet. The Chair she's sitting is nice. I can't think of anything more to say. But 10 lines of text. To print this up. My friend Nick thinks this is a great movie.,, because,,, he can give it to his friends,, and not have to worry about THOSE calling him back. He's passed it around as a gag movie for 10 years. Which is how I got it.. Then.. I tried to get my friends to finish this extremity's awful awful piece of crap... To no aval.. no one could finish it.. Takes boredom to a whole new level. They could use this in Iraq INSTEAD OF WATER BOARDING... PLEASE SEND COPIES Guantanamo BAY CUBA. Makes great Xmas gift.",neg,negative,neg
"This movie is honestly one of the greatest movies of all time...if you suffer from insomnia. It is a fool proof way to guarantee hours of sleep at a time. As the movie slowly progresses, the audience slips into a state of unconsciousness and gradually loses sight of any sort of plot that the movie might actually contain. This effect is surely created due to the lack of sweet action sweet babes. Also, Mr. Eisenstein was obviously unable to master the art of montage. A prime example of this is the scene on the Odessa steps. For no apparent reason, an event that in real life would have taken a matter of seconds is transformed into a seven minute nightmare for any sane viewer. This editing flaw tarnishes any sort of realism in the entire film. Honestly, i've seen more realistic editing watching cartoons. Some individuals who have commented on this title have hailed Battleship Potemkin as: ""One of the greatest movies of all time"" and, ""Truly a masterpiece"". Well i'm writing this comment to persuade readers to avoid watching this film at all costs. My best guess is that my fellow Potemkin critics simply wrote the wrong words in their summaries. Surely what they meant to say was: ""One of the greatest snooze fests of all time"" and, ""Truly an epic fail"". In conclusion, don't waste your time. If you are interested in watching a movie of far superior quality, go to www.youtube.com and watch a Halo 3 montage. If i played the movie ""Battleship Potemkin"" in a game of slayer on guardian, i would shoot it in the face with my sniper rifle and then teabag its dead body. PEACE!",neg,Negative,neg
"What an utter disappointment. Forget this abysmal film and get hold of the TV series instead. What on earth were they doing making the American president relatively sane? ALL the politicians should have been bumbling buffoons (Peter Cook is good as the British PM). It lacks the biting satire of the original, going instead for ""lowest common denominator"" slapstick. 1 out of 10 if I'm being generous! This is unfortunately yet another example of a remake which totally misses the point of the original, the difference with this one being that they were both written by the same people.",neg,Negative,neg
"This movie reminded me a lot of a song by the Dead Kennedys called ""Straight A's."" However, unlike this film, the hero of the DK's song turns to suicide. You'll wish this bozo had resorted to killing himself instead of doing the crime he did. The whole thing was convoluted and in the beginning, you sympathize with the hero of the film, then he quickly betrays your sympathies. The long sequences of just showing the hero's face while he delivers a monologue drag the film down quite a bit. Avoid this if possible.",neg,Negative,neg
"I cannot believe I enjoyed this as much as I did. The anthology stories were better than par, but the linking story and its surprise ending hooked me. Alot of familiar faces will keep you asking yourself ""where I have I seen them before?"" Forget the running time listed on New Line's tape, this ain't no 103 minutes, according to my VCR timer and IMDB. Space Maggot douses the campfire in his own special way and hikes this an 8.",pos,Positive,pos
"The movie shows many feelings and emotions that are very strong and personal. The atmosphere in the movie is very tense and sad. You can really get a clear picture of what the main character is going through, and how he is responding to the world around him. I think it is a great movie, and that everybody should see it. ",pos,positive,pos
"If you want to see a film starring Stan laurel from the Laurel & Hardy comedies, this is not the film for you. Stan would not begin to find the character and rhythms of those films for another two years. If, however, you want a good travesty of the Rudolph Valentino BLOOD AND SAND, which had been made the previous year, this is the movie for you. All the stops are pulled out, both in physical comedy and on the title cards and if the movie is not held together by character, the plot of Valentino's movie is used    well sort of.",pos,Positive,pos
"I guess this is the first movie that made me aware of the term ""cult flick"". It is totally a bad movie, but I can't help it, I like this movie. Richard Boone has made better and so has Joan Van Arc, but if you are in to staying up late and watching movies that don't make you think to much this one is for you.",pos,positive,pos
"I wasn't expecting much from this film, but was eager to try something which I initially thought would primarily be an early 80s teen horror. Although three teens are somewhat critical plot, it is by no means a teen horror film. 'The Power' is about a little Aztec idol that exchanges many hands as its possessor (who must be adult and thus, 'corrupted') becomes the vessel for unleashing all of the idol's evil, and often with deadly implications for not only the victims of the possessor, but of the possessor himself. After making several exchanges in vying over control of this thing, three teenagers wind up finding it and can't figure out what it is, except that since they found it, strange and dangerous things are afoot. They offer to explain the situation to a news reporter who doesn't buy into the spiritual bologna. Although, it is her producer who wants to investigate further, especially if it means he can get control of the idol (I presume the teens are even not yet corrupted enough to feel the dangerous desires encouraged by the idol). It is a story told a thousand times, particularly in 1950s and 60s horror and science fiction fare. This one was at least, for me, able to sustain some interest. Though low budget, it was not done so obviously cheaply or loaded with bad acting as many of the low budget, come and go horror fare of the earlier decades had (nowadays, they have the same cheesy qualities, but bigger budgets). We are spare enough of it to at least allow ourselves an opportunity to become at least a little bit absorbed with the eerie atmosphere and so forth, despite a story of clichés. And, though not terribly gory, the special effects were done nicely. Again, it is routine horror tale, especially with the ending (which by modern standards has become a device that is annoyingly overused), but one that is not so embarrassingly bad. It might be worth checking out, even if just for laughs.",neg,Positive,pos
"this is an example of a movie that can have great potential and is executed very poorly.. i am a fan of kids and thumb sucker and many other so called teen angst films, but this one bugged me. why is every white kid made into a thug who loves rap, its getting to be one dimensional. the acting was awful but simple since It mainly consisted of just dropping f bomb after f bomb just a bad bad movie if you'd like to see better movies like this : thumb sucker kids bully all those i think are better so i recommend one of those is you'd like to see a good ""teen movie"" i hope my comment you found useful and hope you hear future comments from me",neg,negative,neg
"Well, i expected, for all the hype and Oscar nominations, an epic Civil war drama (& something with the ""magnitude"" of the ""English Patient"" given the same director). This film isn't of epic stature, but it turns out i was relieved it wasn't. It's a love story in the midst of the horrors of war where young men are sent off to fight, deserters are tracked and killed, and the women and children at home are left to fend for themselves while the men are gone. Anyway i thought Nicole Kidman and Rene Zelleweger were pretty decent and not knowing much about Jude Law, he was all right, also. It seems Rene Z. had the more fun part of the 3 leads and was able to smartly play a spirited, feisty downhome woman with much aplomb. Also for me it was good to see actress, Kathy Baker...someone's who's talent needs to be more recognized acknowledged. This film is worth seeing this    i'm can't articulate why really, but maybe because it is a slice of Americana.  ",pos,positive,pos
"I think vampire movies (usually) are wicked. Even if the film itself isn't all that good, I still like it 'cos its got vampires in it. But this stinks. It really does give vampire movies a bad name. For a start, the cheapness really shows. I'm not usually that bothered about low budget films   one of my favourite all time movies is El Mariachi which only cost $7000   but I hate this. The actions a load of crap as well, resorting to a 'stylish' wobbling camera which gives you headache. Theres not much more to say other than don't watch this. I bought it for £1.50 as it was an ex rental and I feel cheated out of my money, even for that low price.",neg,Negative,neg
"Could possibly be the worst film ever made. At least plan 9 From Outer Space was funny. I can't believe they talked someone into actually putting up money to make this thing. Complete waste of celluloid. Before I saw this crap I had some respect for Kristophersson. I guess somebody needed a tax write off. Please, in the name of all that which does not suck, stop whoever made this, before they suck again!This movie should be avoided by all people who are not on LSD, or my crazy cousin that insists we're part Native American.If you are in the woods, and an owl starts talking to you, see a psychiatrist. It is not necessary to make a movie about it.",neg,negative,neg
"This movie lacks in everything. Except Bobby deol, who in his own standards is mediocre, no one in this movie has come close to act in a single scene. Kangana is complete fake in her acting. The great Anupam Kher has a guest appearance and is better in those 2 minutes than bobby in the whole movie. The music does'nt compliment the movie that well. The contrast in Music between Bobby and Upen is not highlighted that well. Great concept gone completely wrong. The movie does'nt have a proper ending. Please don't waste your time as i did on this movie",neg,negative,neg
"This movie is everything a Tenacious D fans can hope for. Director Liam Lynch partnered with The ""D"" is a concoction of epic proportions. Of course you need to understand the humour and format of Tenacious D. When I saw it there wasn't too many laughs from the audience but the reason is not a lack of humour or intelligent jokes. This movie seems to have been released on to an unsuspecting public that haven't familiarised themselves with the musical duo. This movie does stay true to it's roots. For the few of you who have seen the HBO TV series and heard the album, they have not forgotten what their audience loves. Like the TV show people have noticed from the trailer the JB and KG apartment scenes and of course the open Mic nights that each Tenacious D episode would start and finish with. The soundtrack is phenomenal and each song blows you away. ...And Dave Grohl plays a fantastic Devil. This is the perfect movie for those of you looking for a hard time and a rocking musical.",pos,positive,pos
"Prince of Central Park (2000) is so utterly bad. It was a pure waste of my time and I can't believe I actually watched the whole thing. Please do not watch this movie, if it's the last thing you do!",neg,Negative,neg
"God cuts himself with a straight razor, afterwards, he gives birth to mother earth, which then gives birth through gods semen, son of earth.  This is a one and a half an hour movie that sort of depicts a dark version of how god created the world. Its surreal, dark and poetic. The most important aspect of the film to me is the visuals. Its shot in a very grainy black and white film, using both slow motion and normal shooting. Sometimes even fast film and stop motion. The scenes are long and dragged out, that sets a very weird mood. No sounds were recorded when filming (i think), sound effects were added afterwards, such as criccets, water and other ambient sounds, repeated over and over. As you might understand this movie is certainly not for the impatient person... I often felt it was similar to David Lynch's Eraserhead, only this one is even harder to understand, and even more dragged out, but that's okay for me, I like that kind of stuff. Its certainly not entertainment (at least not the Hollywood kind) so if your going to check it out, i recommend you set yourself up for it. Be open minded, and except something like the end of 2001: a space odyssey.",pos,positive,pos
"Watching John Cassavetes debut film is a strange experience, even if you've seen improvisational films before. The first thing you notice is it's roughness. Right off, it's obvious some of the characters are screwing up their lines. But then you step back from the situation, as you sink deeper into these people's intimate exchanges and you ask yourself: ""Do I ever stumble over MY words?"" The answer of course, is sure, we all do. It's unfortunate that most of the gaffes in this respect come early in the picture, because, by about twenty minutes, you've sunk so deep in you wouldn't know it if a bomb went off behind you. The next thing you notice...or maybe you notice it hours or days after the film ends, is that you never saw any substantial plot, yet the themes and the poetry of the dialog and characters never leave you. In fact, the treatment of the role race plays in the everyday lives of these characters is always there, but it's so ephemeral that even they aren't aware of how it's informing their opinions of themselves, their self consciousness, their perceived status, or the fate of their relationships. The title is appropriate because you get a full spectrum of blacks, whites, and grays...and not just in the skin pigmentation of the characters. Leila Goldoni (truly remarkable here) is an afro American Caucasian, her two brothers are white and dark afro American. The irony is that they exist in what is undoubtedly the ""hippest"" most tolerant atmosphere of the time...beat driven upper east west Manhatten...and there are still conflicts within and around themselves. I don't think I've ever seen a movie with such a subtle delivery or technique. It's a lot like absorbing a really great piece of gallery art and then just nodding off in bliss as you think back to the images it evoked days later. Great mastering and extras on the Criterion disc. Arguably the first truly experimental independent film ever made.",pos,positive,pos
"Well how can I categorise Farscape without resorting to gushing superlatives? Ok, here goes! The scripts are fantastic, with each episode offering so much entertainment, drama, humour and sheer watchability. The casting is perfect especially that of Zhaan (the blue lady) played by Virginia Hey, each character has a depth that just isn't there on the Star Trek series. I think having an Australian spin on the show makes this for me, Australia has been knocking out quality films for years and Farscape is no exception. I have only seen the first four episodes in UK order and they have a quality that makes each 45 minute show (in the UK) stand out more like a film than a weekly TV series. The episode that really does it for me is 'I, ET' which turns the alien concept around where Moya (a living ship, even the spacecraft has a great character) is forced to land on a planet that has yet to make 'First contact' and is surprisingly earth like and Crichton meets a radio telescope operator and *he* is the 'little green man' to them. Gripping stuff. In short the effects are great, the scripts are top quality and the main characters (not one of them really given any more importance than any other) are interesting, not always 'good' and well just excellent. Roll on the second season!",pos,positive,pos
"A real insult to the original ""Spoorloos"", which is one of the most genuinely disturbing films (and I intend this as a compliment!) I have seen in the last years. Where the original is chilling and brilliant, the remake is flat and even boring, especially the ""happy end"" finale takes away what little suspense there was in this film in the first place. While such a distortion (especially grafting a ""happy end"" which wasn't there previously) is quite frequently the case in ""Hollywood"" remakes of European art house movies and could've been expected, the biggest disappointment lies in the fact that this inane mess was created by the very same filmmaker who did the original ""Spoorloos""... Why Mr. Sluizer decided to ruin his masterpiece in such a fashion is beyond me. Avoid this abomination at all cost, as it might spoil the original for you even if watched *after* that, let alone the other way round...",neg,Negative,neg
"I saw The Greek Tycoon when it first came out in 1978. I found it extremely boring. I thought it was no better than a travelogue except for one thing: For the first time in my life I realized why it would be good to be rich. Seeing the scenery off Aristotle Onassis' yacht and getting my first real peek into the lifestyle of the rich and famous opened my eyes. To paraphrase Martha Stewart: It was a good thing. Funny, I don't remember the sex scene. I hadn't seen the movie since it was on the big screen and found the lovemaking session with the mistress memorable this time. Maybe because I was younger and single back then, it was no big deal.",neg,Negative,neg
"I saw this movie, and I do like horror movies. I did not know what to expect, but as soon the movie was on his way it was nice to watch it. The idea was pretty original and the acting was nice. Especially Jenna Dewan as the exciting evil Tamara. The hardest thing about horror movies, is to make a good ending. But there the movie failed. For a change, a end scene in a hospital, where suddenly all employees are gone. First you see doctors and nurses running around, but then they all went home? No cries for help while being chased by Tamara, Escaping to the roof (also a smart move...not) and off course a kind of open ending. No....the movie started great, the main part was nice to watch, but they really messed up the ending using all clichés from bad horror movies. Jeffrey Reddick failed in my eyes with this movie, after making some really quality movies like Final Destination 1 and 2. If you like a good horror full of cliché endings, Tamara is a good movie to watch. For me, I like movies which surprise me.",neg,negative,neg
"This is really a terrible film by any of the regular yardsticks. Plot, storyline, acting, effects, direction   I could go on. Suffice to say it's poor. However, it has a certain appeal. Many totally out of context sex scenes appear, it's fun looking for the Batman references. Umm   that's it. Poor really, don't bother.",neg,Negative,neg
I had to see this on the British Airways plane. It was terribly bad acting and a dumb story. Not even a kid would enjoy this. Something to switch off if possible.,neg,Negative,neg
"This was so bad I can't even review it. So I'll jot some sentences about what I witnessed, and it'll be up to you to decide.  Captain Kirk, with toupee and tubby gut, is rock climbing Yosemete's El Capitan. Spock meets him halfway riding on a floating skateboard like hovercraft. Kirk falls. Spock flies down, catches him inches before Kirk hits the ground head  first.  Later, that night, Spock, Kirk and McCoy are eating beans around a campfire. Spock likes the beans. Then, Kirk and McCoy sing ""Row Row Row Your Boat"", and want Spock to join in on the three way harmony. Spock doesn't want to sing. And later that night, he disagrees. ""But life isn't but a dream, Captain"". Should I go on?  Okay... A renegade Vulcan, who happens to be Spock's half brother, leads a revolt on a sandy planet   taking hostages. The crew of the enterprise land on the planet, and Uhura, pushing fifty five and weighing two hundred some odd pounds, lures the natives with her bare legs. But they can't trick the brother, who claims he can find God.  He kidnaps the crew and the Enterprise. They go to a planet where a big bearded apparition, claiming to be God, spits fire at Kirk, Spock, and McCoy. Spock's sibling, realizing it isn't God   but is really a form of himself   or something   joins with the apparition in order to destroy it and... sparks fly.  Then, after stuff happens too complicated to explain involving Klingons who resemble Lorenzo Lamas...  The Three Amigos   Kirk, Spock and McCoy   return to Yosemite (did I mention, Kirk was wearing a GO CLIMB A ROCK T shirt?). With Spock playing some kind of funky Vulcan guitar, they sing ""Row Row Row Your Boat"", this time all three harmonizing as the credits roll.",neg,Negative,neg
"Is it a poorly acted, cliche ridden pile of trash? Of course. Anyone who doesn't realize that when they pick up the box in the video store probably doesn't have any right judging movies in the first place. Thus, I will now rate the aspects of the film that we actually care about on a scale of 1 to 10: Violence and gore: 4    For this genre, there are very few deaths, and the gore is almost non existent. Anyone looking for a little blood should probably look elsewhere. The only redeeming quality is the fact that kids are doing these awful things, which raises the bar a little. Suspense: 1    Okay, I feel bad for anyone who gets scared by this trio of dorky looking kids. Nudity sex: 7    Lots of boobage from three different women, one of whom is the MTV vj Julie Brown. There are two sex scenes, but little is shown in them. Unintentional humor    4    There are a few good laughs with the kids trying to act scary, but all in all, it's just bad, not funny bad. Overall    4    It's not unwatchable. There are a few fun moments, and enough nudity to keep your attention for the entire movie. However, only watch this movie if you're a big fan of the 80's slasher flicks. This definitely falls on the lower end of the scale, but it's not all the way at the bottom. The real downside is the disappointing ending. It almost ruined the movie for me.",neg,Negative,neg
"ALEXANDER NEVSKY is nothing short of a grand film on a grand scale. The film opens a window to a world and culture most Americans will never become acquainted with. And much has been said and written regarding the film's thinly veiled patriotism in the face of imminent war with the German Nazis. By US standards the acting is a bit stilted. The screenplay is short on words and big on visuals and action. And while the action can become tiresome, the visuals are often stunning. Direction is incredible. On another note, fans of Ralph Bakshi animation might notice that he stole a lot of his visuals for WIZARDS directly from a copy of ALEXANDER NEVSKY.",pos,Positive,pos
"This isn't a good movie. Plain and simple. Take out the hardcore sex scenes and what you have is a mediocre plot, average acting (at best), plodding direction, and dull dialogue. Add in the grot and you've got mediocre plot, average acting, plodding direction, dull dialogue, with lashings of hardcore porn. Trouble is the porn's nothing special either. So it's not a good movie, and nor is it a good porno. It fails on both counts. They can say that women made this movie and they were intending to do this with it, and that with it, etc. But talk's cheap, the end result is what counts, and what we have here is a mediocre movie with some sex thrown in for shock value to try and con you into wasting your time watching it. One of those movies where you'd rather have the time you spent watching it back.",neg,negative,neg
"Jack Frost returns with an army of Styrofoam balls that can only be foiled by being shot with super soakers loaded with margaritas. How's that for a plot? The film hinges on such a ridiculous premise that it barely raises an eyebrow when characters are killed with BBQ tongs and are impaled by carrots. You might even say the whole movie is skating on thin ice (ba boom tish). Admittedly, there are some fantastic one liners including a remark about the Murderous Coconut Shark. Fair enough times are hard, but that does not excuse the willingness of the actors to take part in such utter tripe. For those fans hoping to see Jack Frost, be prepared to accept him as merely a phallic carrot creeping up the beach with corny voice over commentary.",neg,negative,neg
"This film is a classic seventies cop flick that for some reason has been sadly overlooked. It is basically French Connection meets Bullit. Roy Scheider plays the head of an elite group of detectives, known as the ""Seven Ups""  One of their men is discovered during an undercover op and is killed. Scheider and his team must find his killers. They become involved in a battle with the mob. The highlight of the film has to be the car chase, obviously included to cash in on the success of Bullit. However, this car chase outshines Bullitt due to its length, speed and sheer excitement.It's a breathtaking roller coaster ride that ends rather unexpectedly and spectacularly. Don't miss this little gem !!",pos,positive,pos
"Though not a huge fan, I am a Three Stooges purist. I believe that their best work, by far, was with Curly as the third Stooge and their earliest films are generally their best. That's because after a while, they began remaking their films and the gags started to get stale. Here, in 1934, they were still rather fresh (in more ways than one) and funny. Here they boys play very improbably roles  respected doctors in a hospital! The three run amok acting silly, hitting each other and scaring the pants off anyone who expects to get better. The non stop energy and freshness make this one a must see for fans. By the way, although I liked this film, I STRONGLY recommend you try to find a much lesser known short from tiny Educational Pictures. NIFTY NURSES is much like MEN IN BLACK but manages to be funnier and is about the best hospital comedy of the era  better even than Laurel & Hardy's COUNTY HOSPITAL.",pos,Positive,pos
"My wife is a mental health therapist and we watched it from beginning to end. I am the typical man and can not stand chick flicks, but this movie is unbelievable. If you want to see what it is like for someone who is going through these type of struggles, this is the movie for you. As I watched it I found myself feeling sorry for him and others like him.  ***Spoiler*** Plus the fact that all the individuals in the movie including the people in the mental institution were the actual people in real life made it that more real. A must see for someone in the mental health profession!",pos,Positive,pos
"This film is not one of those films so bad you get annoyed and mad because it seems to be so up its own arse and yet it completely not funny. It's just that there is nothing of interest in this film. There are no real jokes that make you amused, you just watch for 80 minutes, then turn it off. I bought this on very budget DVD and I'm glad because it's not worth much. This isn't even one of those films that's so bad you can watch it with friends when getting drunk high and have a good giggle. I didn't hate it like I hate some films, but it is rather boring, and not worth investing any time in. The only people who voted 10 on the votes for this film must have been connected to it somehow because I cannot imagine anyone actually liking this film other than small children passing time",neg,Negative,neg
"Conrad Phillips stars in the 1950s action adventure series   William Tell. Set in the fourteenth century during the hostile Austrian occupation of Switzerland, William Tell is a reluctant freedom fighter, battling heroically against the tyranny and oppression of the invading forces. William tell is the Swiss version of Robin Hood. Conrad Phillips plays the protagonist fantastically. It is possible that Pascal Bugnion would have had greater success in the role, but he was unavailable at the time of filming. The classic action show is made up of series of 39. The episodes are in black and white, but this does not detract from the entertainment in any way.",pos,Positive,pos
"It's along the line of comedy of errors, mistaken affection transferring from one to another, blossoms and passes onkinda cat and mouse situations Flares of passion, sparks of fire fanned and put outguessing maybe she loves, he loves or they love Circle of emotions, evolving, releasinghiding, yet not hidingwanting to let him know, wanting to let her know, let them know Good ensemble cast in spite of the seemingly confusing mix of emotions from different parties involved.  It's a refreshing charmer, casual, free and easy and rather down to earth    not Hollywood glamorous like ""Notting Hill"", but lots of human feelings, frailty, vulnerability a flowing. Yes, all revolving around an accidentally (lost &) found love letter. Kate Capshaw as the owner of the town's bookstore, with a variety of characters portrayed by Ellen DeGeneres, Tom Selleck, Blythe Danner, Tom Everett Scott, Gloria Stuart, Alice Drummond and Geraldine McEwan as the seemingly unaffected Mrs. Scattergoods. Romance is in the air, love lurking everywhere. You get to appreciate the talented Kate Capshaw. (""The Alarmist"" is another quirky little movie which is fun to watch: Capshaw has a wonderful chemistry with David Arquette, and Arquette with Stanley Tucci). ""Notting Hill"" is satisfying in its story revolving around the glittering pairing of Julia Roberts and Hugh Grant, and the wonderful support of his circle of (London) friends. ""Love Letters"" is delightful in its quirky (Loblolly) small town ness, and its story involving Kate Capshaw's centrifuged ripple effects on her friends and neighbors. Both maybe fantasies, somehow, the latter felt more attainable if it should happen to you. And if you appreciate words or poetic lines, it could be the movie for you.",pos,Positive,pos
"Very poor script and acting. I was very surprised that the director was able to convince his cast with his empty story that tells us nothing new. All is in the cliché of the ""mentor"" and the ""talented immature pupil"". The characters aren't' even interesting nor sympathetic. Artistically it is as empty and insignificant. The colours are very impersonal and light. Only the poster may be appealing. Al Pacino tries very hard to give depth to his character with no success. Too bad because the sport betting can be a really interesting subject to which many could relate. But I can't have a complete comment on this movie any way as i got out from the theatre 20 minutes before ending. Everything was so predictable that it was a waist of time...",neg,Negative,neg
"How LIVING THE DREAM managed to get into the Laemmle 5 in West Hollywood is beyond me, as it is the worst film I have ever seen in my life. I should have known when the first scene opened in gasp, Eugene, Oregon ,that this dud of a film with characters that you want to like and feel sorry for from their exclusion days from high school,but can't, as they are such losers, is so wooden and atrocious with dialog that is beyond bad. Then, cliché, the three high school losers end up in LA, and here is where the film could have been realistic if it had shown them trying to find a career in acting. But no, one works as a used car salesman, the other is a true loser in a garage call center selling magazines. Even the bastard that runs the place has more audience appeal than that dreadful actor with the horrible foreign accent. And, they fraudulently get money from an insurance scam to set up an Executive Recruitment firm with no experience, just showing ""the supposed good life"" in LA night spots with a cast of actors that are so wooden and bad, they better not have SAG cards... I could go on and on about this bad film, but I ended up walking out of the theater, which had at the start six people, and when I left four men were the only ones in the audience. I wanted to like this film, but I couldn't find one merit in the story, characters, writing, dialog, nor the actors. Whoever cast this film should retire. Amen...enough...",neg,negative,neg
"When I read the synopsis for ""Messiah"" in the television guide, I was not prepared for what was in store. The story follows DCI Metcalfe trying to solve a case of grisly murders being taken out across London. He soon realises a pattern, there is a serial killer on the loose, killing people with similar names and jobs to those of the 12 Apostles and their killings are identical to their matching Apostle. The two part series kept me right on the edge of my seat, with Metcalfe closely pursuing the killer, but always missing him within a couple of seconds and discovering the gruesome mess he has left behind of his ill fated victim. ""Messiah"" is sure to cause a great deal of controversy, but nonetheless it is the greatest piece of drama the BBC has shown in a long time.",pos,Positive,pos
"This show is pathetic. I can't even begin to imagine how anyone with an IQ greater than that of a can of split pea soup that's past its expiration date can willingly sit through this garbage for an entire half hour. It is one of those rare shows that is so mind numbingly awful in every respect you can honestly say you are less intelligent simply from watching it. I conducted a study and found that the average person loses 10 IQ points for every fifteen seconds they watch this show. That is second only to another Comedy Network abortion, Popcultured (19,863,221 IQ points per second lost) and pretty much a tie with Girls Will Be Girls. Keys to the VIP owes each and every one of us an apology. Whenever I watch this travesty of a show, I feel sad for society. How is it allowed to continue?",neg,negative,neg
"Why remake the original ""Assault""? To my mind ""Assault"" was Carpenter's true masterpiece. It had all the elements good Carpenter movies contain. External threat on a small group of individuals. People taking the challenge because they are forced to do so. Isolation! Just remember, the guns in Carpenter's original made no sound, being thus a lot more threatening than conventional devices. And now this remake. Concentrating on ""main character I""s psychology and on his relation to main character II (the evil but honorable). The anonymous threat in the Carpenter movie replaced by a rather conventional conspiracy corruption background. The ""remakers"" just didn't understand the main plot of the original. And thus produced something pretty ordinary.",neg,Negative,neg
"Wow... just... wow. There are a lot of reviews on this movie already but I wanted to add some comments of my own. I agree with most reviewers who have said this movie has terrible acting, writing, and directing   whoo boy does it ever. However, I think there is some other problems here. 1. Why is Christian belief and the allowance for extraterrestrial life mutually exclusive? The film acts as though you just can't be a Christian and also allow for the possibility? Why? They ever so briefly touch on this in the film (i.e. ""The Bible doesn't say there is aliens."" ""Well, the Bible doesn't say there isn't.), but the actual rebuttal is never answered. The Bible really doesn't say there isn't. So how about dealing with the question instead of dismissing it out of hand? Or better yet, acknowledge that this is an infinite universe we live in and if we believe in an infinite God there is the possibility that he made some other life somewhere and has his own plans for them. 2. How come the ONLY two explanations for the abductions that are valid are demons and hoax? What about sleep paralysis and night terrors which have been linked to abduction experiences? What if it's something else entirely? Too bad the film makers already have their minds made up. 3. The film makers claim that all who have had abduction experiences have had ties to the occult. That's a pretty big claim to make without any factual evidence to present. I'm not necessarily arguing that they don't, but if you're going to say something so asinine you'd better have the facts to back it up. 4. Why does the other reporter (not the Greasy Haired Blonde Guy, the other one) always have his hands in his pockets? It's hard to take someone seriously when they're constantly playing pocket pool. I WISH this had been an exploration of Christian faith and UFO phenomena, but unfortunately the film makers were too concerned with their ""Faith Message"" to care much about make a thought provoking movie. As a Christian myself, this saddens me.",neg,negative,neg
"This Norwegian film starts with a man jumping over the subway, apparently committing suicide. But the next scene shows him arriving in a lonely bus into a desert. He meets a man, and is shipped off to a mysterious city, where he starts working in an aseptic modern office as an accountant. The coworkers seem nice, if guarded, he soon meets a girlfriend, yet the city seems utterly strange, as food has no taste, alcohol doesn't make you drunk, and there's nary a children around. Is this a dream, or is he in paradise, or in hell?. While at times, the films looks as extended episode of The Twilight Zone (even at ninety minutes, the movie seems a bit long), it is quite thought provoking. The best scenes are those in which the exaggeration is minimal, as when the people engage in banal conversations about interior decoration, and recoil at discussing deeper issues. I always thought there was something inhuman in advanced capitalist societies, in the way they try to repress the basic urges of human nature. And this movie is best when it devastatingly critiques this life style. Unfortunately, the movie ends up a big long, and the director doesn't seem to know how to end it, but most for of the running time this is very much worth seeing.",pos,Positive,pos
"Peter Boyle was always a great actor and he proved it by his performance as a gun ho Bigot, making me hate him everytime he used the ""N"" word, I watched him and his big mouth and wanted to punch his lights out. ( Just think, Peter Boyle was a Monk once) (Now a supporting actor in ""Everybody Loves Raymond"") Susan Sarandon making her first debut need a bath right away and enjoyed sharing it with someone else in his own dirty water. I noticed a large Raggerty Ann Doll(creator, John Gruelle) was the only thing that Susan could actually trust and love and the doll appeared in quite a few scenes. If you really want to know about the way out 70's with drugs, free love and pipe dreams, then, enjoy the excellent direction of John G. Avildsen (""Rocky and ""The Karate Kid"") I always thought that Peter Boyle should have been blown away in the end!! This is definitely a cult classic well worth viewing and sharing with others.",pos,Positive,pos
"Totally forgettable movie but an unbelievable soundtrack: I'd give it (soundtrack)a 9 out of 10. I have the CD and the guitar work (Nils Lofgren) is superb! I saw the movie years ago and had to check IMDb to remember what it was about. I obsessed about getting the soundtrack and have since had to replace it. It ranges from blues soul ballad to a dose of gospel. All songs written, arranged, produced and performed by Nils Lofgren who is the ""other"" lead guitarist opposite Steve Van Zandt in the E Street Band. This dude can play! The vocals are handled by Nils (he can't sing very good too raspy), Bonnie Sheridan (who is a great singer) and Tom Lepson.",neg,Positive,pos
"I discovered ""The Patriot"" in a DVD store and thought it could be a real action thriller. No, it´s instead a low budget movie with a ridiculous story. It´s no doubt a cable movie and not one for the theatre. Fortunately after 90 minutes the movie stops otherwise the audience should have taken an anti virus against sleep. One thing came over: it was the nice country the film has been shot. You can really feel the American air but that´s all. I hope for Steven Seagal that he finally succeeds in a big hit. It is not a must see because I and my wife voted average 4 10.",neg,negative,neg
"*BE WARNED OF POSSIBLE SPOILERS* A friend told me to check out this series, and I'm glad I took her words for it. I read the synopsis on the DVD cover and I was immediately intrigued. The main protagonist is Muslim? No way, this is a first! It's about an FBI agent who is under deep cover to penetrate a possible sleeper cell in LA; and get this   he is a practicing Muslim. I was a little skeptical at first, half expecting some hero or the antagonist to spout maybe silly, gratuitous and mindless holier than thou fanatic drivels... let's face it, a lot of shows have been guilty of this. But then I watched the first three episodes, and I thought: Okay, this is good. It wasn't until episode four (""Scholar"") when I was well and truly impressed. I would like to commend on the great writing and also, superb performances from the actors. I just love how complex every one of these characters   they're not straight out two dimensional cardboard cutout good guys bad guys. Michael Ealy gives a wonderful and believable performance as the Muslim FBI agent Darwyn Al Sayeed, treading the fine line between being the good Muslim and being a man with flaws. Oded Fehr gives his character Farik an interesting depth   Farik is not the typical oily Middle Eastern stereotype, but simply someone who truly believes in his cause and doesn't see himself as a fanatic but a man willing to do whatever extreme measures to justify his beliefs. He's very charismatic and authoritative. But I would say that it was Alex Nesic's performance that clearly left an impression in me in ""Scholar"". His portrayal of his character's emotional struggle was amazing   torn between the softly spoken words of a Muslim scholar encouraging him to return to the non aggressive way because it is the only acceptable way in God's eye and Farik's persuasion to believe otherwise. I'm looking forward to watch more shows like this, and not some ridiculously high octane one man show series. It's clever and open minded.",pos,positive,pos
"I believe there are two angles to the story, first, it's the world satyric view, presented in an obvious Kafkaesque manner, underlining the sordid spectacle behind some of life's most common, but also pleasant, or comfortable moments and elements, which are usually enough to keep man functioning in society. Like: a good job, a good home, a good wife, a good car, and even a good mistress. Apart from this so called common bliss, there are some, who cannot help asking themselves some more uncomfortable questions, like, where they come from, or weather they can have some other form of bliss, weather there could be a reason for them being or weather there could be something they missed out on, or, even more sinister, weather there could be something the system itself is withholding from them. Second, the most interesting aspect of this film, I believe, is the fact that it attacks head on this natural compulsion to dissect the world around us, questioning it by our personal judgment, and usually condemning it because it doesn't serve us better, because it's not tailor made to suit us as a person.  The symbolism behind the train accident, I believe suggests that our own will can be overpowered by fate or some other universal greater power, even in the face of our so called power to decide when we want out. Instead the man gets to be dismissed by this greater power(let's call it THE SYSTEM, because the authors clearly avoid calling it GOD, perhaps further underlining that the SYSTEM is MAN   made and therefore can be mastered by man, unlike FATE, which is a concept closer to religion) on it's own terms, not by killing him, but by showing him that there is a place for the man who asks wants too much, suggesting maybe, that true fulfillment does not come from the outside world, but from within, and if the outside world ""decides"" to provide you with some comfort, you should learn to accept it, without questioning the fabric of every little aspect of it.  Unconfortable, but makes you reevaluate some existential questions which have become mainstream in the last century, like what can man do in a world increasingly drained of substance, a consumer driven world in which man can be interchanged without making a difference to the bigger picture, but only as long as he is of some use to the system.",pos,Positive,pos
"As other reviewers have noted, this movie is a cross between (i.e. stolen from) stories we have seen before. Specifically, this looks like Clint Eastwood in High Plains Drifter inserted into Mad Max. Remove Clint's cigar, and replace with a cigarette; remove his horse and give him a high tech motorcycle, and voilà, an updated drifter. In this movie, the ""hero"" is even more blatantly a ""Savior"" than High Plains Drifter. Now our hero has long brown hair, suffers a wound to his left side, and his entry into town is preceded by a plea for ""salvation"" by the surviving townspeople  a pretty transparent reference to a ""Second Coming."" I watched the movie on a hot, humid morning. Sleep was impossible and upon arising at 4:30 am, there was nothing else on TV. So the movie served its purpose. While unoriginal, with characters that are almost comic caricatures, the movie is still somewhat entertaining...at least at 4:30 in the morning.",neg,Negative,neg
"I have a 4yr old daughter, and before this movie she was all about the Disney princesses, now she watched this movie and all she can talk about is Princess Genevieve, and all her sisters. I definitely recommend this movie for all young girls. This movie is one of the best from the Barbie collection. It shows all the good values that any mother would love to encourage on there little girls. With the great songs and dance moves, it gets my daughter up and trying to mimic the moves. The extras are also good, one even works on how good your memory is. I would definitely have say it is a must see for kids and grown ups alike.",pos,positive,pos
"I don't understand the people here. The film is neither as good as as bad as some people say here. Except for De Kok the acting is OK. The problem with the film is mainly the script. The characters are not believable. The sex is done okay, but the psychology behind the people makes very little sense. The film doesn't look good, but what do you expect? The film was shot for very little money on video. Off course then it doesn't look as good as a normal film, duh! The one thing I do agree on is that the music is bad. Sounds like a cheap soft erotic film from the '80's. The film is not good, okay, but you have to give some credit for pulling this of without any money.",neg,Negative,neg
"many people said this was a great movie with Hoffman delivering a great performance. i went from suspended disbelief, to fidgety boredom, to almost walking out. there is no there there. Hoffman does go all out. he is committed to the performance. but sometimes him playing an affected man looks just like affected actor chewing on the scenery. no characters in the movie other than capote are much more than placeholders   nell, jack, perry, shawn, the sheriff are all one dimensional. yes the film shows the manipulative, preening, dishonest sides of capote. it shows them so many times i started to wonder why    do the filmmakers think we need to have everything spelled out? and again? and again? it refers often to capote's genius but does not show it. it shows him surrounded by fans and flatterers but never convinces us why. but my goal is not to deconstruct the film. i am sure others will have other interpretations. for me, this was a two hour movie that felt like five.",neg,negative,neg
"This is a film that left me breathless........ wanting to learn more of the Afghan history and traditions. With todays ""evil doer"" mantra clouding reality, it was inspirational to experience the beauty of the people and their beliefs. Casting was impeccable, the scenery simply marvelous. The acting was first rate and the fact that the Academy overlooked this (except it's music) is unforgivable. The script is wonderful and such and emotional journey. Provoking an ""ugly cry"" from this watcher. A film worth watching a second and third time.",pos,Positive,pos
"I looked forward to watching this film since I loved the David Lynch version. In my first attempt at watching it I fell asleep. Nothing was happening. The next night I tried to watch the rest, and again it was putting me to sleep! Nothing ever happened in this movie that could keep anyone's interest alive. The only time it got a bit more exciting was when I tried it on Fast Forward! The DVD came with a second disk which contained bonus material. Needless to say, I had no hard to go through the torture of watching more of Dune (2000). Here are the low points: The acting was bad, the plot moved in slow motion, the sets were and looked cheap, the direction was pathetic, and the CGI visual effects childish. If you want to watch Dune, save your money or rent the 1984 version.",neg,Negative,neg
"The Late Shift is a great book, I read the book several years ago, and I was transfixed at the cutthroat debauchery that went on when Johnny Carson retired and Jay Leno and Johnny Carson tried to grab his spot. When the movie came out, I snagged a VHS copy of the movie, and having reread the book recently, it's hard to say which I enjoy more, because they're quite equal in the amount of information conveyed. The two lead actors, John Michael Higgins, and Daniel Roebuck, two actors I never heard of before, and haven't heard of since, play Leno and Letterman convincingly, despite Letterman's dismissal of his portrayal as being poor. They play the parts quite well, despite a lot of people looking for an imitation of the two. I wasn't as interested in that. The story is what counts. And that brings me to Kathy Bates. Kathy Bates, playing Helen Kushnick, IS this movie. She plays this evil bitch of a character so menacingly you realize how on earth can this woman control herself, much less a national TV show. Yikes! There should be a sequel!!",pos,Positive,pos
"As long as you don't mind paying a little more attention than you normally might for other films, this is one of the best ""thrillers"" you'll ever see. The film portrays an incident that might occur in real life; nothing in it seems fictional at all, in fact. It also portrays how people might react in real life. In fact, it portrays these so well that is seems like real life. Combine that with the lack of a soundtrack, and you've almost got the best news like movie you've ever seen. Jane Fonda and Jack Lemmon are particularly good in this late seventies masterpiece, evoking concern on her end and genuine tragic pity on his end. I highly recommend it to anyone who likes thrillers.",pos,positive,pos
"A very intelligent and exciting thriller that doesn't rely on action but on situation, which is all to rare these days. I would compare this film to The Day of the Jackal, another film about the pursuit of a dangerous international criminal. The acting across the board is superlative   Aidan Quinn has a tricky double role as the vicious terrorist Carlos and as the Navy man who impersonates him. Donald Sutherland plays the amoral CIA agent who hires him. Ben Kingsley plays the Israeli officer who assists in the plan. This is a very tense and effective film, and it's remarkable considering just how little action there is in it. The first half of the film is all set up, as the Navy man prepares to impersonate Carlos. The second half is a breathless actioner, the action coming out of the characters and their situations, thus making it all the more gripping. A really tight film that shouldn't be overlooked.",pos,Positive,pos
"While the writing was terrible, the acting was atrocious, the only thing that saved this ""turd"" was the breast count, but that wasn't enough to make me watch this again. All said and done I'm actually dumber from watching this movie. This was a new low for Troma. Lloyd Kaufman starting the movie wearing a garbage bag and making fart noises should have made me realize what I was getting into. This was by far one of the worst ever put out by the Troma team. The best place to show this movie would be to invalids, sense they can't get up to change the channel. To conclude this is not a swift recommendation to watch this movie just for the breasts.",neg,negative,neg
"After watching this movie, I felt as if I had just eaten a box of stale, chewy cracker jack only to find no prize inside. This movie has real promise: porn stars in a skinemax feature! Unfortunately, someone forgot to tell the producers that WE LIKE SOME T&A IN OUR T & A FLICKS!!! Sure, we get a few quick flashes and a couple of ""bathing in the creek"" scenes. But where's the sex? How can you have four girls, ""sorority girls"" no less, in this type of movie with only one, pitiful 5 second lesbian scene? Good night, USA Up All Night provides more titillation! Look, we don't watch this type of movie for great cinematography, screenwriting or action. We want to see some kink! What a letdown.",neg,Negative,neg
"Abysmal pulp adventure exploitation in the jungle woman genre. Lousy audio thankfully obscures the dumb dialog. And it's awfully talky for a movie about people who don't speak English. There's no adventure to be found here; it's a jungle adventure with cliffhangers and one wild animal attack that happens in flashback. Three pale face dopes wander the African wilderness and encounter warring man hungry tribes of Amazons. These wild women have advanced out of the Stone Age only so far as to invent makeup, shoes, and underarm hair removal technology. Despite their desperation for ""hus bahnd,"" the ladies insist that they will fight the men and burn the weaker ones. The only thing of interest, as if there were any question, is the assortment of young women clad in animal skins cleverly designed like the bathing suits of 1951. Plenty of wrestling and bad dancing mixed with stripless 1950s stripper moves. No nudity or appreciable violence. On the other hand, you may be humming the catchy native song for days.",neg,Negative,neg
"I first saw ""The Knowledge"" during a Thames Television marathon on one of the local independent stations in Los Angeles back when it was new. I enjoyed it very much along with danger UXB. That a movie I saw once over twenty year ago should stick so well in my memory is a testament to it's originality and the quality of the performances by the cast. I looked for a DVD copy here in the U.S.A. And found none. I finally gambled and bought a UK DVD off Ebay and was delighted to find that it has no Region Code. So those of us that would like to see this little gem can get a copy.",pos,positive,pos
"The Grudge 2...Let's see. Don't get me wrong, I'm not a Japanese Horror Film or Horror or Grudge basher. I loved the first one and the Original Ju On. I feel that much more justice could have been done for this one. Aubrey only existed to fill in what needed to be 'discovered' in the ending, (which if you've already seen Ju On before this, you already know the whole movie) all it was really was a complete remake of Ju On, just more closely followed than The Grudge. Though everyone may have thought that it's coming to America was a bit interesting, it was expected as the house burning in the end of The Grudge left the 2nd hungering for a new plot.  Save your $6.50 and wait for this to come out on DVD, rent it, watch it, then decide if you want to buy it. This movie is good for a fall asleep at 2 in the morning film. But overall, I'd say a 4 out of 10. Sorry Grudge fans, it's just...They just failed at this one.",neg,negative,neg
"For weeks I had been looking forward to seeing this movie only to find myself hugely disappointed after wards. In my opinion, the only good thing 'River Queen' had going for it was the amazing scenery used as backgrounds. The story line was all over the place, Samantha's character Sarah was very difficult to understand and what on earth were all the many close ups of her face for? It brought absolutely nothing to the story if there was one at all!A better actor for the part of Boy could also have been selected, to me it sounded like he read his lines straight of the script while shooting his scenes.Overall, a real shame as it could have been such a good movie.",neg,Negative,neg
"One of my absolute favorite childhood films. The Chipmunk adventure packs incredible fun geared for young and old alike. The animation is lively and colorful and the film itself boasts some of the best songs ever put in an animated feature. Who could forget the dynamic ""Boys Girls of Rock n' Roll"", the exciting ""Diamond Dolls"", and the heartrending ""My Mother""?  This should be considered a nostalgic classic animated gem from the eighties. It's too bad they don't make them like this anymore. Most animated films today resort to violence, crude humor, or sentimental mush... except of course the folks from Pixar. BOTTOM LINE: An amazing and unforgettable adventure for all ages.",pos,Positive,pos
"In the New Year's Eve, the tuberculous sister of the Salvation Army Edit (Astrid Holm) asks her mother and her colleague Maria (Lisa Lundholm) to call David Holm (Victor Sjöström) to visit her in her deathbed. Meanwhile, the alcoholic David is telling to two other drunkards in the cemetery the legend of the Phantom Coach and his coachman: in accordance with the legend, the last sinner to die in the turn of the New Year becomes the soul collector, gathering souls in his coach. When David denies to visit Edit, his friends have an argument with him, they fight and David dies. When the coachman arrives, he recognizes his friend Georges (Tore Svennberg), who died in the end of the last year. George revisits parts of David's obnoxious life and in flashbacks, he shows how mean and selfish David was. ""Körkarlen"" is an impressive and stylish silent movie, with magnificent special effects (for a 1921 movie). The characters are very well developed; however, the story is dated and there is a weird and unexplained situation, when Sister Edit tells that she loves David Holm. Why should a enlightened woman love such a despicable man that wasted his life corrupting other people? Despite being religiously dated in the present days, it gives a beautiful message of faith and redemption in the end. My vote is nine. Title (Brazil): ""A Carroça Fantasma"" (""The Phantom Coach"")",pos,Positive,pos
"First of all, those who are faint at heart should definitely avoid this film. Even those, like me, who are desensitized to most graphically violent and sexual acts in movies should beware. I'm not telling you to steer away from the film, but be aware that what you're about to see is some disturbing material. Definitely not a pleasing film to watch, but nothing is put on screen strictly for shock value. But I must admit, when I watched the film for a second time, I had to skip to the next chapter when the ""razor blade scene"" came up.  The main character is one of the most unsympathetic sympathetic characters I can think of, but we start to better realize the humanity of her character later in the film's second act. In one scene, she stuffs broken glass in one of her student's jacket pocket after being dissatisfied with her apparently unsatisfactory performance and getting nervous when in front of a live audience. The student goes into her pocket and cries out with pain as she stares at her blood stained hand. Next to the razor blade scene, that disturbed me most. The student's mother is not much more sympathetic than she. When she gets word that her daughter won't be able to play, she talks about it like she also got also her hand injured, being one of those spoiled mothers who tries to torture her daughter into becoming an overachiever.  Though the film intrigued me and caught my interest for the most part, I felt more needed to be explained about Isabelle Huppert's character. When a woman is fascinated by sadomasochistic porno movies and engaging in that behavior herself, you want to understand the root of the problem. The movie establishes that she wants desperately to be loved. Then why the hateful attitude towards everyone? Why does she receive sexual pleasure from pain?  The acting is terrific and I liked the glossy, stylized lighting. Altogether, it's not a film I'd recommend if you're in the mood to be entertained, but as I said it's very intriguing. And I'm sure if I watched it a few more times, I'd be able to spot certain subtleties that'll shed more light on aspects of the film I didn't realize initially.  My score: 7 (out of 10)",pos,Negative,neg
"Loosely based on novels by Earl Derr Biggers, 20th Century Fox's Charlie Chan series proved an audience favorite  but when Japan attacked Pearl Harbor the studio feared audiences would turn against its Asian hero. This was a miscalculation: actor Sidney Toler took the role to ""poverty row"" Monogram Studios, where he continued to portray the character in eleven more films made between 1944 and his death in 1947. 20th Century Fox had regarded the Chan films as inexpensive ""B"" movies, but even so the studio took considerable care with them: the plots were often silly, but the pace was sharp, the dialogue witty, and the casts (which featured the likes of Bela Lugosi and Ray Milland) always expert. The result was a kindly charm which has stood the test of time. Monogram was a different matter: Chan films were ""B"" movies plain and simple. Little care was taken with scripts or cast and resulting films were flat, mediocre at best, virtually unwatchable at worst. Thanks to an adequate cast and a few interesting plot devices, THE SHANGHAI COBRA is among the best of the Monogram made Chan films  but even so it barely manages to achieve a consistent mediocrity. In this particularly entry, Chan (Sidney Toler) is called upon to investigate a murderer who kills with what appears to be a cobra like bite; at the same time, he decides to make certain that a government supply of radium tucked away in a bank vault, of all places, remains secure. Do these two seemingly unrelated plot lines come together? Well... could be! Sidney Toler is always enjoyable as Chan, but most of his Monogram performances seemed ""phoned in""  and that is as true of COBRA as it is of any Monogram Chan film. As usual, the really enjoyable performer is Mantan Mooreland. Changing times have led us to look upon Moreland's brand of comedy as demeaning to African Americans, but he was an expert actor and comic, and taken within the context of what was possible for a black actor in the 1940s his work has tremendous charm and innocence. Fans of the 20th Century Fox series are likely to find Monogram's Chan a significant disappointment and newcomers who like the Monogram films will probably consider them third rate after encountering the Fox films. Like other Monogram Chan films, THE SHANGHAI COBRA is best left to determined collectors. Four stars, and that's being generous. GFT, Amazon Reviewer",neg,Negative,neg
"I grew up in the 90s; therefore, you must understand that i witnessed firsthand the premiers of the greatest DCOMs. I was there when Brink! appeared, Zenon, Halloweentown, Johnny Tsunami, etc, These movies constitute my childhood. When these movies came on, not only myself but whoever I was watching them with would stand completely in awe for 1h30, talk about it for the week to come and catch it again the next weekend. I don't think words could express the amount of excitement Zoog Disney brought.  Even when I watch them now, the dialog doesn't seem that bad (so effective in fact, that I actually remember parts of conversations literally word per word, from movies I saw over ten years ago). The characters are believable, funny, granted a little stereotypical but that's what makes Disney's charm...  I sat my little brother down in front of the Disney channel to try and convey and make him understand my feelings for DCOMs. Enter Stuck in the Suburbs... my brother looked at me slightly puzzled, asking me if I had always been gay. I feel more disappointed and betrayed now than, what could I compare this to?, when Han Solo found out Lando sold him out to Vader...  Half the movie, and I'm not exaggerating, is flashbacks. There is no talent in these young actors (some of which are older than I am) whatsoever. The plot is ridiculous; it feels like a bunch of old rotting corporate people over at Disney sat around a table and asked themselves ""How can we seem hip to these youngsters?"" OK, maybe all the DCOMs were like that, but they at least made a little effort to not let us realize they think we're complete idiots.  And apparently this type of movie works... Stuck in the Suburbs is rated almost as much as Zenon or Airborne. How is this possible? DCOMs got even cheesier and people prefer them now? (though apparently the lack of curse words is enough to give it 10 10 for some people) Christ, it's a completely different generation.",neg,Negative,neg
"The not the best movie in the world???? That was an understatement. I personally didn't like this movie at all. Not because of the story line, not because of the graphic violence, and the nudity. The nudity didn't really need to be in it, it did nothing for the story, except maybe the girls were going through a rough time, and being naked probably messed them up even more. But one of the things in the movie that I hated.. was that it was sooooo dark. You couldn't really make out what was going on. I think if it wasn't as dark, and you could see where they were, then it might not have been so bad. All you know that its a basement somewhere. You see no house, no road, the killer in it, all you could see was half his face for about 5 seconds. I wanna see some stuff in a movie. It gets boring after 20 mins of pretty much darkness and all you see occasionally is a flashlight or a wall. Then you will hear the girl sobbing. There was nothing that really stuck out to me that was good about the movie, maybe the suspense in the first 10 mins of the film... but not the suspense of how the movie is going to end, but the suspense of.. will I get to see anything in this movie but a few naked bodies and various flashing lights. But honestly people, this was a Saw meets Blair Witch Project wannabe. Both top notch movies, and both with the correct lighting to figure out what was going on. Forget this movie if you can see.. if your a blind person.. you might wanna rent it to hear the screams if your into that sort of thing. But then again if you are blind, your probably not reading this either.. so anyway... BAD MOVIE!!!!",neg,negative,neg
"I am not a Faulkner fan (which is considered sacrilegious, especially since I grew up near the author's hometown); however, I think this is an excellent movie. On par with the quality of the movie ""To Kill a Mocking Bird"". If you haven't seen it, buy it anyway. It's well worth having in your permanent collection. TCM recently played the movie as a part of the Race on Film series. I wish they'd play it more often. Very moving. On a side note, the folks from Oxford, Mississippi, will also enjoy seeing the footage of the town square as it was back in the 1940's. The Courthouse, City Hall, etc.: They're all on screen. I never knew the movie was filmed there until I noticed the familiarity of the buildings. When I saw the arch in the front of City Hall, I began to get suspicious. Look closely at the pennants on Chick's wall: You'll see two for Ole Miss !",pos,positive,pos
"Wow, this movie is amazing. It is such an excellent film. Has some sick scenes (not nearly as sick as Terror Firmer or Citizen Toxie) some nudity, and this was the penis monster's debut on film! This has set the scene for many of Troma's movies, this is a very Tromatic film. It mixes comedy, romance, and my favorite, HORROR GORE! Not that much gore in this flick, but enough to satisfy. This is the best adaption of Shakespeare's Romeo And Juliet. Much better than any other version. THey make it so entertaining, and fun to watch. And we have Debbie Rochon...hehe...I like her. :) All I have to say is this is a great film, very funny, and Lemmy is a good host for it. The acting is good, and Kaufman directs stylishly as always. Must see for all TROMA FANS!",pos,positive,pos
"All right, there's no way to sugarcoat this. The plot was ridiculous, the premise was ridiculous, the acting was unconscionable, the effects were laughable and all of the outdoor scenes appear to have been filmed in New York's Central Park. That having been said, there was something about this movie that I couldn't walk away from. Maybe it was the atmosphere, or maybe it was the evil super vixen or the amazon wenches. Anyway I'm not one to sit on the margins and criticise without pointing out a few redeeming qualities, so here they are. A violent off shoot of the women's lib movement is portrayed in a wilderness setting (central park, of course), and all of the masochistic young men out there will be very impressed. Furthermore, some of the scenes in which certain characters lose consciousness are amusingly dramatic (you'll note that I write dramatic, rather than convincing). All I can say is that some people like B movies and I'm one of them. If you're one of them too, then give it a go. Cheers, Mr Kincaid. This is one for the ages.",neg,Positive,pos
"PRICE OF HONOR aka PRICE OF POWER is an ambitious Western melodrama, light on the action, which seeks to tell an Old West version of the JFK assassination. In 1881, the president travels to Dallas and is shot from a window while parading thru town in his carriage. Corrupt officials have carried out the murder and have a humble slave take the rap. Our hero, the earnest but bland Giuliano Gemma, aims to unravel the conspiracy. An engaging story, audacious for its subject matter, but entertaining despite the paucity of shoot em up action. The film is a 7 out of 10, despite the poor presentation of the DVD, which is overly dark with poor sound. Look for a good copy.",pos,positive,pos
"Oh yes, I admit I have made myself guilty of the crime of seeing this piece of trash. I can't say I was forced by aliens who pointed a gun at my head, tied me to a chair and made it impossible for me to close my eyes and then turned this awful excuse for a movie on. No I did it with free will. I deliberately tortured myself. Let's go through the fact here folks.   The acting is an insult to humanity.   The plot (if it exists) is ridiculous.   The character development is horrendous   The characters that appear in the movie are so clichéd you would  recognize them in your average comic book.   The editing is sloppy and unimaginative.   The camera work is low key.   The dialogue is simply the worst in cinematic history.   The directing: well let's say, I bet it wasn't Hitchcock. Then to add to these facts, there was absolutely no talent involved wath so ever. The director must be smoking crack now to forgive himself for inflicting this poison to the world.  Bottom line: Passport to Paris is one of the worst movies ever made. PERMANENT!",neg,Negative,neg
"No,no,no. That is my advice to you if you are wanting to see this film. Anthony Perkins is the one and ONLY Norman Bates,as is Janet Leigh in her role as Marion Crane. This just seems like a colorized version of Psycho,with a few mildly different touches thrown in for a more modern appeal. Vaughn is dull as ill Norman,and Viggo Mortenson's Sam Loomis seems too much the cowboy compared to the original. Please folks,do yourself some justice. Don't bother with this. One can only wonder what Mr. Alfred Hitchcock and Mr. Anthony Perkins would be thinking right now.......  * out of ****",neg,Negative,neg
"Take an utterly stupid story. Couple it with unprofessional performances, 2 bit graphics, add ultra lame comedy bits, and you get this film. I thought the original was bad, but at least that story was simple and straightforward, though idiotic. May nobody produce another in this series.",neg,Negative,neg
"This show is great for many reasons..The father and mother can communicate with their kids this day in age. Its so great to see a real family instead of some stuffy overacting family. I watched this one time and became hooked.It so great to see a black family on TV worth watching. This show left too soon but on its way out it dealt with pregnancy, sexy, drugs, bad dates,death etc .The best thing about the show was that it dealt with it in a real humorous sort of way. Great show for the family ..I cant tell you how many times I have sat up watched this show late at night sometimes and laughed my head off. Great pg 13 rated show.I loved everybit of this show.",pos,positive,pos
"After having seen this show a few times; I am thoroughly offended as a female that there are so many stupid, women out there that fall for this bullshit. Im a little more mature than some of the ""players"" in this show, but am still appalled that the whole dating game has been boiled down to a gameshow: where goofy dudes can score points on their lame ass attempts to pick up chicks. If young guys are watching this and using it as a learning manual: Don't!!!. Save yourself the effort and hire a prostitute if all you are after is a piece of ass. Maybe there are girls out there with the same mind set;but some how I don't think so.",neg,Negative,neg
I saw FAREWELL TO HARRY at the Plaza Theatre while in New York city and was quite taken. The performance of William Hall Jr. is tremendous. This is a movie for the classic movie goer. Garrett Bennett's direction reminds me of early Barry Levinson and Robert Redford's work. The movie seems to transcend the typical independent film. It has a soul and a visual power that is quite unique. I saw this with a small audience (400) who were captivated from the moment of the first credit to the last and although I wasn't out and out crying (like the lady next to me) I do have to admit I had a little watering in the eyes... ,pos,positive,pos
"This movie was sooooooo good! It was hilarious! There are so many jokes that you can just watch the movie over and over and not get tired of it. John Turturro and Tim Blake Nelson were awesome as Pete Hogwallop and Delmar! I love those guys! I love the adventures they went on, too. I definitely recommend this movie. Also, the music in this movie is terrific! I love singing along with all of the songs!",pos,positive,pos
Saw the move while in Paris in May 2006 ... I was debating between that and mission impossible...I am very glad I choose OSS 117 not only because it was funny but might as well watch a FRench movie while in France. I had a great time... would recommend it. It is important to have some understanding the French society of Today to really enjoy the humor of this movie ... cannot wait for the DVD to come out... I don't know how some of the 'jeu De mots' 'puns' would be translated in English I 'll certainly buy it when it is out! P.S. I saw on 'BRice de Nice' which is a movie starring Dujardin that all kids were talking about in France. this movie is a comedy but sillier than one can imagine...in comparing both movies I have to say that Dujardin did a good job in OSS 117.,pos,Positive,pos
"...when this movie was on. What a bore. An attempt at humor, but really not pulling it off too well. Some good ideas were cast, and the actors makeup and wardrobe were OK. I expected a lot more, unfortunately I couldn't sit through any more of it, I switched off halfway through the video, and ejected the tape, went to the rental store to get my money back...",neg,negative,neg
"The Great Dictator is a beyond excellent film. Charlie Chaplin succeeds in being both extremely funny and witty and yet at the same time provides a strong statement in his satire against fascism. The anti Nazi speech by Chaplin at the end, with its values, is one of filmdom's great moments. Throughout this movie, I sensed there was some higher form of intelligence, beyond genuinely intelligent filmmaking, at work.",pos,positive,pos
"I didn't see this movie when it originally came out, but there has been a couple songs sharing the title and the term still gets used from time to time and I figured there must be something to the flick, so I dug it up and gave a view. Now I would like the approximate hour and forty five minutes of my life back(it seemed much longer). There was nothing particularly bad about the movie, the acting was good, no large plot holes, of course there wasn't much plot to have holes in. There just wasn't a lot to the movie. There was some chemistry between the two but nothing compelling about their relationship; Nothing interesting about their story. Near the end when he attempts to chase down the train to catch his fleeing romance, neither my wife nor I wanted him to catch her. Honestly we figured they were better off with out each other and if they did get back together we really didn't care. So what's that say about this love story when even a 25 year old sappy romantic like my wife had no emotional investment in the relationship. I should have left this one in the ""missed"" category. Logan Lamech www.eloquentbooks.com LingeringPoets.html",neg,Negative,neg
"as i said in the other comment this is one of the best teen movies of all time,and one of my personal favorites. to me this movie is the second best teen movie of all time. second only to the breakfast club. the last american virgin is also maybe the most honest teen movie of all time. it's underrated,and pretty much an unknown movie to a lot of people. it comes on TBS maybe once a year,but sometimes longer. the first half of this movie is a sex comedy with a few honest scenes. then the second half is pure honest,and most of the time serious. with only a few comic scenes. in my opinion this is the best soundtrack of all time. i've never heard this many great songs in one movie before. there are 4 love songs in this movie that i think are some of the best love songs in history. the movie is about a pizza boy named gary who is a virgin. hes in high school who has a couple of best friends. his two friends are sex sarved teens. the first half of the movie is pretty much sexual misadventures. that are very funny. gary is major in love with the new girl in school. he later finds out that his best friend is going out with her. he also cheats on the side. you can feel the love gary has for this girl very much. you can feel it even more in the second half. gary's friend turns out to be a creep. but his other friend is pretty cool. the movie shows how mean people can be. you can relate to a lot of this movie. the plot sounds like your typcial teen sex comedy. but it's so much more than that. it's a very honest movie. it's also very 80ish which i love. if you love the 80's or grew up in the 80's,rent this movie. but there may be some people that don't like the 80's,but still may like this movie. i first saw this movie back in 1987 i think. it's very entertaining,and very funny. it combines very touching moments with very funny moments. it's an underrated gem! i have the movie. i love it! i give the last american virgin ***1 2 out of ****",pos,positive,pos
"I caught this movie on local t.v. at about 4:30 a.m. I didn't have expectations for it but after the opening credits I knew I was into something good. There are situations that are left for your interpretation to ""find out"" what really happened so your attention is a key factor. The whole psychological thriller situation deals a lot with character development and the way things are executed by the main character. Your sub conscience also plays an important part because through a series of events and dialogs you will be able to make a correct interpretation and generate an opinion. The technical aspects are very good. Really good in fact. Kelly Overtone is extremely sexy and she's candy for the eye although she's most of the time in her white clothes. The fear factor is almost inexistent but there's plenty of mystery and tension to dig from. I would recommend it for those who enjoy supernatural and psychological thrillers.",pos,positive,pos
"This is quite possibly one of the worst movies ever made. Everything about it  acting, directing, script, cinematography  is dreadful. The alien (a human in sparkly suit) claims to be from a nearby universe; one assumes the scriptwriter meant ""galaxy"" but didn't bother to get a dictionary to check his terms. A better title for the film would be ""It Came From the Planet of Plot Contrivances."" The plot is excessively silly and nearly nonexistent. The humans are all given magical MacGuffins that conform to a tortuous series of unlikely restrictions just to move the bare plot. Any thought to the passage of time is ignored. Now it's a couple days after meeting the alien, then BAM! all of a sudden there's only a couple hours left until zero hour. Do yourself a favor and miss this movie. You will make yourself stupider for having watched it. The ending is particularly silly, and should have been accompanied by someone going ""Ta Da!!!!"" as the scriptwriter just pulls something random out of his butt. I think the real alien plot is that this movie sucks so bad you'll get cancer watching it. If you can watch the last 10 minutes without crapping yourself (""enemies of freedom""  honestly) laughing, you're retarded.",neg,negative,neg
"Clearly, Andreas Bethmann would like to wear Jess Franco's crown whilst coveting (at least cinematically) the old workhorse's wife, Lina Romay. Romay plays a corrupt, salacious, masturbating prison warden in this modern, ambitious W.I.P. film. With some exceptions, many of Franco's films are ineptly produced and directed in a slipshod, hurried manner. Shots don't always cut together and the sound mixes can be horrific. While watching ""Angel of Death 2"" (aka ""Prison Island Massacre"") I asked myself if Bethmann is deliberately trying to replicate Franco's patent shoddiness, or is he just naturally shoddy like his mentor? Is this movie deliberately bad, which would be self defeating, or is it simply bad by neglect? After a hitchhiker is forced to give a gunpoint blowjob, her rapist fills her mouth, then fills her vagina with some drugs. Minutes later, she is hauled into a clifftop prison for reasons not explained and subjected to the leers and rough handling of staff and other inmates. As this is a WIP film, there are lesbian scenes galore and plenty of violent behavior. The gore is bloody and sadistic, too, with delights such as teeth pulling and scalping (courtesy of Olaf Ittenbach). The acting is pretty awful and the fight scenes are lame, but there is a love of sleaze in every frame and an understanding of what trash fans enjoy. Unfortunately, the flat script makes for a flat movie. So, despite numerous atrocities, hardcore sex, and a guest appearance from Jess Franco, the experience is an empty one. But isn't that what most Jess Franco movies are?",neg,negative,neg
"This movie brought together some of the old Spinal crew for another mockumentary film, this time revolving around the world of the Dog Show, how their owners prepare and train for the show before moving on to the show itself. We meet several teams as they hope to win the top prize  The Fleck's, Cookie who seems to have slept with every man ever, and Gerry who tries to cope with his wife's old escapades and the fact that he literally has two left feet. Harlan, whose dog talks to him, and enjoys ventriloquism. The Swan's who have taken far too much coffee and scream at each other. Donalan and Vanderhoof the gay couple, and Cabot and Cummings who have won the last two years. Fred Willard commentates on the show, and is very funny as always. Funny scenes include the 'Look at me!' scene, and any with Levy. Unfortunately some of the best scenes were deleted or filmed later  Willard interviewing Leslie Cabot, and the alternative epilogue with Gerry is one of the funniest things i have ever seen. If these had been included, i would give the film an extra mark. But... 7 out of 10",pos,positive,pos
"The Emperor and the Assassin (w English Subtitles) at 161 minutes is long, but the time is packed with a story that barely fits into it. Golden hued palace scenes and dusty yellow panoramas of Chinese landscapes background a true story of China's unifying King, circa 300 BCE. An intricate plot with a myriad twists and turns is played out with excellent portrayals by the cast. King Qin's simple wish for a unified Empire for his common people is fulfilled, but not without treachery, plots and counter plots and oh yes, bodies. Lots of bodies. This epic story of China's beginnings is a great way for Westerners to glimpse little known Asian history. Emperor Qin's legacies include the thousands of life size terra cotta figures which are still being excavated today. As an historical person, this film makes it clear that Emperor Qin should be regarded along with George Washington, Napoleon Bonaparte, Alexander the Great, Genghis Khan and Julius Caesar, to name a few of the world's greatest conquerors statesmen. I highly recommend seeing The Emperor and the Assassin, especially on the big screen.",pos,positive,pos
"You can't take this movie seriously.....the plot is predictable and trite, the acting often over the top, the dialog laughable; but it all adds up to great fun! Three ""career girls"" in the late 1950's find their way to the BIG city and all the evils and temptations their mothers probably warned them about: married men, alcohol, premarital sex, abortion, etc. Then there's Amanda Farrell (Joan Crawford) who did succeed professionally, but whose personal life has been sacrificed for an office with her name on the door. This movie may have been believable 50 years ago, but now it's just great campy fun! Rent buy it and enjoy.",pos,positive,pos
"please why not put this fantastic film on DVD,i have been searching just like the previous writer for years, whats the hold up, or show it on TV. its so underestimated its one of the most romantic and beautifully written books i have ever read, and believe i have read some.I seem to think it was read on radio 4, but i can't find that either. Why not try and remake it even, i promise it will be top earner, people love those sorts of stories, So please either release it and take us out of our misery or remake it,although i doubt if it could be improved upon. Has any one read gone to earth by the same author or seen the film with Jennifer Jones, this is superb, but not to the same extent may be.",pos,Positive,pos
"In one of the many Bugs Bunny Daffy Duck cartoons, Elmer Fudd is out hunting, and Daffy tries to get him to shoot Bugs. Needless to say, Bugs has his own agenda. Moreover, ""Rabbit Seasoning"" makes interesting use of word order and pronouns (warning: it just might hilariously and royally mess up your speech). I think that probably my favorite aspect of this cartoon is the costumes worn by Bugs and Daffy. One of them seems like it would have been risqué for 1952 (especially in a cartoon), but they pull it off perfectly, as they always did. All in all, this just goes to show what geniuses the people behind these cartoons were.",pos,Positive,pos
"This is the single greatest movie I have ever seen. Davey Mr. Slaussen is simultaneously: 1) Tortured about his talents (e.g., ""I can control it; I can! I shouldn't have to hiiiide it! It feeeeeeeeeels good!""); 2) Desperate to make friends, e.g., ""How's the soup? ""The soup is very good."" ""Would you like some crackers with your soup?"" ""I'd like some more crackers, please."" ""How's that?"" ""Yes, the soup is very good."" 3) Proud of his accomplishments (e.g. ""Pretty neat trick, huh?"") 4) A ladies man (e.g., ""You're so pretty. Why don't you like me?""); and 5) Sometimes, very, very angry (e.g., ""You can't get away!"") Connors should have received an academy award for best actor for this movie. I mean, who was possibly better?! Tanya Roberts rocketed to the stratosphere following her performance in TT. It's a wonder not all of the stars of this masterpiece did not go on to have brilliant careers. I highly, highly recommend this film! It's available on amazon.com. Everyone should own it. Make a night of it and have a bowl of soup while you watch.",pos,Positive,pos
"I love it! I love Pauly Shore. It seems some people don't agree. It's humor, and he's not like everyone else. The movie is great. I love the story line and most of the people in the movie. It's funny from the first time she meets him at school. I like the fact that she chooses him over the guy back home. I like that Tiffani Theissan isn't a bad girl in the end. All the secrets are let out. Only the people you want to see are left in the end. (except for those of you who don't like Pauly Shore.) Even if you don't like him, there are funny parts, and her family tortures him through most of the movie. She's country girl gone wild and needs to be heard. She finally makes it. It's got just the right amount of love and romance. I give it an 8 out of 10.",pos,Positive,pos
Nicolas Cage and Deborah Foreman provide stunning performances in this 80's tour de force! A great 80's movie akin to Fast Times at Ridgemont High! I highly recommend this movie to any child of the 80's who hasn't seen it. It's a cult classic.,pos,positive,pos
"This was on Showtime the other night, and I figured it was going to be another made for video crap fest, like ""Earth vs. the Spider"" or any of those other HBO horror shorts. Instead, I found a comedy gore classic. It was legitimately funny, and surprisingly, the acting was quite good. Even my wife, an overall horror hater, agreed and was laughing at parts. In addition, the FX were high quality. Overall, the film felt like a parody of Joy Ride Jeepers Creepers, and the 2 main characters reminded me of the pair from Shaun of the Dead. Definitely worth watching, but don't take it seriously. The End.",pos,positive,pos
"Night of the Demons is a great movie and an excellent example of how good low budget can be. Sure, much of it is fairly predictable, but somehow it's still much more enjoyable than the crap we see these days being passed off as ""Horror"". I give the gore a solid 9, and the Demons' one liners are actually funny. I'm still creeped out by ""Stop looking at me!"" The soundtrack is well done, I was surprised to hear ""Stigmata Martyr"" from Bauhaus! There is also some very nice T&A on display, as well as some hella good make up effects. The second film in the series is pretty good too, but avoid the inferior third one. Night of the Demons may be dated, dark, and low rent, but it still has a lot of potential. It's definitely worth a rental at least. Give it a chance tonight, just stay away from any old makeup! (you'll understand when you see it!)",pos,Positive,pos
"Rainy day with not much to do. We were surfing the movie network channels and found this one just starting, so we gave it a chance. The more we watched, the more we became engrossed in the story. Its the old story of working class underdog trying to make it in a sport which at the time (1913 I think) was usually played by the wealthy upper class but this movie was every bit as interesting as Seabiscuit and this is also based on a true story. The acting is believable and the casting is brilliant. AND . . . . we are NOT golfers, so please don't miss this one just because its about golf. Any individual sport would serve the plot, because it's about the people. Golf works well for this story because of the class distinction and snobbery that seem to involve some who play the game. Bottom line . . . . Its a feel good movie. It's well put together and isn't it always fun to see those who think they are better than others get taken down a peg or two.",pos,Positive,pos
You've got to be kidding. This movie sucked for the sci fi fans. I would only recommend watching this only if you think Armageddon was good.,neg,negative,neg
"Good lord. I'm going to say right off the bat, I only watched 20 minutes of this movie. As I am a hardcore Eraserhead fan, the ""what, you can't watch a wierd black and white movie with little to no dialogue?"" defense does not apply. I simply can't watch TERRIBLE weird black and white movies with little to no dialogue. This movie is what happens when you give an angsty goth child with no talent and nothing to say a camera and budget, and let him her put as much meaninglessly offensive imagery on screen as possible. It was clear from the start that this film should have been 5 minutes long (assuming it should exist at all). Shots that should last a few seconds drag on for minutes, because the director has ""I Just Love The Sound Of My Own Voice"" syndrome, and refuses to cut to another shot until the entire piece of footage has been viewed. From the moment the girl in the mask started masturbating the corpse of ""God"" (the opening scene of the film! joy!), I knew it was only a matter of time until I turned off the tape. After at least 10 minutes of a different corpse being pulled around, twitching, on a rope, by a gang of cloaked mystery men, I knew it was time to give up. Rarely do I give up on a movie. I sat through the entirety of Blair Witch 2: Book Of Shadows, albeit not happily. This did not deserve the 20 minutes I gave it. If you're an Eraserhead fan, do NOT let simple minded comparisons to said film con you into renting this piece of amateur trash. Allow me to refer you to Tetsuo: The Iron Man, for a watchable and enjoyable piece of incoherent black and white weirdness.",neg,negative,neg
"Being a fan of bad movies, I was thrilled to find a 3 pack of cr@ppy horror at Best Buy today. The set was cheap and included a terrible film called ""the Dark"" that I actually remember seeing in the theater. The remaining 2 were equally as bad. ""Creatures from the Abyss"" being probably the worst of the bunch. Since they were all bad that isn't saying much. But its stupidity, bad acting, terrible effects and retarded storyline actually made this one a lot of fun to watch. I was rolling on the floor with each new plot development. The discovery of the abandon ship, the missing crew, the realization that there was something terribly wrong!!! It was great!!! Of course, everyone's favorite scene seems to be the sex scene. OMG!! I almost lost it!!! Between that an the ""monster cam"", I have to say I enjoyed this film a lot. I am a fan of bad movies so I enjoyed it but in all fairness, I did have to give the movie a 1. IT WAS AWFUL... But if rubbish is your bag, at least rent this one... (YES the BAD pun was intentional)",neg,Positive,pos
"I can't believe they even released such a movie. The only good acting came from the water in the movie. This has to be one of worst (if not the worst) movie I have ever seen. The only scary part of the movie is the bad acting, me giving this movie a 1 is me being to kind, this movie deserve a 0. The storyline, and if you can call it the plot of the movie, seems to have been written by an high school kid. Ofcaurse you have to ask yourself if it may have been better with better actors in it. Do yourself a favor, wait for it to show on TV.  AND EVEN THEN WATCHING IT WILL BE A WAST OF TIME.",neg,negative,neg
"PLEASE?! If this is about technology and what man does to kill others and ourselves, I think I missed his entire point. Because I walked out feeling like Reggio relied on cold war era footage of space exploration, and had NOTHING new to add to the dialogue about fears of technology. Trails of 1 and 0, denoting technology and math and science    DONE that. Anyone out there see The Matrix? And motion studies of people in motion? Ever heard of Edward Muybridge? At least he uses exact clips of Muybridge's photographs of human motion studies. This film was derivative, and the score is just enough Philip Glass to sound like EVERYTHING he's done in the past 10 years... Avoid this film at ALL costs!!",neg,negative,neg
"HLOTS was an outstanding series, its what NYPD Blue will never be, on HLOTS the plots are real, the dialog is real, the Relationships are real. With HLOTS back as a movie, Tying up all the loose ends, it was good to have all the gang back together, even a few that passed away show up (wont say how) The storyline was fast paced, emotional and full of the spirit the series had week in and week out. Homicide , Life on the Streets, Network drama at Its BEST!!!! 5 STARS!!!! Thumbs UP and all That. Thanks NBC for giving us the Finally we didn't get!",pos,Positive,pos
"When you look at Mexico's best movies you will more than likely find that the Photography was performed by Gabriel Figueroa. He is recognized in the world as one of the best that have ever existed. His master control of the cameras gave an added asset to the movies he was part of. If added to his participation we add the direction of Luis Bunuel, you will never find such a pair of aces anywhere else in the world. This story, Nazarin, was written by Spain's greatest writer besides Miguel de Cervantes(Don Quijote de la Mancha). The story in itself is superb: Nazarin a priest that lives by his beliefs tries to live a very Christian life, but as always there are people that do not accept this. He wanders through many places preaching his Christianity but finding, most of the time, people that do not accept him. But besides the splendid story, it is always interesting to try to interpret the enigmatic messages that Bunuel sends us throughout the picture in scenes that make you shiver.",pos,Positive,pos
"This movie was so poorly acted. What was with Jeff Bridges accent, horrible and unbelievable. Was it supposed to be French, Scandinavian?The script was lame. To have the heroine trip over the grave of her boyfriend while running from the Jeff Bridges character...are you kidding me? How convenient that Jeff brings his dirty shovel in the house after he disposes of bodies in his lawn. Do these people just not believe in calling the cops? Okay...I'll get into the car with you, why not? DUH! Why was Bridge's daughter obsessed with making her dad have an affair, is her mother that evil or just plain dull? I did not see the original, it would be hard to make myself after seeing this movie.",neg,negative,neg
"In my opinion, National Velvet is one of the top family classic's of all time. It features Mickey Rooney as (Mi Taylor) and Elizabeth Taylor as (Velvet Brown). Velvet wins a race horse, named (Pie) in a raffle. She falls in love with it right away. With the help of Mi, an ex jockey, they train it to race in the Grand National's. After the jockey who was scheduled to race Pie backs out at the last moment, Mi convinces Velvet to take his place. This was a well put together motion picture. Fine storyline and top notch acting. The inner play between Elizabeth and Mickey was magical. This is a wonderful family picture expertly Directed by Clarence Brown. The photography is stunning. This is a movie you will enjoy for years to come. This picture is what made Elizabeth Taylor a household name. Both Mickey and Elizabeth remained close after the film. They still send post cards to each other after all these many years.  One side note. Elizabeth loved the horse ""Pie"" so much that the studio gave it to her.",pos,Positive,pos
"There were only two redeeming features about this movie; the beauty of Bucharest and its architecture, and the way they depicted the transformation from human form to wolf form. Forget about the plot or storyline from the book   they're completely absent from this movie. In fact, about the only things carried over from the book are the names of the main players. Even then you'll barely recognize the characterizations. If the film makers had made a good movie, even though unrelated to the book, I wouldn't have been so disappointed. Unfortunately, they did not. The plot and storyline are typical of low budget horror flicks, the acting is wooden, and the directorial efforts mundane. Oh yes, the way the loup garou bow to their leader is pure hoke. I suppose a nod of recognition is due for the animal handlers. The wolves were beautiful animals and well managed in their roles.",neg,negative,neg
"A stunningly beautiful Charlotte Lewis stars as a woman who is terrorized by a ghosts who torment her on the phone.Driven to the edge in terror Charlotte is forced to confront this chilling mystery in order to save her sanity and her life.I can't believe that Ruggero Deodato,the director behind ""Ultimo Mondo Cannibale"",""Cannibal Holocaust"" and ""House on the Edge of the Park"" directed this absurd piece of trash.Admittedly the music by Goblin front man Claudio Simonetti is pretty good,but the story is painfully stupid.The script by Franco Ferrini is ridiculous and it makes no sense,the acting is bad and there is absolutely no suspense.The scene in which a prospective rapist of Charlotte Lewis is killed by coins ejected from a subway telephone is more than laughable.Don't waste your time with this piece of crap.There are far better Italian horror movies out there!",neg,negative,neg
"If you're a sane person and you have seen films before then you cannot tolerate this piece of idiocity for more than 20 minutes. And if you do stay there longer then it won't be because you'd expect akshay or paresh (not govinda please!) but because you value your money too much and you want at least a short nap on the plush seating in the multiplex in return of the money they robbed you off! Its hard to believe that the director who gave us a cult film like HeraPheri can fall to such levels.. alright he's repetitive but now he's coming out of all third rate storied and expects us to laugh because he's brought in Paresh Rawal and Akshay Kumar...!No sir this ain't going to work now.. especially with this stupid script of yours!Even comedy films can have meaningful scripts (Lage Raho Munnabhai anyone?). Govinda doesn't have much to do so can't comment..Akshay Kumar was boring, Paresh Rawal cracked some of the worst joke possible.Lara Dutta had real scope for acting in this one but she fails miserably...the only high point of the film (possibly) is Tanushree's acting!But she's there only for the first 10 minutes. I don't think this film is worth any more space... (probably not even this much!). So final warning  don't watch it!",neg,negative,neg
"I picked up a DVD at the 1 discount, having no idea what it's about (but at that price I can't resist..) In brief: I was positively surprised. So much that I did quite some research. On the German DVD (part 2 of a series of 3), episodes were recombined into two 85 minute parts, and out of order. Here are my results, based on Wikipedia's episode list: ""Doomsday"" is In My Boots + The Voice (final episode).  ""War of the Machines"" is Hel & High Water (1, 2) + Pod Listener + Juggernaut Down. Well, what can I say. Underdressed girlies are of course interesting for older men. I never watched Charlie's Angels so much, so I can't compare, but the more I watched, the less I looked out for bikini tops and their fillings. Instead, the characters (both m and f) became more interesting. I can imagine feminists have their fun with this, too. All in all, maybe a guilty pleasure, but a pleasure it was :^)",pos,Positive,pos
"This is a very famous Ninja movie but it isn't a nice movie. If you want to see some ninjas and some figures, want to know some things about Ninjas see this movie. This movie only for ninja fans and who wants to make nostalgia. First 20 minutes and last 20 minutes of the movie are best. You can just see Ninja figures and fight in this scenes. Between these are below the average, nearly bad as a movie. Acting is bad. Sho (black ninja) is the best actor in this movie. Frank Nero is a good actor and charismatic but he cannot fight good. Scenario is also not good. Its so simple. Franko Nero comes near to his best , old friend from army and war. He also protects him from mafia but he is having sex ( go to bed ) with his wife and his friend knows this but don't say anything to Nero negative. Is this possible in life ? What a friendship ! Finally this movie started a genre ; Ninja movies. Also there is the ninja master Sho Kasugi but some fighting scenes are not realistic and not fast even with shoo. This film is below the average even it is a classic.",neg,negative,neg
"Jeremy Irons and Forrest Whitaker are good actors. But this movie was badly written. First of all, during the hijack scene, Irons sits too comfortably in his chair...he appears to be READING something, and rather calmly too! Perhaps the director shot the actor in between takes? Also, the violence at the hijacking was a big letdown. Slow mo, bullets flying  how his wife and daughter get killed is just not that interesting and the tension is lost. His grieving afterward wasted another 10 minutes. Then he decided to ""get revenge"" and talk to all his industry journalist friends and ambassadors (he's a journalist for the stuffy Economist rag) and lo and behold, they actually give him tips on where to find the bad guys! How do they know? But what really made me turn the movie off halfway through was when Irons finds his way into a warehouse where baddies are hanging out  BUT NOT THE BADDIES WHO KILLED HIS WIFE  and blows them away anyway. so he's just a murderer. he gets away and, well...I shut it off. I mean I couldn't figure out how his friends knew anything, and also I thought he was after the remaining 2 guys in custody who were the original hijackers. Instead he's going after their friends, I guess, or anyone who hangs out in warehouses and leaves automatic weapons laying around. The suspense was just totally conventional and the dialog was lame (""it's OK son, crying helps,"" he says to his son. Son says ""no it doesn't"" and father says ""You're right..it doesn't."")Irons takes on questionable roles  like that one dragon movie he did. He was excellent in Brideshead Revisited, which is a completely different animal than this lukewarm thriller.",neg,negative,neg
"I was a still photographer working in Europe the summer that Jim Salter shot the movie Three. I did some swell pictures for him, one of which I was told became the poster for the movie. I didn't see the film until years later. I thought it was bad. A pity, because the elements that went into it were compelling. Robie Porter's girlfriend was almast as beautiful as Rampling herself. Salter asked if I would stick around and be an extra cameraman so they wouldn't have to shoot everything twice. I said sure, but I had to return to NY, promising I'd be back. Alas, I never did get back. One of life's unsung melodies. I wish I could post the pictures I made somewhere. Rowland Scherman",neg,Negative,neg
"I watched this show until my puberty but still I found it to reflex many situations that worry us when we're teenagers although it was a family oriented show. Until the mid 90's it focused more on the young adults and their situations. That's why I loved ""Step By Step"". I mean, it offered situations for every age and unlike many shows of it's kind, it delivered expectations. Let's be honest; this wasn't an extremely funny show, no, but it had some situations that you could feel related to but only funnier. There was an extremely good charm between Patrick Duffy and Susan Sommers. Duffy rocked! Sommers was tender and actually funny. I was in love with Stacy Keegan because she was extremely sexy (loved her legs) and witty. But Sasha Mitchell stole the show with his Cody character. He was the man back in the day! Oh, the memories. Nowadays, this show wasn't been able to adequate correctly on the new generations and that's why it should be kept in the vault of memories. That's it, only memories. Thank you Step By Step for making my puberty funnier.",pos,positive,pos
"ExCUSE me, but my tongue was TOO in my cheek when we filmed this piece o' poop. As the evil sister with hair that Mommy Dearest would envy, I did my very best to channel Tim Curry in Rocky Horror. I'm sad that this did not come across... Ah well, a friend compared it to a 'rock bottom budget SHOWGIRLS' with a white hot spoon.' I'll have to be content with that.  What amazes me is no one mentioned the endless (and dull) wet T shirt contest. It is seriously the longest wet T shirt contest in cinema history. And the only one where the contestants were wearing industrial strength cotton polyester shirts that defied all efforts to get them wet and translucent.  And didn't anyone catch the director's cameo as the dude on the payphone interrupted by our hero? With the line 'are we filming yet?"" clearly audible? Jeez, this is bad movie heaven for REAL aficionados...",neg,Negative,neg
"That's a bad, raunchy, predictable, tacky, salacious soap opera? ""The Best of Everything"" is just such a guilty pleasure for me, something along the lines of ""Valley of the Dolls"". I mean, ""Best"" has everything. Somebody gets pregnant out of wedlock (when's the last time you heard THAT phrase?), there are affairs everywhere, drinking, backstabbing, jealousy, and even a tragic but not altogether unexpected death. Caroline Bender (Hope Lange) and Mike Rice (the delicious Stephen Boyd) are the centerpieces of the goings on. Their chemistry is immediate and is the glue that keeps this film from becoming too fragmented. Suzy Parker, the off the chart gorgeous ex fashion model, appears as Gregg Adams, an aspiring stage actress, a role that, according to any biography I've ever read about her, was apparently not much of a stretch. But Parker does a surprisingly credible job here, more than holding her own in a couple of scenes opposite Louis Jourdan who plays David Savage. Jourdan probably took this role for the money and the special screen credit because he was clearly headed down the aging star has been road. Diane Baker is fine as naive, gullible April Morrison, Martha Hyer as Barbara Lemont has a particularly juicy storyline, and film legend Joan Crawford chews her usual serving of scenery as Amanda Farrow, another role, like Jourdan's Savage, that Crawford likely took for the paycheck. There is some obviously dated dialog and plot devices (this IS 1959), and the predictability of the soap opera genre. But if you like a good soap as I do, ""The Best of Everything"" will more than satisfy you.",pos,Positive,pos
"My wife and I watched this after DVR'ing it off of Encore action this past week. It has to be the worst horror flick either of us had ever seen. Predictable dialogue ( my wife and I were guessing the lines before they were spoken), hokey special effects, a screenplay that drifted all over the place. I think the part that was the most annoying was the stereotyping of the various characters in the plot, not to mention the gratuitous sex scene between two of the young heroines in the movie, neither of which had any real purpose other than to bare certain parts of their anatomy for the cameras. This movie should be categorized as comedy, not horror as the villains of the movie (spiders) were stop motion animated and not believable in the least. I can't say that I would have done a better job making a film myself, but it was very amateurish and wasn't even a ""B"" movie, somewhere closer to a ""d"" movie, or ""f"" if that is possible. I think even Science Fiction 3000 would have to pass on this one!",neg,Negative,neg
"This show is sheer entertainment and doesn't try to be a Greek drama. It certainly contains elements of one what with all the plot twists, but it's immensely engaging and fun. Las Vegas is the perfect setting for a show and they will certainly never have a lack of material to work with! Anything and Everything DOES happen there! The actors in this show are extremely personable and you really do want to see what they are up to and into each week. The show is also very funny. The humor arises from the characters and situations. Not just thrown in gratuitously. It's a well crafted show in that regard. It certainly makes me look forward to Friday nights and I'm glad I now own the first two seasons on DVD!",pos,Positive,pos
"The game was made in 1996, but it is still good today. the graphics is not that hot and the actors are not oscar worthy but the plot is twisted, diabolic and highly enjoyable. The dark story is compelling from the first film and is continuing throughout all the play. We played several people together for several reasons: 1) to use all our minds together. 2) not to be so afraid. Play this game and you won't regret this, just don't try to find a quake engine in there.",pos,positive,pos
"This movie's one redeemable quality (besides Ator's barely there loincloth) is the hilarious acting on the part of the bad guy, Zor. This wonderfully overplayed villain has a certain...oh, Shakespearean presence that made this movie bearable (hence the 2). I just giggled every time he pirouetted, lifting an incredulous eyebrow to henchman or hero. A true example of someone not getting paid enough. (And that BEARD!) Now really, what was with the 12 minute hang glider scene? Really, really, really bad. I can't emphasize that point enough. So, seriously, if you even deign to see this movie, watch the Mystery Science Theater 3000 version. With those dear silhouettes has many a horrendous movie been tolerated.",neg,Negative,neg
"I watched Cheats a few years ago with my friend. He hyped it up as a great funny film that is one of the best comedies ever. I think he was on crack or something. I just recently learned that this film was not released into theatres, I can understand why perfectly. THe basic plot involves a group of guys who cheat on pretty much all of their assignments in school to get good grades. That is the main problem of this film is that the morals are all bad. There are other teen comedy films where students do bad things but it is most often stuff that does not take place at school. So I think that the concept of having a whole movie that basically has kids cheating on everything is pretty bad. I did not like the characters in this film either. The main character guy is a completely smug arrogant idiot who is not a good protagonist. Actually I am not sure if you could say that there is a protagonist due to the fact that they all are cheating at school which is wrong. THe other supporting characters were not funny at all and basically the cast blows in this film. This film has a bad message and even worse acting and characters. There are other teen films that are way better than this film. So you do not have to see this one and that is a good thing because I do not recommend this film at all.",neg,negative,neg
"I just saw this on cable. I liked it. It held my interest and the dramatic choices were good. The old couple were very good and good at being subtly creepy. The cinematography is not so great, but the shabby video also adds to the sense of realism, so its a trade off, you know? At times the girl would hit the New England accent to hard. The accent would sort of come and go. Anyway, I thought the film was well done overall, though. The storyline was strong and dramatic tension was held because you felt their was some subtle mystery going on, even though things seemed mundane. Good job on a low budget. Another good SUNY Purchase filmmaker. Way to go.",pos,Positive,pos
"The movie Night Crossing captures the feelings experienced by the vast majority of East Germans during the period 1961 89. I lived in West Berlin during most of 1967 and travelled through The Wall into East Berlin on a weekly basis. Why? Excitement, crossing a border into a Soviet governed country, experiencing the smells and the feel of East Germany, which is why Night Crossing is excellent, it captures that very feeling, and it is exciting. I was arrested by the Vopos in Checkpoint Charlie and accosted by a man in his leather coat and dark glasses I am led to believe was Stasi. When I watch the movie I can smell cheap diesel and cooking oil, I can see the outdated vehicles, the drab clothing the public wore and the lacklustre produce in shop windows. It brings back memories of realising just how lucky I was to live in a free country. In 1988, I toured the DDR from East to West, North to South. East Germany had changed little since 1967. The Trabants, constantly breaking down, were still the main mode of private motorised transport, the shops still featured nothing much to tempt me, uniforms were still commonplace, but the people, the ordinary people were open and nice once you had gained their trust. Watch Night Crossing, it's as close to the truth as any movie you will see on divided Germany, even closer than two other favourites The Spy Who Came In From The Cold and Funeral In Berlin.",pos,Positive,pos
"I thought that i wrote a comment on this movie before, but i can't find it on here. anyway, i am writing it again. I accidentally found this movie from my college's library collections. It was free to watch, so why not. I am certainly glad that I watched it. I love this movie. I have seen a few Russian movies before, most of them have serious topics. I am surprised that this was one a good comedy. I had a great laugh while watching it. and this is a movie that i want to buy. this thing is so funny. and they are not just silly funny, those plots were very original, and well thought, so they don't seem to be silly at all. I am surprised that this movie didn't attract many viewers. This is a classic that you can watch it over and over. those actors were also very authentic, their acting are real, not faked. if you haven't watched it, go get a copy soon! definitely recommended.",pos,positive,pos
"I loved this movie when I was a kid. I saw it theatrically. Randy Edelman did a good composition of the soundtrack. David Seville is the Chipmunks' father and recording manager. The Chipmunks consist of Alvin, who is best known for playing the harmonica, Simon, who is a bright and studious chipmunk & Theodore, who is the youngest and is always hungry. There is a lady known as Miss Miller, who looks after the chipmunks and has 3 daughters known as Brittany, Jeanette & Eleanor, who all have the same character as the Chipmunks. My favourite songs from this soundtrack include ""Diamond Dolls"", The Girls of Rock & Roll"", & the touching ""My Mother"". Alvin really wanted to see Europe when Dave had to go there for business. The Chipmunks meet the Chipettes playing the Around the World in 30 days video game which led them to race each other doing the real thing.",pos,positive,pos
"Focus is an engaging story told in urban, WWII era setting. William Macy portrays everyman who is taken out of his personal circumstances and challenged with decisions testing his values affecting the community. Laura Dern, Macy and David Paymer give good performances, so also the good supporting ensemble.",pos,positive,pos
"I stumbled upon this movie whilst flipping channels on the teevee late one night. It has continued to hold my interest some twenty years later, because of the important real life lesson it teaches us about the dark side of human nature. And although it tells a true story that takes place in WWII, it is amazingly apropos to the ugly things happening in Europe today. If you thought ""ethnic cleansing"" as it's called today, has anything to do with race or ethnicity, you'll think differently after viewing this story. I guess I'd been pretty naive in thinking that evil follows any prescribed set of rules. Evil is as evil does. This movie teaches a valuable lesson, and I recommend it especially to e.g. church groups or civil rights organizations. I don't expect it will be too easy to find and rent, but I'd really like to see it again, because there is one amazing scene in it which gives a totally unintentional yet interesting glimpse of the banal intricacies of ""race expertise"". In this scene, the protaganist, who was taken prisoner by the Nazis at the beginning of the war, is ""discovered"" by an SS race authority, and ushered into a room. There the two play a sort of guessing game, where the SS officer is able to determine where our hero (Anthony Quinn's character) came from    and where his ancestors came from. Well ""come to find out"" that Quinn's character isn't a member of an ""inferior"" race after all, but to the contrary, he's a perfect, archtypical Aryan! Which doesn't mean a whole lot to Quinn's character, who is more interested in talking about the towns, rivers and mountain ranges that the SS guy had just been naming... Nevertheless, being a perfect Aryan archetype has its perks. Among other things, he gets to leave his job in a slave labor factory where he wears striped rags, and into a slave modeling job where he gets to wear tailored Nazi uniforms. Yeah, it's a better gig for sure for a guy who always did appreciate wearing nice clothes... until the Allied armies arrive, and recognize his face from magazine covers. ",pos,Positive,pos
"A bare faced rip off of Se7en and not fit to clean its shoes. The word 'predictable' must have invented for just such an occasion as this. Lambert is wooden, as always (his moments of 'emotion' are laughable, as is his accent). The 'climax' is not that at all as we've had so many signals, and by the end we're simply immune to flesh, rotting and otherwise. Altogether a real mess.",neg,negative,neg
"For all viewers out there who have slammed John Waters for creating a film like Pink Flamingos, just stop. It's getting you nowhere. Has anyone ever cared to stop and think about the ambition and dedication Mr.Waters possesses. To gather your best friends up and to create a movie just to gross out thousands of viewers all over shows this man has a great deal of ambition inside himself. Just read his biography Shock Value. It discusses the lengths he went through to get this film finished. Maybe it wasn't just the fact that John made this film to gross people out, it was to prove that there can be something such as good bad taste>",pos,Positive,pos
"""In the sweltering summer of 1958, the Deuces, a gang of Brooklyn toughs, find their turf threatened when the leader of a rival gang, the Vipers, is released from prison. Leon (Stephen Dorff), the Deuces' leader, tries to guide his boys through bloody brawls to keep the Vipers out. But when his brother (Brad Renfro) falls into a sultry   and dangerous   relationship with Annie (Fairuza Balk), the sister of a Viper, and his own girlfriend is brutally attacked, Leon and his gang are plunged into an all out war to save his brother, his girl   and his neighborhood!"" according to the DVD sleeve description. This is definitely no ""Basketball Diaries"". Think of it as ""West Side Story"" getting hit over the head with baseball bats and steel pipes, stickball having left Brooklyn with the Dodgers. ""Deuces Wild"" has some cool Hollywood sets, 1950s cars and soundtrack songs; and, much of it is nicely photographed by John A. Alonzo. The story and direction never get beyond these strengths, which enables the film to peak during its opening minutes, and proceed downhill. The cast looks good when you read the credits, but translates into an ageing, flabby mess of phony pompadours, blood, and Brylcreem and one fright wig. A sense of sadness and regret permeates the production. *** Deuces Wild (5 3 02) Scott Kalvert ~ Stephen Dorff, Brad Renfro, Fairuza Balk, Frankie Muniz",neg,negative,neg
"And one of 'em are bad movies. The title, as it turns out, refers to a killer of the human male variety, not fish. This is not the Dante directed ""Piranha"" of '78 (which did have the fish) and is also known as ""Piranha, Piranha."" A trio of photographers, 2 men and a woman, hook up with a local hunter trapper named Caribe somewhere in the Amazon jungle. Unfortunately, they are not familiar with the film resume of William Smith, who plays Caribe; otherwise, they would have known immediately he is the villain of the piece. Smith may have also refused to film the ending or cut out before they finished filming (see end of this comment). As mentioned elsewhere, this pic has a lot of filler   lengthy shots of the local wildlife (birds)   and the central set piece, a motorcycle race, which goes on too long. The reason this gets a second star from me is, of course, William Smith, who can't really save this sludge, but once again proves why he was the 'go to' guy 30 35 years ago if you needed a really nasty villain; at his best, Smith could be really terrifying. He's the type who enjoys killing, possibly in sadistic fashion, and you get that sense from the evil grin he usually puts on when a mood strikes him. Physically, he's very imposing, and you know the other 3 characters are pretty much doomed within the first half hour. This was what Smith brought to most of his roles; it seems hopeless for the other characters against this manlike monster. Unfortunately, the movie continues to muddy things up to the very end, as if a minute of footage was lost   a confusing, incomplete climax.",neg,Negative,neg
"28 years before 9 11, there was another 9 11 which represented a key date in the history of Chile, South America and the whole world. This was the date in 1973 when a bloody coup in Chile deposed Salvador Allende the first Marxist president elected democratically anywhere in the world and put an end to the Chilean experiment of a democratic transition from capitalism to socialism. Allende committed suicide when the armed forces attacked the presidential palace. Unfortunately this film is too biased and too nostalgic towards the time of Allende's rule to be an objective rendition of the man and of his place in history. The times were troubled and Allende was a disputed figure in the history of his country and of the whole world. True, he was democratically elected, but his policies plunged Chile into economic crisis. He was deposed by a coup and a right wing dictatorship followed with repression and flagrant human rights abuses, but he was also an ally of Castro who saw in his policies another way of making revolution. We'll never know if his tentative to build a socialist yet democratic society would have succeeded. The authors of the movie take a completely pro Allende position, there is no opinion or point of view trying to explain the other side, to answer questions like why did the middle class oppose him, or how his democratic views could go together with supporting or being supported by Castro. The tone of the commentaries is nostalgic and apologetic, almost propagandistic. People who want to get a better understanding of this episode of the history need to wait for a more balanced and objective film or book in the future.",neg,Negative,neg
"Wow, this movie is bad. Think ""Flashdance"" with ninjas. The worst part is when a sword is supposed to be floating in midair, but you can see the strings. Or maybe the worst part is the gigantic eye patch (that looks like a coaster) that the good ninja wears. Actually, there are so many bad parts, I can't make up my mind which is the worst. I can't believe anyone actually put up the money to have this thing made. The only redeeming value is that it is good to laugh at.",neg,negative,neg
"While its not the masterpiece that ""Le Samourai"" was (I've accepted by now that Jean Pierre Melville was never able to top that classic), I find ""Le Cercle Rouge"" to be much better than ""Bob le flambeur"". I felt that ""Bob le flambeur"" was an above average and influential b film, but still a b film. ""Le Cercle Rouge"" proves that as a filmmaker Melville improved as he continued. John Woo is a massive fan of Melville, even though their film making style differs. While Woo uses fast motion for shootouts and an operatic sense of violence, Melville has a minimalist style that suits him very well. He wasn't interested in creating quickly paced action films but more meditative crime thrillers. In that department, he was one of the best. ""Le Samourai"" is still his best work, mainly because it has more character development than this, but on a technical level they're probably equal. Besides, while ""Le Samourai"" had one great lead performance, this has four. Alain Delon is once again an ultra cool gangster on the prowl   this man's silence is fascinating. Bourvil is superb as the police inspector on the case of the heist and escaped con. He steals every scene he is in, and proves that he was a skilled dramatic actor (in France he is best known as a slapstick comedian in the mode of Buster Keaton). Yves Montand is great also as the shaky and paranoid gun expert. Gian Maria Volontè (a regular in spaghetti westerns) is overshadowed by his three co stars but still does an adequate job. Once again, Melville's direction is superb. Taking equal influence from both American crime thrillers and the French new wave, the man always seems to know the best shots and angles to choose. This is more slowly paced than most caper flicks, but it really pays off by the end. ""Le Cercle Rouge"" is a bit short of being an absolute classic, but is still one of the best heist flicks ever made. Tarantino must've seen this before making ""Reservoir Dogs"". (8 10)",pos,positive,pos
"There are worse ways to spend an evening than watching this movie, although it IS a tad predictable. Drew Barrymore does a very good job of being the outcast nerd in this film   excellent casting choice. What I found a bit hard to believe is that the popular girls finally accept her   in my experience that crowd has a longer memory than that, and knowing how AWFUL Drew's character was (ostrich feathers?) at the start of the school year would have kept them miles away, regardless of what rumors her brother drums up. (And does ""Kole Slaw Food"" really make HIM all that popular? I doubt it). As for rooting for Drew's character to win big as a reporter   well, I would have hoped she could have come up with a story long before the prom. A bit contrived. Having said all that, it was a cutsie piece of fluff that will be entertaining as long as you don't expect too much.",pos,Positive,pos
"I forsee many students now signing up for student exchange to Barcelona and being disappointed when they don't have quite such an exciting time. The movie was enjoyable. It's of course always a pleasure to see Audrey Tatou. However, I have a very strong issue with part of the movie. The lesbian roommate tells Xavier that women like to be physically dominated (which I take issue with) and shows him some sort of butt grabbing move that's guaranteed to get a woman. Xavier then tries out the butt grab on a shy married friend   who starts out saying ""no no"" ""I'm married, I'm married"" but then somehow succumbs to the butt grab?? All of a sudden she's moaning ""yes yes"" and they're going at it on the benches in Parc Guell. I found this really really offensive. Furthermore it is very stereotyped. How often have we seen scenes where the woman says ""no"" but obviously doesn't mean it? No means no. Grabbing butts physical domination isn't going to make it right. It just totally supported the stereotypical rape myths. I wasn't even sure how to read the next scene where he gloats to the lesbian about how it worked and how next time he was just going to demand ""suck it, slut"" (or something like that). Did he really think forcing himself onto a woman with no respect for her feelings was the way to go? This section really ruined the movie for me.",pos,negative,neg
"It was easy to dismiss this film as hyperbole at the time of its release. Fonda, Douglas and Lemmon were known ""lefties"", but the accident at Three Mle Island provided shocking context to this fictional drama. This film works on many levels, taking shots at both public utilities and TV news. 1979 was the zenith of the infamous ""Happy Talk"" format of TV news (see also ""Ron Burgundy"") and it's on display here in all its glory. The sonorous anchor grimly reads a story about a ""grinding head on collision"" before cheerfully introducing Kimberley Wells (Fonda), doing a story about a veterinarian who makes house (or is that ""aquarium?"") calls. The show's producer and the station manager argue about content   or lack thereof   behind the scenes. There are a few technical errors. The PR flack (James Hampton) shows Fonda and Douglas the requisite scale model of a pressurized water reactor plant, built by Westinghouse. Later, as Lemmon and Wilford Brimley (nicely playing Lemmon's friend colleague, caught between duty and loyalty) fight a sudden crisis in the plant' s control room, they're obviously running a boiling water plant (built by GE.) A small point, but curious, considering how many details the screenwriters got right. Like any good drama, the film asks more questions than it answers. The real world accident at TMI proves the film's basic premise. The working title for the film was originally ""Power"", and you'll see why. As nuclear power prepares to make a comeback in these days of $3 gas, ""The China Syndrome"" is as relevant today as it was over 25 years ago.",pos,Positive,pos
"If this movie were in production today it would probably have the christian right wingers screaming 'child porn'. It is far from a great film, in fact it is rather pedestrian. However, if you have an imagination and a fond remembrance of youth and first love I recommend it.",neg,Positive,pos
"trying hard to fit into the scary space comedy genre, this film falls down in two of these. It does indeed take place in space   but it is neither funny or scary. The plot is dismal and the one joke, concerning the computer's intellect, is overplayed to death. Saying that Paul Whitthorne as Ethan, Angela Bassett as Fran and Brad Dourif as Al Bert make the best of their ham script. The homo esque relationship between Ethan and Al Bert is hinted at but never explored whilst the attempt at sexual tension betwen fran and rick is so crude as to be laughable. All in all this is a turkey that is best suited to late night tv, preferably whilst do the ironing.",neg,Negative,neg
"Basically, this was obviously designed to be promotional material for the movie produced by the same horrible director, which happens to be even worse than this documentary and absolutely the worst movie I've ever seen, so avoid it at all costs. As for this documentary, it's entertaining; entertaining and blatantly misleading! Most of the ""historical"" looking footage is most likely just that, historical footage from completely unrelated events that were sadly cut and pasted into this documentary to make it more dramatic than it would have ever been otherwise. There's no doubt that Waverly is a pretty interesting place with plenty of it's own fascinating history, but manufacturing a documentary to market the locale and the related production is, for lack of better words, appallingly useless. And yes, I've lived in Kentucky my whole life, and I have visited the location numerous times. Waverly Hills deserves respect; and there's nothing respectful about this lame documentary.",neg,negative,neg
"Before I continue forth with the new millennium, I will go back in time once more because I had completely forgotten about these gems!!!!! In 1987, Disney, while still a ""low"" company in the 80s, was able to start a series of films on television called ""Not Quite Human,"" about a geeky teenager who, like in ""Inspector Gadget,"" looks like a human but is really a robot!!!!! Now this SCREAMS 80S, along with other films like ""Tron"" and ""Honey, I Shrunk The Kids"" because it combines everything of yesteryear with the technologies of tomorrow!!!!! My parents remember seeing this on the TV back then, back when I was just born or something. However, my very first encounter with this film was on the Old Disney Channel (one time, I've seen this, and the other parts, on my 12th B'day in May of '99!!!!!) ""Not Quite Human"" is a very good series of films to watch, if you can ever find these movies again.  Has this been shown recently? If so, give me an e mail or personal message. 10 10",pos,Positive,pos
"This derivative erotic thriller remains watchable most of the way, mainly because a viewer is casually curious about how it will turn out, and because the director, Peter Hall, manages to stage a pretty hot (and quite bold) sex scene. But the finale, though unexpected, is preposterous, and the whole plotting (complete with childhood traumas and multiple personality disorders) reveals itself to be unbearably cliched, especially as far as motivation is concerned. (*1 2)",neg,Negative,neg
"This film, with only two characters, takes you closer to these two people, the interrogator and the prisoner, than most films take you to any character, however well crafted. The sheer confusion, terror and pain which Madeleine Stowe's character undergoes is deeply disturbing, as is Alan Rickman's sadistic yet charming interrogator. This film is all too possible, and builds to a shocking climax, the effect of the film as a whole leaving you sitting in silence at the end. It'll haunt you for a long time.",pos,Positive,pos
"My Wife and Kids was billed as the 00s very own Cosby show  but unlike the latter, it was unfunny and unwatchable. In fact, it is so poorly written and some of the jokes revolve around Michael mickey taking Michael Jr's dumbness and the fact that he is such a loser  which got more and more tedious and annoying as the show went on. What was supposed to have been a promising hit, eventually turned into a dumb, silly show later on where the ideas became so OTT and ridiculous. And as for the second Claire, i ended up disliking this character so much: she became a spoilt, childish and moaning teenage brat, in most of the later episodes. MWAK was no Cosby show trend setter, rather it was just a poor black sitcom by general standards.",neg,Negative,neg
"""Traffik 1989"" is an Emmy award winning six part miniseries out of the UK which was the inspiration for the Oscar winning ""Traffic 2000"". The five hour film breaks down the opium heroine trade for the viewer from the handcasting of poppy seeds in an Afghanistan field to the ""head rush"" of a mainlining junkie in a flat in England. Not only does ""Traffik"" offer entertainment value through interleaved dramatic stories it also provides an overview of the international drug trade at all levels answering the who, where, how, and why questions of the age old and unstoppable narcotic supply demand machine. Synergistically entertaining and educational, ""Traffik"" will prove to be time well spent for teens and up. (A)",pos,Positive,pos
"I don't think this movie had the effect on me that was intended: seeing American soldiers shooting wounded soldiers from the other side, and punching wounded prisoners in their wounds to torture them into making them talk made me root for the other side. It certainly made the US forces look anything like ""the good guys"". Was this supposed to be acceptable?",neg,Negative,neg
"'Blade' would be an extremely above average comic book, vampire hunter action horror if it weren't for two minor flaws. #1 I loved seeing the all but invincible Blade Snipes do his slicing and dicing, but the whole ""Yes!"" fist punch was literally a letdown. #2 Bad, no make that horrible, CGI  even for 1998 standards. This is mainly in the last third, but some sprinkled throughout. Okay, despite those minor infractions, I really enjoyed this movie. All actors did a suburb job and the fact that this now looks like yet another 'Matrix' rip off is hilarious considering this came out one year prior. So maybe 'The Matrix' copied 'Blade.' At any rate, it's a very movie for multiple genre loving audiences: Comic Book geeks, action fanatics and horror vampire lovers. So, we have Blade, half man half vampire, or ""day walker"" and his accomplish, Whisler (a la ""Batman and Alfred"") battling the undead who, apparently almost out number humans. Who knew? In a rare act of humanity (Blade's more of an antihero) our sword ninja vamp rescues a newly infected (coincidentally) blood specialist doctor. Meanwhile, trouble brews amongst the vampires as one wants (you guessed it) supreme power and needs Blade somehow to obtain it. It's not the most original concept, if you read what I just wrote, but still highly enjoyable. You will want to see Blade succeed, you will root for him despite his imperfections and mannerisms. And you will know what's coming as this is the typical act 1 2 3 of a comic book introduction movie. Still, watch this without trying to go too deep. Such as Vampire SPF 1000 ""suntan lotion""? Really? What about the scalp? Wouldn't that still burn? Just like the money they burn for weapons? Uh, okay, I am going too deep. Once again, sit back and enjoy the techno charged fun ride.",pos,Positive,pos
"Katharine Hepburn as a mountain woman who mixes prayer with positive thinking  and is thought by the local folk to be a witch. Kate works overly hard trying to convince us she's a backwoods hick (named Trigger Hicks!), but you can see she doesn't even believe in this unintentionally comical scenario. Constantly smiling Robert Young plays a foreman working on the construction of a mountain dam who becomes Trigger's first crush...but alas, he's married! No amount of white magic can resuscitate this formula, based on a play and brought to the screen by R.K.O. with too broad a hillbilly flourish. It is ungodly, and just about unwatchable. *1 2 from ****",neg,Negative,neg
"I would probably want to give this movie a zero if not for the climax, which involves not really Snakes on a Train, but rather Train IN a Snake. The premise was cooked up far more than likely over the course of a night of beers after hearing about Snakes on a Plane in production (this, in fact, was released to coincide with that film's release). The joke is probably not lost on those who will seek this out; I don't think there would be a soul out there who would consider this anything as a serious action thriller effort (unless on an ironic level beyond the capacity for rational thought). It's about a Mayan curse placed on a woman who's damned by her family for leaving with another man, and is soon seen sickened and coughing up green slime laced with, of course, snakes. She and her beau go on a train headed for Los Angeles, and very soon after the more than cliché characters are privy to snakes overtaking the train  with the originator woman becoming a snake herself.  If it would be worth listing more about the movie I would, but there isn't enough time during the day. All that can be said for the quality factor is that it's almost on existent; there are student short films with larger budgets. Maybe that was a wise calculation on the filmmakers' end, that there would be so many copies sold, just for the joke factor alone, that they would re coup their budget in the first weekend. Because by looking at the sets (the trains themselves change randomly in the middle of a scene!), the actors (if you can call them that, with only one other actor  the one with the very thin hair who hits on the one woman throughout the movie  who benefited from the flick being produced), the FX (also next to non existent, making the effects in Snakes on a Plane seem like Star Wars), and the actual CGI snakes themselves, with the final huge behemoth snake something to behold in sci fi movie channel terms. This all means, basically, that it is a laugh riot every step of the way (especially, as cruel as it sounds, when a little girl becomes involved in a snake's ""attention""), with the very disregard for good taste working well in its favor. This being said, it is also 100% disposable, like a B movie sour flavor lollipop.",neg,negative,neg
"I'm a huge fan of legendary director Elia Kazan . His movies often deal with people trying to overcome their weaknesses. Be it obsessive love in 'Splendor In the Grass, poverty in ""A tree Grows in Brooklyn"" or racism in ""Gentlemen's Agreement."" While looking for other movies made by Kazan, I stumbled across a movie that was based on a novel by Arthur Miller. The movie called ""Focus"" stars William H.Macy (who happens to be one of my favorite actors) and Laura Dern. It deals with anti Semitism in a very realistic way.  Macy's character seems to go along with the bigots in his neighborhood and on his job, until it affects him personally. That's the key here... the reason he acted wasn't because he knew it was wrong and he wanted to take a stand, he acted because he was now considered an outsider, and he began to experience the same looks, the same remarks, and the same brutally that Mr. Finklestein (David Pamyers)experienced . The movie is very well written and well acted. Meat Loaf does a awesome job of playing a dirt bag! Both Macy and Dern's performances are outstanding! It's easier in life to go along with, instead of going against. Sometimes in order for people to take a stand things have to impact their lives, or the lives of their loved ones...Only then will some find their moral compass.",pos,positive,pos
"Susan Slept Here turned out to be Dick Powell's swan song as a performer on the big screen. Of course he directed some more films and appeared frequently on television until he died. It's a pity he didn't go out with his performance in The Bad and the Beautiful. Frank Tashlin has done so many better films, I'm still not sure whatever possessed him to do this one. The premise is absolutely laughable.  Dick Powell is a screenwriter who's looking to do more serious stuff than the fluff he's been writing. He had an idea for a film on juvenile delinquency so two friendly cops in Herb Vigran and Horace McMahon deposit 17 year old Debbie Reynolds on his doorstep. She's not a really bad kid and they don't want to put her in the system. So they give her to Dick Powell at Christmas time. I mean is there anyone out there who doesn't see a problem? The term jailbait comes immediately to mind. Additionally Powell has a girlfriend, the young and sexy Anne Francis. Why Debbie Reynolds is any competition here is beyond me. Susan Slept Here got one Oscar nomination. The song Hold My Hand, sung by Don Cornell in the background, was nominated for best song, but lost to Secret Love.  Powell and Reynolds do have some funny moments together and Alvy Moore as Powell's factotum and Les Tremayne as his lawyer also get a few laughs.  But it's not enough.",neg,negative,neg
"The first bottom movie was an absolute laugh from the beginning. Excellently made and thought out. I will definitely take my hat off to the production team and the actors. The Bottom actors attempt to run a hotel. If you look closely this film was most probably shot in the Isle Of Wight, near my home.",pos,positive,pos
"Ridiculous film where two swinging college graduates move out to California and one becomes a movie star and the other his manager. As 10 years pass, the star's popularity is decreasing so it is determined that there will be a television show where women will compete for his affection.  The film is obnoxious and ridiculous. The girls who vie for lover boy are made to look foolish. Only one girl seems to be the choice of the producer of the show. She is really an amateur up against some of the other women, but she is wholesome and brings good ratings to the show as well. By the third scene you realize that the manager is falling for her. We know that Ryan really was meant to be a bachelor. While the ending is somewhat cute, you really know where this was going.",neg,negative,neg
"Having a close experience with one such patient is probably the best reason why I had my heart rushing throughout the entire film. Intense, sensible, moral and revealing, and don't forget to check out the marvellous sound track. Really good.",pos,positive,pos
