text,true,response,pred
"I loved this movie when I was a kid. I saw it theatrically. Randy Edelman did a good composition of the soundtrack. David Seville is the Chipmunks' father and recording manager. The Chipmunks consist of Alvin, who is best known for playing the harmonica, Simon, who is a bright and studious chipmunk & Theodore, who is the youngest and is always hungry. There is a lady known as Miss Miller, who looks after the chipmunks and has 3 daughters known as Brittany, Jeanette & Eleanor, who all have the same character as the Chipmunks. My favourite songs from this soundtrack include ""Diamond Dolls"", The Girls of Rock & Roll"", & the touching ""My Mother"". Alvin really wanted to see Europe when Dave had to go there for business. The Chipmunks meet the Chipettes playing the Around the World in 30 days video game which led them to race each other doing the real thing.",pos,Positive,pos
"I personally have a soft spot for horror films that are set in hospitals and asylums so I had a good feeling about watching this ""Don't Look in the Basement"", even though its reputation is doubtful. Well, turned out I was right! This is great, trashy entertainment with a couple of efficient shocks and delightfully absurd characters. You have to, of course, look beyond the poor productions values and the completely illogical plot but, if you manage to do that (and if you're a fan of this type of horror, that's an essential quality), you'll be rewarded with an outrageous ""video nasty"" in which blood and insanity form the main elements. The young and cute nurse Charlotte arrives at a remote sanitarium where she's supposed to start her new job. She finds out that the Doctor who hired her was killed by a patient and the replacement doctor in charge Masters seems reluctant to accept the new arrival. The life inside the sanitarium is rather peculiar, with the patients running around free and every door is kept unlocked. After a whole series of bizarre events, Charlotte discovers the horrific secrets that the institution hides.... The opening 10 minutes (pre credits) are great and so is the completely deranged climax. Everything in between is pretty much without surprise or tension but you patiently wait because you just feel that the finale will be wild fun. The asylum's patients are textbook lunatics, but I love them nevertheless. Some of my favorites include the former judge (who still talks exclusively in legal terms), the suspicious army Sargeant and the mad raving old lady. ""Don't Look in the Basement"" is great low brained fun, especially recommended to fans of 70's trash cinema, sick puppies and other types of scum. The lunatics have taken over the asylum, yeah!!",pos,positive,pos
"The funniest movie from Britain I have ever seen, ""The Supergrass"" is a tale of sex, drugs, cream teas, and murder by the seaside. Dennis Carter (Adrian Edmonson), average moron, is out to impress his so called girlfriend, Andrea (Dawn French), because she thinks he is too law abiding. So, to get her to come along with him on a romantic getaway, he comes up with a scheme that perhaps will impress her and entice her to spend some time with him. Trouble is, Dennis' lie is that he's somehow gotten involved in an international drugs ring, and while telling her, a couple of policemen overhear his boasting and nick him. And so begins this witty movie, full of slick comedy and crude jokes. Dennis is banged up in the local nick, and, much to the arresting officers' delight, there seems to be no way out (Andrea's earlier attempts to explain it was all a lie were dismissed by a hilarious melody of ""Stand by Your Man"" by the two officers'). Then comes along Commander Robertson (Ronald Allen), Chief Intelligence, Scotland Yard. He makes a deal with Dennis, that if he helps him catch the drug smugglers, then he will be set free and allowed whatever he pleases. Dennis agrees, and is teamed up with Harvey Duncan (Peter Richardson), and Lesley Reynolds (Jennifer Saunders). The rest is an unforgettable rib tickling experience, with Robbie Coltrane as Sergeant Troy adding humourous colour to the film. His walk along the dry dock against ""Frankie Goes To Hollywood's Two Tribes"" is superb, and probably the best scene in motion picture history. The two officers' who nick Dennis are wonderfully played by Michael Elphick and Patrick Durkin, and Alexei Sayle as the motorcycle cop is a laugh! If you want something good to watch on a Saturday night, then I suggest you rent this. You won't forget it!",pos,positive,pos
"For the people who have compared this TRASH to the brilliance of David Lynch etc... please listen to your carer when they say... DONT USE OTHER PEOPLE'S PC WITHOUT THEIR PERMISSION!  This is complete and UTTER POO! There is NO art here. This is some person trying to make a name for himself with a cluster of gross out ideas which he was not clever enough to enforce into ONE main idea so instead he went for the easy option.  Any one with half a brain could sit at home and conjure up some controversial images to shock viewers, but it takes a person with true imagination to be able to make it into a movie people WANT to watch. I am a LOVER of shock cinema. I have seen OR OWN pretty much all you can get... And I can strongly advise to anyone who LOVES the world of movies to steer WELL CLEAR of this garbage. This one is ONLY for people who like to over analyze what they are watching, OR for the 17 year old first time drinkers who dont know any better. 0 10! ",neg,negative,neg
"All i can say is that, i was expecting a wick movie and ""Blurred"" surprised me on the positive way. Very nice teenager movie. All this kinds of situations are normal on school life so all i can say is that all this reminded me my school times and sometimes it's good to watch this kind of movies, because entertain us and travel us back to those golden years, when we were young. As well, lead us to think better in the way we must understand our children, because in the past we were just like they want to be in the present time.Try this movie and you will be very pleased.At the same time you will have the guarantee that your time have not been wasted.",pos,positive,pos
"I have not seen it since 1998 and yet I STILL can't get it out of my head or stop recommending people to find it so that shows what an impression it made. Just a wonderful story. I just hope to see the stair at least once in person... I didn't know much about Mr. Petersen before this movie as I hadn't seen any of his previous works but his subtle acting in this impressed me and I think his portrayal of Grissom on CSI just shows more of the same. He knows enough to let the character shine through instead of the actor shining through which makes him just that much better of an actor. I can't remember enough about the ""poor accents"" to comment but I must say I have always enjoyed Barbara Hershey in all of her roles as well and I thought she also did a phenomenal job in this movie.",pos,positive,pos
"The Russian space station 'Avna' with a crew of four Russians and two Americans is threatening to re enter the Earth's atmosphere in a matter of days. Russia asks for NASA's help in rescuing the stranded crew and NASA scrambles the space shuttle Atlantis. The NSA also have an interest in the 'Prometheus', a prototype microwave power source being tested aboard 'Avna' and organise for one of their men to be placed on the mission. That's the plot. Onto less important things. The space station and the shuttle are the same, blatantly obvious models used in 'Fallout', 'Memorial Day' and 'Dark Breed' (and a handful of other films, I suspect). The model effects are so obvious throughout the entire movie and make the film look very 1960s. The sets are a little better but are far too '80s for what is supposedly a brand new station built by an American company (which later comes in as part of a conspiracy to destroy 'Avna' and the 'Prometheus' and claim the insurance. The script has a few good moments (including Yuri's farewell and the little spiel at the end) but is otherwise fairly bland and sub standard. The acting is okay; the only real standout performance comes from Alex Veadov who offers up some of the film's better dialogue. Michael Dudikoff is, surprisingly, one of the best parts about this film. Ice T is Ice T. 'Nuff said. The film offers a few surprises, though, that I don't wish to spoil. Certainly one of the better low grade, contemporary set sci fi films of the last six years, but not the best. The film is watchable but the special effects and plot will probably put a lot of viewers off. Rent the other 'Stranded' sci fi film instead.",neg,Negative,neg
"This is one of the most predictable movies I have ever seen. And this supposed to be funny..... Boring, boring, boring. Find the fast forward button at your remote and use it... I can`t say I laughed once, and the only good feeling this movie gave me was relief when it ended.",neg,negative,neg
"Apparently, in the eyes of some   there aren't enough horror films these days involving young people being chased across a desert by a mysterious, bloodthirsty madman in a truck. I mean, all we have so far is Joy Ride, Wolf Creek, Jeepers Creepers, Monster Man   among others. REST STOP may very well be the worst out of those. It is about a girl and her boyfriend who leave their lives behind to start over together in California. Along the way, they stop at a grimy lavatory so the young lady can relieve herself, but when she returns   she finds that her boyfriend and his car are gone. From there, she learns that the culprit is a guy driving a yellow pickup who proceeds to stalk and terrorize her as she hides in the restrooms. This movie is so unoriginal that it is flat out boring. The acting is annoying, the gore is mild, and the killer, whose identity is not revealed throughout the entire movie, is anything but memorable. Terrible   terrible film...",neg,negative,neg
"Naturally Sadie is by far the worst show i have ever seen, it is such a piece of sh** and loaded with complete bullsh**. I didn't find any of the gags to be funny or somewhat clever, it was all awful jokes. The acting sucks, many of the characters sucked at acting, Charlotte Arnold (Sadie) is such a terrible actor, the other characters suck too (Magaret, Rain, Hal). The plot isn't unique and creative at all and the show is soo very much predictable. This is one of the worst shows made of all time, it shouldn't have even been made, the idiots who are responsible of writing this garbage should get fired (if they already didn't) The fist season was actually watchable but the second season was just a disaster, its too hard to watch this show, it is beyond awful.",neg,negative,neg
"This is the first time I feel the need to comment on IMDb, to write some sort of a review and, as it so often happens, it's not because of a really excellent film, but a truly appalling one. Take the narrating style the youngest might relate to the Max Payne video game series, a cast of virtually unkonwns (which is not a bad thing in itself), poor dialogs, some dark scenes but not many enough, and make a film out of it. Don't worry about the bad acting, the length (way too long), the lack of immersion (the lead character has to be one of the lest interesting I've seen in a long time   couldn't care less if he died) or the often ridiculous solutions they find to certain problems the lead character finds himself in. I wouldn't have written anything if it hadn't been for another review here, giving it 10 stars. I gave it four, but maybe three is closer to what I feel about it. Not only do I not wish to see it again, but the mere thought of it takes me dangerously close to wanting to kill myself. Oh, and a so called noir film is nothing without a good soundtrack   not the case here. The ending song sounds like it was more suitable to a western movie. It's not romance, it's not action, it's not noir, it's not good. That would be my review if it weren't for the minimum of 10 lines.",neg,Negative,neg
"1st watched 8 7 2004   3 out of 10(Dir Brett Thompson): Silly, juvenile focused movie about three kids being zapped into their favorite cartoon with their parents experiment. The script left much to be desired in this Hanna Barbara like rip off of some Saturday morning 'live action with people in dinosaur costumes kids show' with some goofy cavemen hanging around. Nothing really to admire about this and nothing much to be said either. I'm just amazed I found this at a Blockbuster video store as bad as it was and the way the stores are ridding themselves of old VHS movies. I guess they couldn't even sell it, so back on the rental rack it went.",neg,negative,neg
"Focus is an engaging story told in urban, WWII era setting. William Macy portrays everyman who is taken out of his personal circumstances and challenged with decisions testing his values affecting the community. Laura Dern, Macy and David Paymer give good performances, so also the good supporting ensemble.",pos,Positive,pos
"Wow, I was told this would be a B movie worth watching. I feel that I was misled after seeing this preview event. The plot is a twisted make of several films at best. Even the title is a take on another film if you can give the movie that much credit. I am sorry to say that I was taken to the cleaners. I wouldn't waste your time on this one. This movie appears to be a bunch of wannabes who got together and made a poor idea of a movie on a weekend with a borrowed camera. Being in the entertainment business, I can judge a decent film and this one deserves to be shelved or discarded. My advice, stick to a classic like the 1979 Dawn of the Dead. On a scale of 1 to 10 even a 1 is being nice to producers because this movie BLOWS. (Below Limit Of What Sucks) The producers need to stay with their daytime jobs. If you do view the movie please be honest in your posting, this one seems to have been hyped up and inflated by a few. There are a few who have seen this for what it is and posted correctly. Sorry, but, I have to say this is one to be skipped.",neg,Negative,neg
"... BREAKER MORANT and ROMPER STOMPER . It has also given us watchable films such as BOOTMEN and THE ODD ANGRY SHOT . Unfortunately for everyone involved in this debacle THE WOG BOY won't be joining appearing in either list . I was looking forward to seeing this movie simply because of the politically incorrect title , so politically incorrect that when it was broadcast on BBC 2 late at night the announcer didn't even mention the movie's name so I was expecting something so offensively anachronistic that my jaw was going to drop in disbelief . It did drop in disbelief , I found myself not being able to believe that the financiers thought this was going to be a major international hit  The problem lies with the cast and the script . I do know that Australia with its small population doesn't have a large pool of actors so I'll be forgiving for the most part , but this doesn't stop my criticism of Nick Giannopoulos as Steve . For this type of comedy to work you must be impressed with the comic skills of the lead actor and I'm sorry to say but Nick G just doesn't have the skills . I'd never heard of him and seen nothing else he's been in so perhaps he's much better at other performances . Here however he's just plain irritating , unconvincing and I lost count at the number of times he mugged for the camera . The jokes themselves are very flat and predictable and getting back to the script it seems very under developed , I mean who thought a running gag about a female Minster Of Work who's having it off in the back of a limousine was funny to begin with ? You do get the feeling that someone in the production should have been more honest and said "" Look mate , this screenplay's not nearly good enough . Go and make it more subtle and structured "" I've been harsh and harshness has been called for in this review . I gave the movie four out of ten and it would have only got three if it wasn't for the one genuinely funny sequence where Steve is watching a current affairs show only for himself flashing up on screen and labelled a "" Dole blodger "" . This shows that the screenwriters were aware of comic timing and social comment . Such a pity that they didn't come with a much better written movie",neg,negative,neg
"This film is one of those that can't be regarded by its outwardness. Indeed, at a first sight, it seems that the story simply focus the desire of have more money. But..let's take a look on the other side...What do you see? You see that the money is only a metaphor for the ambiguous feelings the human being have:Should I do the right thing, or should't I? And... what's the ""right thing""? Le's make a deeper analyses...  What does it mean a little town in the border?   It means that sometimes we can go too close to the border of doing something we thought we couldn't...   What does it mean the arid soil shown in this picture?   It means the dryness that sometimes take possession ot our offensed hearts...   What does it mean the phrase of the character (KRISTEN) :""Now I belong to him""?   It means the loss of our free will, due to our unpremeditated deeds. In MY OPINION that's the writer of the story and the director tried to ""tell"" us. By the way...do you remember what another character (JACK BARNES)said:""Nothing is so simple...""",pos,positive,pos
"This movie follows in the tracks of The Riddle for an all star British cast in a downright awful movie! Poor cgi effects, poor editing, poor direction, a cast that i hope were well paid as this will be a nail in many a careers coffin. Nigel Planer should've donned his Neil wig once more & gone out with a laugh at least! It was like a particularly long & drawn out episode of ""Torchwood"" but without the camp fake Canadian doctor fella...it had the same overly dramatic music though, perpetually repeated, in a vain attempt to drum up some tension. Oh the humanity!",neg,negative,neg
"This HAS to be my guilty pleasure. I am a HUGE fan of 80's movies that were designed to entertain and they didn't care if they offended anyone. This move has no meat, not substance, no deep thought provoking scenes. Just plain old college kids having fun and if a few breasts have to be shown, then so be it! This movie is for when you just want to relax and NOT think. Viva la nudity!",pos,positive,pos
"First, I'm sorry for my English. Second, the true story of this episode: 39 soldiers, operation ""Magistral'"". 6 soldiers were killed. Hundreds of insurgents were killed too. Within 10 years the Soviet Army has lost less than 15 thousand person and killed over 900000 insurgents and civilians. There is no insurgents without permanent help of USA The veteran of war: ""Traditions. There are no traditions in this film. There is no military oath, there is no first jump, no farewell to the Fighting Banner. There is no delivery of awards and medals. There is nothing sacred. There is only a hatred to Soviet army. Being in this area on investigation, we have revealed start up jet shells by insurgents . An exact place could not define. So gunners have asked to give easier square. Also have covered it. Through pair minutes. Here it was the reality of fights. So there was no feeling ""oblivion"". These feelings have appeared then. Already on other war and in other state (Chechnya). Others were children. More kindly. More humanly. And ""prapors"" were as fathers. Well and culmination fight   full orgy. Shooting in anywhere. Mental attacks young Ben Ladens, not killed both not broken through. And full absence of mutual aid. That there was a main thing on this war. Even Americans accused us of inadequate application of force against insurgents. And here it is direct on the contrary. In the summer 1981 I about myself have firmly solved, that personally should fill up a minimum 50 insurgents. As a result accepted ""plan"" has been under fulfilled, and on a demobilization I departed strongly contused and malicious as fig. After returning the first months there was a feeling of that I not was at war up to the end, not business there have completed all how follow. There was any vague, but an oppressive sensation of discontent with itself and caustic irritation. Such here night ideas, can be and out of place at all. Officers really in film are not present absolutely. In occasion of that, what is the time they spent with staff. On fighting is constant. New Year on fighting. From where did they take beds? In mountains? And so on..."" If you want a fairy tale about war, ""9 rota"" and ""Shtrafbat"" is for you. If you want truth, you must see ""Come and see"" or ""Batallions Ask for Fire"".",neg,Negative,neg
"At times I really wonder when I look at the comments here it seems as if most people have seen a completely different film than I have. I've just seen it... and liked it. Not in the way, that it made me happy, but in the way of having seen a good film! The film needs some patience, yes. And yes, the main character is REALLY annoying, but that I'm sure is by intention. Maybe it really makes a difference if you watch this film in a cinema or at home. Most people watch films at home like they are listening to elevator music. This movie definitely doesn't fit as background noise. And no. Good directing doesn't mean having five laughs or explosions a second. Good directing means following your subject and keeping the story and actors together. And while that doesn't work out perfectly, at least I think it works quite good. I liked the photography and sets, even if they brink on the surreal at times. The opening scene is really special. I also liked the acting  Guillaume Depardieu is NOT playing Pierre. He is acting the role of a Pierre who is himself playing a role! Pierre is not the romantic hero that he so hard tries to be, he is a presumptuous and self righteous idiot, a downright weakling who by and by harms all the people he claims to protect. That even his love for truth is simply a pose is beautifully demonstrated by his ongoing lying and not even once asking questions or explaining himself. People are wondering where this or that person came from and other stuff: No character who is seen for more than two scenes is left unexplained, there is enough information scattered throughout the film on everyone. And even the strange building begins to make sense as soon as the target practicing is seen: Remember that Isabelle fled from a war zone   and obviously this is a refuge for fighters in a civil war, most likely Bosnia (which was still going on, when the film was produced). At least that's what is hinted at by the story Isabelle tells Pierre when she first meets him and by the later scene where Pierre shows Isabelle the book with his father on the cover, which is surrounded by books on Bosnia.",pos,positive,pos
"What is it about drug addiction that so draws first time filmmakers to offer their own take on the subject? This subject has been done to death. Drug abuse is bad. We get it. Drug addiction is painful to watch. We get that too. But the bleak subject matter doesn't give the filmmaker license to make a sloppy film. Every film need not be Hitchcockian masterpiece of cinematic excellence, or use Orson Wellesian deep focus, but it's still a narrative movie. Verite does not mean pseudo documentary. Even consumer mini DV cameras are capable of producing white whites and black blacks, and this filmmaker is just being lazy by shooting no contrast scenes with existing lighting: the subject is bleak enough without artificially forcing it with sloppy cinematography. And even documentary films have a sound mix. Vera Farmiga is very talented, given the right material, but the director obviously over directed her and sucked all the life out of her performance. Addicts may live in a fog, but they still have emotions, but none of these characters seem to exist off screen. The supporting players merely delivered their lines without creating real people. Sorry to be so harsh, Debra, but some things are true whether want to believe them or not. I'm sure your next film will be better    but please, not another drug movie. :)",neg,negative,neg
"Unfortunately this is not one of those movies which at least make you laugh at their unbelievable stupidity. It has no entertainment value at all. It just plain sucks. I don't know where to start to explain how much this movie annoyed me. I think what really takes the cake is the unbearable soundtrack. It sounds as if someone took a simple beat and then, for the rest of it, let a 5 year old child run amok with a synthesizer and taped it. It's really that awful and as if that's not enough, there's not one scene in the movie without ""music"" (=noise). By the end of the movie, you're either deaf or already cut off your ears earlier. Which would at least keep you from falling asleep, since there is nothing happening in the movie to keep your attention. Just a lot of bad acting, a few cheap and unconvincing kills, no story at all (it just jumps from one scene to another and you as the viewer can try to make any sense of it) and in the last 30 minutes or so you can witness some of the worst ""special effects"" ever. It's extremely boring. Do not watch this movie! You could do something much more entertaining like staring at a wall or reading the phone book. Did I mention how much the soundtrack sucked?",neg,negative,neg
"Conrad Phillips stars in the 1950s action adventure series   William Tell. Set in the fourteenth century during the hostile Austrian occupation of Switzerland, William Tell is a reluctant freedom fighter, battling heroically against the tyranny and oppression of the invading forces. William tell is the Swiss version of Robin Hood. Conrad Phillips plays the protagonist fantastically. It is possible that Pascal Bugnion would have had greater success in the role, but he was unavailable at the time of filming. The classic action show is made up of series of 39. The episodes are in black and white, but this does not detract from the entertainment in any way.",pos,Positive,pos
"The first bottom movie was an absolute laugh from the beginning. Excellently made and thought out. I will definitely take my hat off to the production team and the actors. The Bottom actors attempt to run a hotel. If you look closely this film was most probably shot in the Isle Of Wight, near my home.",pos,Positive,pos
"Controversial German journalist Jutta Rabe who herself got divers to the Estonia wreck, put this silly ""thriller"" together to save her investment. Donald Sutherland is of course always watchable   but he's only in three scenes. He delivers his material perfectly   as you can ask from a professional. Also, the main lead, Jürgen Prochnov, is at times very good. The rest of the cast is, however, bad. The actress that plays the Swedish minister secretary (or whatever she was   she seems not listed in the cast) is EXTREMELY bad. The script has some nice ideas, and the story is actually kind of interesting. The final screenplay should have been re written a couple of more times though. Some scenes are plain ridiculous   especially the end scenes. The film is almost 2 hours, which is about 45 minutes too long. Presented as a 60 minutes TV film, this could have been really interesting. As a two hour feature, it's pretentious, boring, stupid and plain out silly. Jutta Rabe might be a good journalist (her ideas about governments using Estonia to transport military items from Estonia to Sweden have been concluded as true recently, when the Swedish military officially said that they actually used the ship Estonia for this), but as a film producer she sucks. The director, the writer and the actors suck more. I give this film 3 10. I would've given it a 1, if it wasn't for the fact that the story is quite interesting at times, Donald Sutherland is in it and it has real stock footage. But we don't even see the boat sink! What kind of movie about a ship that sinks is that? Like a werewolf movie without werewolves...",neg,negative,neg
"Haggard: The Movie is the real life story of Ryan Dunn, and his girlfriend who cheated on him, also with the help from his two friend, 1. A skate boarder who lives for nothing, and, 2. A trying to be funny scientist (which doesn't really work) played by Bam Margera and Brandom Dicamillo. The film Haggard The Movie also has a lot of the characters from Jackass, etc, but to say it was written by Bam Margera and Co. this is a very weak attempt, seems to me like it was written when he was bored, or as a project with they did not pay a lot of attention to. The films also stars Bam's girlfriend Jennifer Rivell, who plays Glauren, Ryan's girlfriend who basically cheated on him, again very bad acting by Jennifer, another actor that some people may be interested in is Steve a.k.a Hellboy, played by RakeYohn, which his character does not seem to be with the story, again bad acting, also this character does not really have a lot of lines in this film which basically makes it very boring. but worst of all, is Raab's character, the voice sound like a smoker who basically has throat cancer, also i think he could have been improved! Overall i think the characters in this film aren't with the story, like in one scene, it would be on one certain character, a minute later, a different scene, different character. To say that this is supposed to be a film, sort of a documentary, its not played by the characters as a documentary, the acting makes you think that its a cheap attempt at making a film with your spare time. Towards the middle of the film we start to lose focus on the main character Ryan Dunn, although a lot of the attention is on Bam and Brandon. In conclusion this film is OK, if you laugh at things that aren't very funny, stupid stunts, terrible acting and the occasional nude scene!, Also i think there there are too many scenes of just no talking and just music! 7 10",pos,Negative,neg
"The guy mentioned to sue for the 1.5 hours wasted of his life, i cant disagree on that one. The movie started as some kind of class project cam thing, and ended up in a dark room. whenever the girls where fully nude there magically appeared light all over, I know i dint write the script or having anything to say about it. But this one is like a bad remake copy of saw with a bad ending. To think of a man who actually wrote this story, sick. This is really a shocking movie cant say ist horror cause its not. Its mere the brutality and the violence that made me sick. It really is frustrating to watch a movie without ending, its like bang, in your face. the movie is done now you can go home.  cons  cam  lighting (althrue i think is was supposed to)  overdone  sickening cons  real in your face  acting was good in my opinion  it sucks you in Overall The movie is NOT my taste of movie the witer wanted us to know that these things happen, and the man wrote his own little fantasy. If you ever saw the movies saw ? they all had a moment of comfort in it something to hold on to. This one ? does not. Maybe its just me, that im too soft but this movie made me tremble, and the story is real short, sick man kills girls slowly. But the actors sucked you in this movie every blow every scream you could almost feel it. And to be honest, i was to quick to judge about this one, its a terrible movie ? no its not. its an overdone example of reality, this is a real as it could get. But don't watch this movie if you expect great mystery or a real plot, or even some kind of story. man gets girls in a dark room and kills em one by one, thats really it.",neg,negative,neg
"This is absolutely nothing like the WWF and the 'Attitude Era' of the WWF. I have always been a dedicated WWF fan and I never took a glimpse of its competition. Now, I rue the day that I wanted the WWF to take charge. At the least the WCW would try something new and radical all the time instead of keeping up as a mask of the actual intentions of the show and this holds true to ECW as well. The WWF has always been about Hulk Hogan, Andre The Giant, and other old wrestlers like so and the 'Attitude Era' only happened to catch up with the radical ideas of the competition. The WWE is the same trash as it was before the Attitude Era only dumbed down and demoralized. The wrestlers are terrible, the brand split is mind scrambling, and the story lines and stipulations are non existent. The WWE is so bad that it ceases to even be a former shell of itself by pushing characters and wrestlers into the main event suddenly and by retaining barriers of creativity. Sure, the show shakes the brains of sweet, innocent, and easily brain washed children and meager, lousy, pariah, stupid people of the Internet Wrestling Community that actually consider the company anything good. Anybody that even shudders and rests on the thought that this show and product is good can go straight to hell.",neg,negative,neg
"I caught this movie on local t.v. at about 4:30 a.m. I didn't have expectations for it but after the opening credits I knew I was into something good. There are situations that are left for your interpretation to ""find out"" what really happened so your attention is a key factor. The whole psychological thriller situation deals a lot with character development and the way things are executed by the main character. Your sub conscience also plays an important part because through a series of events and dialogs you will be able to make a correct interpretation and generate an opinion. The technical aspects are very good. Really good in fact. Kelly Overtone is extremely sexy and she's candy for the eye although she's most of the time in her white clothes. The fear factor is almost inexistent but there's plenty of mystery and tension to dig from. I would recommend it for those who enjoy supernatural and psychological thrillers.",pos,positive,pos
"I watched the MST3K version of the movie, and this review includes minor spoilers. When I started watching this movie, it looked like it might have promise as a cheesy sci fi flick, but the more I watched it, the more disappointing it got. The first reason is pretty idiosyncratic   I liked the mousy shy girl with glasses a lot more than the model Wanda became by the end of the movie. More deeply, it was the fact that the loss of glasses and change in clothing replaced any actual character growth. Instead of growing into a character that could take care of herself, Wanda was just as dependent on males to do everything for her as she was at the start of the movie. The acting could have been better (though I got tired of cracks about Ireland's voice   they were even in the movie itself! It's not that bad.) The background was okay, but it was a little hokey (aliens = humans with facepaint), and could have used more explanation. Maybe it was just that I was interested in the movie itself, but Joel and the bots did little for me. The movie might have been better without them at all. Overall (for the movie itself, not the MST3K), a 3 out of 10. It was an okay flick, for what it was.",neg,negative,neg
"This review contains a partial spoiler. Shallow from the outset, 'D.O.A.' at least starts as if it might be a slick, entertaining piece of nonsense like Fincher's 'The Game'. It's central character(Dennis Quaid) suffers from a nightmarish sequence of events that appear to be setting up a twisted and cunning thriller. But the plot rattles along at too great a pace, leading to a dramatic twist not half way through, when the character learns that he has been poisoned and has only 1 2 days to live. And this, simply, is too big a twist to add casually to a story. Once this has happened, the film's only chance of success is if it treats the psychology of someone in this situation as its principal, indeed, its only subject matter: but 'D.O.A.' continues as if this was just a normal revelation like any other you might usually encounter in a thriller. The problem is two fold: firstly, Quaid's actions don't convince as what someone is his situation would be likely to do; and secondly, even if they did convince, it's hard to care about what happens next when the most significant point of plot has already been prematurely resolved. The rest of the film is pretty standard fare for a film of this sort, but made more tedious than usual by the character's slightly treated predicament, which logically dwarfs the events the film is interested in. Dennis Quaid, in the lead role, doesn't convince either as a burnt out professor or as a man who is destined to die: Meg Ryan is, as often, ditzy and annoying. Another negative feature is the ugly 80s soundtrack. Watch 'The Game' instead, which from similar roots remains tight and character driven, whereas 'D.O.A.' drifts into developments that only undermine its own premise. As the premise is itself quite intriguing, it's a shame to see it drowned in a surplus of over cooked plot.",neg,negative,neg
"This is your typical junk comedy. There are almost no laughs. No genuine moments. No memorable lines. No scenes where you think to yourself, ""that was clever"". Nothing. The plot is embarrassingly bad.  It's ugly to look at and boring as hell! There is no substance here. This movie has nothing. It doesn't matter if Farely was in this or not. A crap movie is a crap movie no matter who's involved.  Also, David Spade is a terribly unfunny comedian who plays the same lousy character in ever movie TV show that he's in. This movie was dead on arrival. There is no life here. No fun. No intelligence. There are plenty of other ""dumb"" comedies more enjoyable that this one. This film is just pathetic.  2 10",neg,negative,neg
"I am surprised that this, well above average 80's comedy scores only a 5.2 from all the IMDB voters. Dan Ackroyd does his usual satirical turn as a con who seizes a great opportunity to steal a contract from his prisons physician. He retreats to California to start his work giving advice on a radio show pretending to be the infamous Dr Lawrence Baird. The only person that knows he's an imposter is the drunken priest (Walter Matthau) who comes along to be pampered by Ackroyd's new found wealth having blakmailed him. Charles Grodin throws in a good supporting performance too. For its genre I think this film deserves the same crediblity as 'Ferris Bueller' or 'Trading Places'. 7.5   10",pos,positive,pos
"There are worse ways to spend an evening than watching this movie, although it IS a tad predictable. Drew Barrymore does a very good job of being the outcast nerd in this film   excellent casting choice. What I found a bit hard to believe is that the popular girls finally accept her   in my experience that crowd has a longer memory than that, and knowing how AWFUL Drew's character was (ostrich feathers?) at the start of the school year would have kept them miles away, regardless of what rumors her brother drums up. (And does ""Kole Slaw Food"" really make HIM all that popular? I doubt it). As for rooting for Drew's character to win big as a reporter   well, I would have hoped she could have come up with a story long before the prom. A bit contrived. Having said all that, it was a cutsie piece of fluff that will be entertaining as long as you don't expect too much.",pos,Positive,pos
"In a not totally successful attempt to be taken seriously, and move into 'adult' films, Mr. Hughes gives us this film about a young married couple. True, it's got every cliche in the book in it, silly fantasy stuff and all that, but more importantly  it's got Elizabeth McGovern. Clearly the best actress to have ever appeared in a John Hughes film, she lends a weight to it that elevates the sometimes silly material. Kevin Bacon (and his hair) is pretty good as her husband, but McGovern steals the movie with her quiet true moments of honesty. The 'teen film' fun that worked so well in other Hughes films falls flat here  like a favorite uncle whose jokes made you laugh when you were 9, but keeps telling them when you are 15 and you wish he'd find some new material. But I keep going back to McGoverns performance, because it's truly moving. Mr. Hughes most interesting films to me have real actors in them (Some Kind of Wonderful, Breakfast Club) and when his material bumps up against a true talent, some wonderful things can happen. If only he'd trust that it doesn't have to be tarted up with the silly fantasy stuff.",neg,Positive,pos
A horror picture set ultimately to parody but still in it's play out could scare a few of those that are frailed nerved or easily disgusted when they see whats under their skin. I laughed at it though. It was easy to decipher the true killer and his acting didn't help. This only led to Potente looking even better. Anatomie is not much of a horror picture for those foreign of the genre but those contained should get a few unintentional laughs and an interesting peak at German horror cinema. 6 10,pos,Negative,neg
"This is a true ""feel good"" movie, full of genuine sweetness and admirable people. Although the premise requires a significant suspension of disbelief, it is worth the trouble to do so. The director, writers, and actors truly convey what it feels like to be in love.",pos,positive,pos
"Pierre Jolivet plays a Don Quixote character, unable to speak, living in a world incompatible with modern life. He trusts to his homemade weaponry   helmet, sleeves, and spear   made out of hubcaps, seat cushions, and discarded office furniture. Just as Don Quixote rode Rocicante, ""The Man"" rides his contraption (literally) transcending the lost lives caught up the harsh and demeaning modern world   soaring above the earth, away from the plight of modern man. Both characters ride in search of adventure in an effort to right the wrongs of the world. Both characters are guardian knights of values unfamiliar to most of the other characters in the story. Unlike Cervantes's tale, in this movie we identify more directly with the anachronistic ideals of the main character. We can only compare this alien and forbidding landscape to the lush and beautiful world we live in. Our frame of reference is the fantasy realm which the lone knight perhaps remembers. Our vision would be one which expects the main character to triumph, to vanquish, to change his world (for the better) back into a world of plenty that no longer exists. We look at this movie and see a true knight among a world of humans as animals. Don Quixote considered himself a true knight among animals. With Cervantes's tale we can only see the dreamer, without really understanding the scope of his anachronistic displacement. In Besson's and Jolivet's tale we see the new world from the eyes of Don Quixote, because we value the same visions and ideals as the crusading main character.",pos,positive,pos
"Young Elijah Wood and Joseph Mazzello are outstanding in this excellent film about two boys who have promised to ""take care of their mother,"" and how they cope when their new stepfather begins beating the younger boy. The supporting cast around the boys is top notch as well. The script really gets inside the mind and heart of an imaginative child. It's hard to believe Wood could grow up to look anything like Tom Hanks, but that's nothing new in Hollywood. That's honestly my only criticism of the film.",pos,Positive,pos
Nicolas Cage and Deborah Foreman provide stunning performances in this 80's tour de force! A great 80's movie akin to Fast Times at Ridgemont High! I highly recommend this movie to any child of the 80's who hasn't seen it. It's a cult classic.,pos,positive,pos
"I came across this film by accident and wish I hadn't. Why make a sexually rude sequel (and some gore when a man is beheaded) of a well know children's movie. Do not take young kids to see this the title misdirects you, it has nothing to do with the original Snow White except for stealing it's characters. Better still don't bother going yourself, it's not worth it. I could not watch it all, the poor (in comparison to Disney) cartoon graphics, and no plot except on how to totally mess up a classic movie made me want to give up and leave.",neg,negative,neg
"Imagine this... Whenever two people meet in this movie, one of them is shot. The plot just does not exist   it appears that someone shot some action sequences and then tried to put them together to make a movie out of it. If you decide to watch it, you will regret it.",neg,negative,neg
"Certainly one of the most hilarious films of all time. Excellent original music, clever, heady...it's hard to be articulate about something this good. There isn't one character that you don't instantly love to watch  Myronex ""Putney, there's trouble in the black room!"" ""My name is Rufus."" The lines, thrown away left and right, are classics themselves, recalling Slapshot, Caddyshack, Anchorman, Repoman, Dolemite, any comedy whose dialog is not of the formulaic set up punchline variety. ""Putney, Myronex called you tasteless!"" ""My organization is pro integration..."" ""Where's Lopez? 'He's in my head'"" They don't sound brilliant until you hear them in the context of the scene. ...This movie will eat your brain, it's too good. I've read reviews calling this film racist, which couldn't be farther from the truth. Every scene is gold, from the Etherial Cereal commercial to the Brothers In the Black Room meeting to that haunting trumpet in the closing scene. One word   genius.",pos,positive,pos
"I was all in awe of the film looking at the promos and went to watch it FDFS The film was horrible to say the least The first scene is good and till they go to London things are funny but slowly the pace slackens and they is nothing funny about it The Manoj Joshi subplot is funny at places but is unwanted and adds to the boredom The drugs part is funny especially the monologue of Govinda The film goes on and on aimlessly just like a small kid has written it The interval brings a twist in the story but by then i lost hope The second half starts okay but the way things are handled makes a mockery The entire Arbaaz  Jackie angle is half baked Also how come people don't identify them? The climax is quite funny though stupid Priyadarshan is not at all in his elements, from this film he started doing craps and his films got bad and bad Music is good, SIGNAL, TERE BIN stand out and AFREEN too Camera work is good Akshay Kumar has white in his stubble and looks old but he acts well though this role he has done many times yet thanks to his natural comedy acting things look bearable Govinda looks out of shape, bad and his act except monologue is boring too surprising from Govinda seems too much pressure on him to comeback and Priyan fails to utilize him Paresh is okay in parts but overall just repeat act Manoj Joshi is funny at places Sharat Saxena is okay Shakti Kapoor is great Jackie Shroff looks overweight and acts in his sleep Arbaaz Khan is bad Lara Dutta shrieks to glory but fails to act",neg,Negative,neg
Those two main characters Erkan and Stefan are a munich comedy act. I was wondering if this is one of these typical slapstick movies where the story is either not important or simply not existing. But when I saw this movie I was very happy that there is a cool story and the main characters really fit in it. All in all very amusing and not a common german movie.,pos,positive,pos
"This is the funniest sequel I have seen in a long time it is much funnier than the other three and not a bit scary. It has some very gory pieces in the film, but not bad enough to make you sick. In this one he has a female doll companion, hence the name. If you liked the first three then you'll love this, go watch it!",pos,positive,pos
"Over the years some of them most enjoyable films have been about dysfunctional families. Bonjour,Monsieur Sholmi is such a film This is an Isreali film about a Moroccan Jewish family. This could be about any family, in any culture. We all know or would want to know people like those in this comic gem. This 2003 delight was written & directed by Shemi Zorkin. Let us hope he a long career. The movie is seen through the eyes of the 16 year old son,who seems to be concerned with everyone in the family. Heis brilliantly played by Oshri Cohen (he was 18 when he made the movie. He has been in a few since & I know I will hunt them up. Hopefully this young man will become an international star. The entire cast is magnificent,I do hope I see them again. I loved every person in the cast to some degree.I think all who see this will agree. It has been nominated for many international awards & has won 8, It deserved every one. Now being a film in a language besides English it had a very limited run in the USA, which I feel is regrettable. Rent this film you will be glad you did. Ratings: ***1 2 (out of 4) 95 points(out of 100) IMDb 9 (out of 10) NOTE: Since the story is not new, this is as high a rating it can get.",pos,positive,pos
"I went to see this movie at the theater and paid money thinking it would be at least mildly entertaining. The only thing I enjoyed about it was when Robin Williams crashes into the car at the bottom of the hill, and the end, when he seems to get killed. Glenn Close was obnoxious, and she obviously did not seem old enough to be Garp's mother. A mother like Garp's would have had her kids taken away by the Department of Children and Families.  Robin Williams and his glazed donut look of benign goodness is just too sweet and smarmy for me. He has two roles he can play: Funny person or sad, tragic, good hearted victim. See the Fisher King, Good Morning Vietnam, and all of his so called ""dramatic"" roles. It is always the same performance. Put them all together into one long mini series. Glenn Close is always a cold fish. Remember Fatal Attraction? Would you have an affair with her even on your worst day and if you were single? Did you feel any sparks between her and Michael Douglas?? Have you ever seen Glenn Close warm up any screen?? John Lithgow had the only interesting role. This was back in the day when he used to play serial killers and bad guys, so seeing him as a transsexual was at least funny. Garp is made for all those people who love to see movies about sick, abnormal, dysfunctional people and then claim it is beautiful and profound.",neg,Negative,neg
"Young writers, young auteur, young cast, busload of producers, what could go wrong? Everything. Even lame is too good a description, that suggests that three of four legs were functioning, when actually, none of them were. Barely enough recycled plotline for a 48 and a half minute television hour, gratingly stretched to ninety minutes. The audience was talking back to the screen, so bad was the story. Dirty cops steal drugs from the evidence locker. How many thousands of times has this been done on television? Bad cops frame good cops. Again, how many times? There was not an original shred in this entire concoction. Giovanni Ribisi made a valiant effort to prop up the lack of script, drawing the only laughs of the entire movie. And the thought of he and Claire Danes working from a real script with a grown up director and photographed by an actual cinematographer intrigues me. Note to screenwriters: Buy one of those story generators. It can't possibly be as bad as ripping off bad television. Note to auteur: There are shots available to you other than closeups. Even the lovely and interesting face of Claire Danes eventually grows tiresome in closeup. Note to cinematographer: Apprentice yourself to a professional for a few years  you have much to learn. Note to color timer at the lab: At least try to persuade the auteur and the cinematographer that they don't know what they're talking about. Note to Claire: I hope this paid for your new condo. It's time to get some professional management and start actually reading the scripts before signing on.",neg,Negative,neg
"the first toxie film was dark, gory, and hillarious. This film is un gory battles to cheezy jazz music, no real gore at all, and the worst toxie mask I have ever seen! His deep voice is now a light, happy voice, characters from part 1 reappear by actors that look NOTHING like them (Claire, Mom Junko), characters names change (Claire or Sara?). It is lacking all the brutal violence, dark humor, and political incorrectness of the first film. If it weren't for nudity, this movie could have been rated PG. Really lame. I am a HUGE fan of part 1 though, just cant stand this one.",neg,negative,neg
"My best guess is this piece of work will come out on DVD sometime before Christmas. This movie was terrible. The time line jumps all over the place. This wouldn't be so bad if it left some suspense for the end. It was entirely predictable. Bitch girls pick on outcast, outcast wants to know why they hate her so much, bitch girls die a terrible death, outcast girl goes home and looks crazy. Outcast girl brought evil spirits with her, makes neighbors go crazy and kill each other. Creepy kid understands what's going on. Oh, and the younger sister not being good enough for Mommie, sick mother sending younger daughter to bring the golden child home.  To be fair, there were some great moments here and there. First of all, Sarah Michelle Geller's character dies in the first few minutes. Definite plus. Didn't see that one coming. I didn't expect the wife to pour bacon grease on her husband's head, either. If the movie had kept up those kind of thrills, I would have loved it. The beginning showed so much promise.  I was disappointed because I enjoyed the first one. It made me jump, I didn't expect most of what happened, and though I questioned some of the movie, it was still a fun watch. I didn't watch any previews for this the sequel, because I wanted to be surprised. I was, but in the wrong direction.",neg,Negative,neg
"For all viewers out there who have slammed John Waters for creating a film like Pink Flamingos, just stop. It's getting you nowhere. Has anyone ever cared to stop and think about the ambition and dedication Mr.Waters possesses. To gather your best friends up and to create a movie just to gross out thousands of viewers all over shows this man has a great deal of ambition inside himself. Just read his biography Shock Value. It discusses the lengths he went through to get this film finished. Maybe it wasn't just the fact that John made this film to gross people out, it was to prove that there can be something such as good bad taste>",pos,Positive,pos
"The Hell's Angels did come out the losers in this movie. Sonny stated to the director that NOBODY does this to the Angles and gets away with it. His version was the two dudes were to be shotgunned to death, but his suggestion was ignored. They were stoops to even appear, much less be ""technical advisers"" in a stink bomb of a movie like this. Hell's Angles on JAP bikes? C'mon! (although in Sonny's autobiography he says, ""F$#K Harley Davidson!"" and that if they was smart, they would be riding Hondas. (ST1100) Read his auto...he HATES Harleys. Can you imagine the Angels whispering into town on their sewing machine sounding Jap bikes? Not too intimidating. They would get laughed out of town.",neg,negative,neg
"A lot of things in this futuristic satire are more theoretically funny than actually funny (though it does have some laugh out loud moments) but a lot of that is because it seems to have been cut by the studio to better appeal to exactly the idiots it's mocking. Many situations aren't allowed to develop, there's obvious overdubbing of expository material, and worst of all a narrator explains EVERYTHING (most of which needs no explanation), probably because some preview audience didn't understand what was going on. In other words, a movie about dumbing down has been... you guessed it. One hopes that a longer, better version of this comedy will eventually surface on DVD, and it will become the cult fave it deserves to be, but even in this mutilated and somewhat comic  spirit diminished form it's one of the more memorable films of the year   a screech of disgust against our culture and all the ways it's become trashified, stupidified and uglified in the name of appealing to the yahoos. I watched it right after Land of the Dead, George Romero's latest milking of the single idea that consumers = zombies, which is basically the same point Judge is making; yet where Romero's counterculture viewpoint (now zombies = underclass that needs to revolt against the rich) seems hopelessly out of date, Judge's take is fresh, dead on and far more disturbing. Just listen to the yahoos in your movie audience whooping it up for President Camacho's State of the Union just like their counterparts on screen, and you'll know that we're all doomed.",pos,Positive,pos
"This was so bad I can't even review it. So I'll jot some sentences about what I witnessed, and it'll be up to you to decide.  Captain Kirk, with toupee and tubby gut, is rock climbing Yosemete's El Capitan. Spock meets him halfway riding on a floating skateboard like hovercraft. Kirk falls. Spock flies down, catches him inches before Kirk hits the ground head  first.  Later, that night, Spock, Kirk and McCoy are eating beans around a campfire. Spock likes the beans. Then, Kirk and McCoy sing ""Row Row Row Your Boat"", and want Spock to join in on the three way harmony. Spock doesn't want to sing. And later that night, he disagrees. ""But life isn't but a dream, Captain"". Should I go on?  Okay... A renegade Vulcan, who happens to be Spock's half brother, leads a revolt on a sandy planet   taking hostages. The crew of the enterprise land on the planet, and Uhura, pushing fifty five and weighing two hundred some odd pounds, lures the natives with her bare legs. But they can't trick the brother, who claims he can find God.  He kidnaps the crew and the Enterprise. They go to a planet where a big bearded apparition, claiming to be God, spits fire at Kirk, Spock, and McCoy. Spock's sibling, realizing it isn't God   but is really a form of himself   or something   joins with the apparition in order to destroy it and... sparks fly.  Then, after stuff happens too complicated to explain involving Klingons who resemble Lorenzo Lamas...  The Three Amigos   Kirk, Spock and McCoy   return to Yosemite (did I mention, Kirk was wearing a GO CLIMB A ROCK T shirt?). With Spock playing some kind of funky Vulcan guitar, they sing ""Row Row Row Your Boat"", this time all three harmonizing as the credits roll.",neg,negative,neg
"OK, the very idea is ludicrous. 1. Kids don't own planes 2. Kids don't race planes with dirtbikes 3. It made the Air Force look like total idiots 4. The kids father would not jeopardize his entire career to allow his boy to joyride with him 5. Neither would a reserve colonel The sequels, I am sure were worse than this tripe. The soundtrack is about the only redeeming quality of this waste of celluloid. I am sorry but I just don't understand why in the world anyone would write direct and produce such unbelevable junk. The Iranian Air Force is lucky to filtch a couple parts for an ageing F 14, and this kid wrangles not 1 but 2 fully loaded and fueled F 16s? Gimme a break.",neg,negative,neg
"I guess this is the first movie that made me aware of the term ""cult flick"". It is totally a bad movie, but I can't help it, I like this movie. Richard Boone has made better and so has Joan Van Arc, but if you are in to staying up late and watching movies that don't make you think to much this one is for you.",pos,Positive,pos
"We saw this in a bargain basket at the local Asda: £1.50 for the DVD. reading all the hype plastered all over the cover saying how ""hillarious"" it is, and it also had a really good, established cast, we thought this must a great film. So we bought, took it home, shoved it in the DVD player, sat back and waited for the funnies to begin.......and waited.......and waited.....and waited a bit more. Some 90 minutes later, although it felt more like 3 hours, the credits rolled, and that was the end of that. What a letdown   even paying £1.50 seemed a con. God knows what Caine, Richardson and Gambon were thinking when they said 'yes' to this tosh. And as for Moran: well much as I enjoyed Black Books, Shaun of the dead, and his comedy tours, I felt he was out of his depth in this film. He tried too hard playing for laughs, probably thinking that if retaining the characteristics from his Black Books character, would work here. Sadly it back fired. The gags fell flat after awhile, and then he became just an irritation. Which is a shame because I believe given the right part he could be a very good film character actor. Anyway, to sum up: the actors in The Actors, failed to Act!!!  ** *****",neg,Negative,neg
This is the first Woody Allen film I've found not worth watching. I think Woody has tried many different genres to interest results but this movie just left me irritated and bored. The music is lovely but don't bother watching this hopeless mock umentary.,neg,negative,neg
"The opening was a steal from ""Eight legged Freaks"", a film that is everything this one isn't. Stilted and pedestrian are the words that apply   along with others that can't be repeated..! Drifter type returns to his home(?)town, meets up with old friends etc.... the usual annoying kid, single mother,local loudmouth and so on..Bad special effects, alien ship, atmospheric disturbances, (hey, didn't the Director see ""Close Encounters""?). Good acting? Good story? Good camera angles? Good cutting? Not here! Do not rent, unless you are sharing the cost and have a lot of beer handy. Do not watch on TV, go and drink a lot of beer instead   you'll enjoy it more!",neg,Negative,neg
"Watching this odd little adventure movie, it's hard to believe that it was directed by the same man who brought us such high quality Giallo classics as The Strange Vice of Mrs Wardh and The Case of the Scorpion's Tail, but it has to be said that despite it's low quality production values, Island of the Fish Men is an entertaining ride and one that surely deserves more praise than it's getting. Like many Italian films from the seventies, this is one is a rip off of a successful American film, the one in question this time being the critically panned Island of Dr Moreau. Sergio Martino's film takes ideas such as mutation, greed and adventure and moulds it into one slightly compelling film, which makes up for what it's lacks in coherency and logic with a load of mostly intriguing ideas. The central plot follows a boat which crashes on a small island. It quickly becomes apparent that not everything about this place is normal, and it soon transpires that half of the population has been turned into ""fish men""   a cross between a man and a fish, which exist for purely selfish reasons... The truth about this movie is that it's a lot more fun if you ignore the trashy production values. The central monsters look completely ridiculous, and much of the movie takes place on sets that look like they cost someone a few pennies   but the movie is well shot in spite of this, with the underwater photography being a particular highlight and the pacing of the movie is well done in that the film never becomes boring. The way that the plot comes together isn't exactly genius, but it takes in a lot of ideas and I've seen films made on plots with much less thought put into them than this one. The biggest location standout in the film is definitely the lost city of Atlantis. To be honest, I'm not a massive fan of adventure movies, and therefore don't see this lost city get mentioned much   but it is always nice to see it in a movie. The central island location is good in that it provides an apt setting for the story and also provides the movie with the right amount of mystery, as Martino makes good use of the voodoo theme. Overall, this isn't exactly a classic and there are certainly a lot worse trashy adventure movies out there than this one.",pos,positive,pos
"PRICE OF HONOR aka PRICE OF POWER is an ambitious Western melodrama, light on the action, which seeks to tell an Old West version of the JFK assassination. In 1881, the president travels to Dallas and is shot from a window while parading thru town in his carriage. Corrupt officials have carried out the murder and have a humble slave take the rap. Our hero, the earnest but bland Giuliano Gemma, aims to unravel the conspiracy. An engaging story, audacious for its subject matter, but entertaining despite the paucity of shoot em up action. The film is a 7 out of 10, despite the poor presentation of the DVD, which is overly dark with poor sound. Look for a good copy.",pos,Positive,pos
"Just finished watching this movie. I couldn't imagine watching this on VHS, as there were scenes where I needed the subtitles to hear through an accent or sound effect, even though the scene itself was in English. Visually, the movie is pretty appealing. The few CG effects were very obvious insertions, but the prosthetics creature effects weren't bad. Not perfect, but photography and editing (which were pretty good) made up for a lot. Acting was generally bad, though how much of that can be blamed on the director I couldn't say, having never seen any of the actors before. The exception, I think, was M. Gomez (Uxia). She stole every scene she had a part in, and not just because of a very pretty face, but there was something akin to an urgency to her performance that none of the others had. The writing could have been a lot better   the plot was still unmistakably Lovecraft, and plenty of Lovecraft details were written in, but I personally could have done without most of the dialogue.",neg,Negative,neg
"For those who expect documentaries to be objective creatures, let me give you a little lesson in American film making. Documentaries rely heavily on casting. You pick and choose characters you think will enhance the drama and entertainment value of your film. After you have shot a ton of footage, you splice it together to make a film with ups and downs, turning points, climaxes, etc. If you have trouble with existing footage, you either shoot some more that makes sense, find some stock footage, or be clever with your narration. The allegation that the filmmakers used footage of locales not part of the movie (favelas next to beautiful beaches) does not detract from the value of the film as a dramatic piece and the particular image is one that resonates enough to justify its not quite truthful inclusion. At any rate, you use the footage you can. So they didn't happen to have police violence footage for that particular neighborhood. Does this mean not include it and just talk about it or maybe put in some cartoon animation so the audience isn't ""duped""? Um, no. As for the hopeful ending, why not? Yes, Americans made it. Yes, Americans are optimistic bastards. But why end on a down note? Just because it's set in a foreign country and foreign films by and large end on a down note? Let foreigners portray the dismal outlook of life. Let us Americans think there may be a happy ending looming in the future. There just may be one.",pos,Positive,pos
"'Blade' would be an extremely above average comic book, vampire hunter action horror if it weren't for two minor flaws. #1 I loved seeing the all but invincible Blade Snipes do his slicing and dicing, but the whole ""Yes!"" fist punch was literally a letdown. #2 Bad, no make that horrible, CGI  even for 1998 standards. This is mainly in the last third, but some sprinkled throughout. Okay, despite those minor infractions, I really enjoyed this movie. All actors did a suburb job and the fact that this now looks like yet another 'Matrix' rip off is hilarious considering this came out one year prior. So maybe 'The Matrix' copied 'Blade.' At any rate, it's a very movie for multiple genre loving audiences: Comic Book geeks, action fanatics and horror vampire lovers. So, we have Blade, half man half vampire, or ""day walker"" and his accomplish, Whisler (a la ""Batman and Alfred"") battling the undead who, apparently almost out number humans. Who knew? In a rare act of humanity (Blade's more of an antihero) our sword ninja vamp rescues a newly infected (coincidentally) blood specialist doctor. Meanwhile, trouble brews amongst the vampires as one wants (you guessed it) supreme power and needs Blade somehow to obtain it. It's not the most original concept, if you read what I just wrote, but still highly enjoyable. You will want to see Blade succeed, you will root for him despite his imperfections and mannerisms. And you will know what's coming as this is the typical act 1 2 3 of a comic book introduction movie. Still, watch this without trying to go too deep. Such as Vampire SPF 1000 ""suntan lotion""? Really? What about the scalp? Wouldn't that still burn? Just like the money they burn for weapons? Uh, okay, I am going too deep. Once again, sit back and enjoy the techno charged fun ride.",pos,Positive,pos
"Wow, this movie is amazing. It is such an excellent film. Has some sick scenes (not nearly as sick as Terror Firmer or Citizen Toxie) some nudity, and this was the penis monster's debut on film! This has set the scene for many of Troma's movies, this is a very Tromatic film. It mixes comedy, romance, and my favorite, HORROR GORE! Not that much gore in this flick, but enough to satisfy. This is the best adaption of Shakespeare's Romeo And Juliet. Much better than any other version. THey make it so entertaining, and fun to watch. And we have Debbie Rochon...hehe...I like her. :) All I have to say is this is a great film, very funny, and Lemmy is a good host for it. The acting is good, and Kaufman directs stylishly as always. Must see for all TROMA FANS!",pos,positive,pos
"A ""40 foot long"" giant mutant squid with five tentacles, razor fangs and the ability to reproduce it's own cells terrorizes a small Florida town. Various marine biologists, doctors and cops plot to kill it. Meanwhile, a human monster named Miller offs people who discover the ""Devilfish"" is a manmade creation used for the greedy benefit of some evil doctors! Miller attacks a female researcher, strangles her, drowns her in the bathtub, tosses in a hairdryer, then rips the panties off her dead body! Lots of false alarms are set when our heroes Peter, Stella, Janet and Bob set out on a high tech (high tech for 1984, anyway) ""Seaquarium"" boat to catch the creature, who is frequently seen in close up or hilariously obvious speeded up film to seem more menacing. And only fire can destroy it, which leads to a flamethrower armed posse vs. aquatic beast finale. This JAWS cash in is pretty tame (other than a legless corpse and a decapitation) but watchable and benefits from an excellent Antony Barrymore score and a decent (again, for 1984) monster design. Luigi Cozzi and Sergio Martino wrote the original story. Score: 4 out of 10",neg,Negative,neg
"Well, it took them 4 tries, but they finally got it right! In this 4th sequel to the Karate Kid franchise, the producers really hit a home run! Well first of all I applaud them for finally getting rid of Ralph Macchio. I felt he never did service to the role of the Karate Kid. I would have rather have seen Danny 'Ralph Mouth' Most in that role. Macchio turned out what proved to be the best movie in the series, and look where his career is now! Instead they put in a girl! They got Hillary Swank, best known for playing a variety of sheman parts in every movie she is in. I personally don't care for her buck teeth, but thats a personal preference. But still, look how Karate Kid 4 launched her career into orbit! She won a freakin Oscar. Jiminey Christmas! Meanwhile where is Ralphy?? He should put out some amateur porn tape like Screech or something. Anyways, my only disagreement with the movie is that they have a girl doing karate. As a self proclaimed master of Karate, I have been the proud owner of a white belt for the last 8 5 8 years. The first thing they taught me is that there is no place in any of the martial arts for girls... well except for Judo... but thats kinda gay. So for the purposes of accuracy, I think they should have stuck with another male for this role. I was thinking perhaps Dennis Franz. He would give the role the depth it requires. Perhaps they will listen to my suggestions and make the proper adjustments in Karate Kid 5. Its too Pat Marita is no longer. I was thinking maybe Justin Guarini is the perfect replacement for the lovable Asian fellow Mr. Miyagi. He will give ""Wax on wax off"" a whole new meaning. HAHAHAHAHAHA funny huh? Anyways, if you are looking for an exciting movie filled with Karate and triumph of the human spirit, Karate Kid 4 is for you. Don't waste your time with 1 3. This is the Karate Kid for you! This is the Karate Kid for r the ages!",pos,negative,neg
"This movie is a fascinating drama about the Making of a movie. The Actor and the Actress really can't stand each other, but we build up to a scene in which they are to have sex   she for the first time, per script. The actress shows little emotion on or off camera in the plot, aside from she is freezing in the early scenes on a beach. The actor is self absorbed and increasingly defies the direction of the Director, Jeanne. I could not help being drawn in to the drama of 'how are these two possibly going to ACT their way thru a Sex Scene?' That drama in itself becomes more exciting than the actual nudity and foreplay performed for the cameras. Not that Roxane Mesquida isn't lovely and worth seeing naked! However, there is a pretty young stage hand who walks thru a few scenes as an extra. I think that is her in the far left edge of one of the pictures (2 of 9) here in IMDb. I don't even know if this girl is credited, but when she walks by (fully dressed of course) in confident indifference with her short blonde hair    SHE is Sexy! WHO IS THIS GIRL???",pos,positive,pos
"This movie was difficult for me to watch. Stan looked very old and ill compared to what I remembered, and Ollie was heavier than I ever recall in another film. Most difficult though were gaps in the script production where I found myself wondering, ""How did they get from here to there???"" It took nearly half the film before I could deal with the dubbing of non American actors    that was also a distraction. Although I miss great actors such as Laurel and Hardy    will there ever be great actors like those of the old studio era???    this film helps me understand why actors sometimes ""bow out"" in their prime.",neg,Negative,neg
"This film rocks...so hard... The cameos...the drug references...the sharing...the love...the ROCKING!!! When Jack and Kyle first met in Tim Robbins' ""Actors' Gang"" theater company years ago, who knew that such a legacy of awesome music and hilariousness would ensue?? All that door to door rocking paid off... Although anyone who enjoys classic rock will get a major kick out of this film, I would definitely recommend renting the original 6 HBO episodes at your local video store before going to see the film in the cinema. They're on the Tenacious D Masterworks DVD, which is available for rent at pretty much every video store. There are some inside jokes in the film that refer to these earlier episodes that will add something more enjoyable to the overall viewing experience...",pos,positive,pos
"In the New Year's Eve, the tuberculous sister of the Salvation Army Edit (Astrid Holm) asks her mother and her colleague Maria (Lisa Lundholm) to call David Holm (Victor Sjöström) to visit her in her deathbed. Meanwhile, the alcoholic David is telling to two other drunkards in the cemetery the legend of the Phantom Coach and his coachman: in accordance with the legend, the last sinner to die in the turn of the New Year becomes the soul collector, gathering souls in his coach. When David denies to visit Edit, his friends have an argument with him, they fight and David dies. When the coachman arrives, he recognizes his friend Georges (Tore Svennberg), who died in the end of the last year. George revisits parts of David's obnoxious life and in flashbacks, he shows how mean and selfish David was. ""Körkarlen"" is an impressive and stylish silent movie, with magnificent special effects (for a 1921 movie). The characters are very well developed; however, the story is dated and there is a weird and unexplained situation, when Sister Edit tells that she loves David Holm. Why should a enlightened woman love such a despicable man that wasted his life corrupting other people? Despite being religiously dated in the present days, it gives a beautiful message of faith and redemption in the end. My vote is nine. Title (Brazil): ""A Carroça Fantasma"" (""The Phantom Coach"")",pos,positive,pos
"OK, the other reviewers have pretty much covered the main points of this great little gem, i.e. the story started out in life as material for Buster Keaton's silent classic ""7 Chances"". Comedy, or acting in any genre for that much, is merely interpreting a scene and lines that someone else has written and performed before, if it's not a totally original creation. Here we have The Stooges essentially doing material that was written and performed by someone else and yet for a low budget, short time span of a film, they're handling things just fine. Regardless of what the credits say on their films, real ""stooge philes"" know that they had a lot of input on lines and direction. They took their work as seriously as a surgeon does a vital operation. Words spoken by Emil Sitka himself during a documentary about the boys. Here, what appears to be their usual anarchy over something so simple as getting married, is actually organized chaos. Every line is perfectly timed with a related physical action. How many comedians are around today that can claim such mastery? Most obviously the Seinfeld crew but none others that I've seen in the last 35 years of watching TV. The critics will always ""pooh pooh"" The Stooges or Laurel & Hardy and others but then again...who ever remembers the critic's names or what they said? Simply watch, laugh and enjoy!",pos,positive,pos
"This film had me spellbound this evening. Thanks to Fox Movie Classics for showing it uninterrupted. John Voight, this cast of little known black actresses and most of all, the children, made this a worthy way to spend a Sunday evening. How wonderful to see the early work of this seasoned actor, as well as Paul Winfield's excellent portrayal of Mad Billy. I can't see why anyone would say that Hume Cronyn is miscast in the role as superintendent. Who would they have chosen? The shrill character actor, Charles Lane? Although his career is laudable, an actor such as Lane would have cheapened the role. Cronyn was an excellent choice for the part. I will count this film as a true treasure to hold in memory.",pos,positive,pos
"I watched part of the first part of this movie, and tiny little bits of other parts. Maybe I'm mistaken, but I don't think this movie is really worth watching. The odd characters and happenings does catch your attention and is rather interesting, but there are bad things in it as well, and some gross things. The magic and mythical side of it turned me off, and for most Christians this movie would not be very suitable or worthwhile to watch.",neg,Negative,neg
"I happened to catch this on TV, and wanted to watch because I remembered the Spin magazine article upon which the movie is based. I was very disappointed. First, if James Belushi is the lead actor in a movie, it should be a sign that it's not exactly an A list production. Gregory Hines was a world class dancer, but sadly not a great actor. In fact, all of the acting in this film is either flat or hammy, which can only be blamed on the director, who is this film's weakest link. Charles Carner seemed to be trying to ape Oliver Stone's ""JFK"" in portraying the alleged conspiracy to cover up the ""real"" child murderer(s), but without the benefit of a good script, an A list cast or, it must be said, the talent. It just doesn't work. It's a shame that such a worthy topic for a film did not get better treatment.",neg,Negative,neg
"There's a spartan, unsentimental edge to this film that allows plenty of room for us to participate in the action without any stylistic encumbrance telling us HOW we're meant to be feeling; in 'Blue', everything was overtly sad (sure, powerful as hell, but still); in 'White', it was delightful whimsy. But there are no such emotional clues, or cues for that matter, in this one. It's as if he finally let the force of the tale work its own magic without razzle dazzle embelishment. I think that's what makes it the most initially enigmatic of the three, but finally, the most transcendent and redemptive. Never has remorseless, unsparing honesty been quite so beautiful.",pos,positive,pos
"This movie gave me recurring nightmares, with Alan Rickman's voice representing an omnipotent, insidious, fascist ruler. The scariest movie I have ever seen   psychological terror more powerful than anything any ""horror"" movie has ever achieved. Alan Rickman's voice will always represent to me the power and terror of a totalitarian state, reminiscent of Orwell's 1984. This movie describes to those who don't care the reality of a large part of current world governments. This film is disturbing, but in a way that everyone should watch it   it's a description of a reality that no one should ever have to experience, but so many do.",pos,Positive,pos
"John and his wife Emily, accompanied by their child Edward venture from the comfortable environs of suburbia to the village where the husband spent some of his childhood. There has been a death in the family and John must begin proceedings to take control of an old ramshackle cottage, situated by the seaside and once inhabited by an old man who has apparently committed suicide. Sceptical about the circumstances of the death, John divorces himself from his family and from reality, puts his own life in peril, and puts on the clothes of the old man who is now dead. The film now changes   nothing is what it seems   the people of his past appear, in full Gothic hillbilly glory   his wife worries about his mental state   and his son disappears into the reeds. John finds that the old man didn't commit suicide, that his death is far more mysterious and strange. In a spine chilling finale, we learn that the events of the film actually never happened and that the entire narrative was imagined by the little boy, Edward, who is struggling to come to terms with his parents' divorce proceedings. Modern Love is a macabre piece of high art cinema, a puzzling and perverse piece of pretentiousness, full of vague suggestion and unexplored red herrings. It is humourless and seemingly unconcerned with current Indie trends which both validates its creators, but also renders it passé. But the weaknesses of this Australian film are fully outweighed by its sheer muscular cinematic vision, its bloody minded and uncompromising precision and its oddball Euro horror. The bastardry of script norms and lack of slick dialogue pales into insignificance against a backdrop of noir and a lead performance that needs to be seen to be appreciated. One of the most aggressively weird Australian films in years.",pos,Positive,pos
"""Traffik 1989"" is an Emmy award winning six part miniseries out of the UK which was the inspiration for the Oscar winning ""Traffic 2000"". The five hour film breaks down the opium heroine trade for the viewer from the handcasting of poppy seeds in an Afghanistan field to the ""head rush"" of a mainlining junkie in a flat in England. Not only does ""Traffik"" offer entertainment value through interleaved dramatic stories it also provides an overview of the international drug trade at all levels answering the who, where, how, and why questions of the age old and unstoppable narcotic supply demand machine. Synergistically entertaining and educational, ""Traffik"" will prove to be time well spent for teens and up. (A)",pos,Positive,pos
"The main premise for this movie is every woman's fantasy: a vagina that kills and eats men. Well at least it is a fantasy for every woman who has ever had a fight against a man. What's that, 99.9999% of women? But don't worry it's not a gory kind of eating of men. It's more like a comical slurping them in, like a drain plug. There's no blood or parts left behind. So for blood, guts & gore fans, forget about this film, not much gore here. The two main characters of the film are somewhat unrealistic. Helen is a good girl who becomes a prostitute. Meanwhile, Dennis is a nice guy who stalks Helen. The story is already a little silly at this point, but then they throw in two more equally silly sub stories that just send this movie into the bad B movie territory. The first new sub story is about Dennis finding new love with a pair of conjoined twins; and then eventually murdering one of them, and becoming a fugitive bank robber. The second new sub story is about Helen finding new love with a nice policeman who rescued her from a prostitution related bad date, and decided he wanted to marry her. Dennis and Helen eventually meet up again at the end of movie in totally unbelievable circumstances, and magically Helen's murderous vagina is cured!",neg,negative,neg
"This show was a really good one in many ways, although certainly an atypical Western with the hero (?) riding around on a motorcycle rather than a horse, due to the 1914 setting, very ""late"" for a Western, which tend usually to be set between 1866 and 1890. I remember some controversy about its cancellation at the time but didn't really watch it during its time on NBC. When I came to see it and love it was a decade later when I was in the Army stationed in Germany and it was shown every week from the beginning on Armed Forces Television. By then, Margot Kidder was famous as Lois Lane but I'll also always think of her as Nichols' girlfriend. In a lot of ways, Nichols was a lot like Maverick; both were much more attracted to getting rich with little effort than they were fighting. It was in the little TV magazine that they distributed at the PX (not really an authorized edition of ""TV Guide"" but made to resemble it as closely as possible without getting into copyright trouble) that I first learned the real story behind the cancellation. I really wonder what the next season with the more violent twin would have been like if they had really made it as planned. Of course, by the time this show was made the ""Western era"" of TV had been in decline for around a decade; someday I hope to be able to write that the ""reality era"" has been in decline for that long! While ""Gunsmoke"" and ""Bonanza"" were still running, they were both nearing their ends and it had been years since a new Western had really caught on; I think that this trend did a lot to hold ""Nichols"" back, and was the main reason that NBC executives doubted that it would ever find a large audience But to me, a good Western, unlike a show set in contemporary times, is somewhat timeless, as are other ""period"" shows; changing fashions and the like do nothing to make them look any more ""dated"" than they were supposed to be, and I think that watching this show, 10 years after it was produced, is really what brought this point home to me. Also, this show is an early pairing of Garner and Stuart Margolin, who is really one of the all time great sidekicks, and not just in Westerns.",pos,Positive,pos
"In general, I prefer horror movies that creep me out so much I'm afraid of everything for the next day or so, not the ones where people act stupid and get killed by an indestructible monster. This is one of those movies. The chupacabra of legend is a dog faced lizard skin greenish gray monster that hops like a kangaroo, has fangs and claws, has a row of sharp spines sticking out from its back, and sucks the blood of livestock. As in many horror movies, good and bad, this movie takes liberty with the legend. It not only attacks humans, but it eats their intestines and has a bulletproof, nearly indestructible constitution. So tell me, how can a hypodermic needle penetrate its skin when bullets can't? And why, when the marines figure out that armor piercing bullets can hurt it, do they split up so the chupacabra can pick them off one by one? John Rhys Davies gives a performance that rises above the bad movie, and Chelan Simmons and Dylan Neal deserve credit for their performances, too. Otherwise, the rest of the acting was poor to bad, just like the rest of the movie. My rating is based on Rhys Davies, Simmons and Neal.",neg,negative,neg
"This movie was childish in its writing and laughable in its visual effects. Scenes where Father Merrin is tossing in his bed and his glimpses of a gimpy native are signs of bad acting and poor imagination. Nothing seems to fit. The story jumps from scene to scene. The elementary writing leaves no fact to the imagination and leaves no room for suspense. The lady doctor at one point states that she thinks the town is going to ""explode soon"" from all the crazy happenings. There was, in fact, nothing in the movie to make that line relevant. From the terrible job the movie had done, I would have never known that there were any tensions in the village. If you are into cheesy movies go ahead and rent this, but if you want to see this done right check out Exorcist:The Beginning",neg,negative,neg
"*Spoilers ahead, but that shouldn't matter since i hope you wont see this one anyway* If you planned to see this one i have to strongly advice you not to. Because this was one of the most wasted 1½ hours I've experienced. First of all, this is an complete rip off of the great movie ""Battle Royale"". It is as stupid as watching any lame American TV show like ""Cops"" or ""Candid Camera"". The plot are totally predictable. One challenger pregnant and another is a nurse, anyone doing some logic thinking understands in the beginning what should happen between those. The concept is ripped as mentioned before and the movie lacks the violence necessary of making this movie enjoyable. I mean, the preggo shoots a guy in the back and no blood or not even any trace of the hit in the back. I could go on forever without finding anything good about it, so take your money and get a copy of Battle Royale instead of watching this piece of crap. 1 out of 10, too bad i couldn't rate it lower. Almost makes Scream 3 a masterpiece..",neg,Negative,neg
"I absolutely hated this movie! I was 9 when I saw it. It is the only movie I have ever walked out of in the theater. My mom, dad, and I all looked at each other during the movie and knew we were wasting our time. This movie stole approximately 45 minutes of my life. Everything about it was ridiculous. The entire premise was too warped. Being 9, I was always easily entertained. This movie proved that I couldn't subject myself to anything and still be entertained.",neg,negative,neg
"Most awful casting I've ever seen. Clark Kent as a crack head, a very feminine looking woman as a trans and on and on............. Stupid ass violence just for the sake of being violent. No content, no meaning. This person has never been on the streets. It's a joke! The only thing dumber than this movie is the fact that I finished watching it. I just kept thinking it couldn't get any worse but it did to the very end. Trying way to hard to be an off the hook movie. Trying to be freaky. So stupid! I really have no more to say but can't leave a comment unless I write more. Please take this advice and DO NOT BOTHER WATCHING THIS MOVIE!!!!! AWFUL!!!",neg,negative,neg
"If not the best movie ever made, ""Babette's Feast"" is certainly among the most loving. This is a wonderful exploration of the meaning of artistry, generosity, loyalty, and grace. Humor is mixed with tender longing; characters are treated with searching honesty but also deep respect. There are meditations here on memory, fate, old age and faithfulness. Marvellous camera work by cinematographer Henning Kristiansen: seldom have wrinkled faces looked so luminous in the candle light. The meal is accompanied by delicious period music, Brahms, Mozart and simple folk hymns. Enjoy this feast for the eyes and the spirit, for as the General says: ""Mercy and truth have met together, and righteousness and bliss shall kiss one another.""",pos,Positive,pos
"This movie was sooooooo good! It was hilarious! There are so many jokes that you can just watch the movie over and over and not get tired of it. John Turturro and Tim Blake Nelson were awesome as Pete Hogwallop and Delmar! I love those guys! I love the adventures they went on, too. I definitely recommend this movie. Also, the music in this movie is terrific! I love singing along with all of the songs!",pos,positive,pos
"These kinda movies just don't get the credit they deserve. This is my 2nd all time favorite movie, (Stand By Me being 1st.) The reason I watched this movie was because Wil Wheaton was in it and he is my most favorite person in the whole world and I think he done an amazing job in this movie and so did Sean Astin. I just watched it last night actually and it just amazed me. Everything in the movie is very exceptional. The script, the acting, the screenplay. I was on the edge of my seat 80% of the time, and if my mom wasn't in the room I would have absolutely balled whenever Joey Trotta (Wil Wheaton) died. I did not see that coming!! At all!! I was real surprised when I heard that it wasn't real popular back in the 90's. I was born a few years after it came out so, of course, I didn't go see it in the theaters, but im sure I would have if I would have been alive. If any of my friends watched this, they would be like, ""uhh okay?"" but thats just cause their not cool enough to appreciate work like this. If you haven't seen this movie, or are wanting to watch something that is the bomb, this is the movie for you to watch.",pos,positive,pos
"I went through boot camp at MCRD Parris Island in 1953 and this film is about as accurate a depiction of what boots went through in that era, even to burying that danged sand flea. Many of the ""actors"" in the film were active duty Marines. This film may be more entertaining to Marines than others, but I feel the film itself is very well done, and Jack Webb made a ""good DI"". Semper Fi!",pos,positive,pos
"***SPOILERS*** ***SPOILERS*** What's going on here ? Barbara Hershey, looking decidedly unsexy   as if she'd stolen her granny's spare wig   puts in an unconvincing performance as a woman who kills the wife of a man she has had an affair with 'in self defence' after hitting her forty odd times with an axe. Like Lizzy Borden, she is acquitted but after the most unconvincing argument ever presented to a jury by the representative of a supposedly 'innocent' defendant I have ever seen. Lizzy Borden took an axe and gave her father forty whacks When she saw what she'd done   she pleaded self defence I don't think so I find the defendants guilty of screening an unconvincing portrayal and have no alternative but to award this film a sentence of 4 out of 10 (which would have been lower but for the previous good behaviour of some of those involved) ",neg,negative,neg
"I have seen three other movies that are worse than this one, ""Plan 9 from Outerspace"", ""Side Hackers"" and the dreaded ""Blair Witch Project"" There are so many technical errors in this movie that regardless of a decent plot the movie just isn't believable. Let's start with an AMTRAK train with no skirts or handrails between cars. The killer walks up behind his victim as she moves from car to car and just pushes her off the train. In one scene a killer sneaks into a woman's apartment. He wants to sneak up on the woman to kill her, so what does he do? He turns up her stereo! If I heard my stereo suddenly get louder I'd be concerned. He kills the women by throwing an electric hair curler into the tub. I was amazed to see that an electric hair curler with a five foot cord could be tossed ten feet and remain plugged in. Plus the apartment looked modern enough to have ground fault outlets in the bathroom and the victim was still electrocuted. The Boeing 747 is one of the most well known commercial airliners on the planet so this part really amazed me. First the cockpit was not even close to a real 747 and second it wasn't on the top deck of the plane. I watched in utter amazement as the pilot and co pilot (Where was the flight engineer?) walked right past the spiral staircase and headed forward toward's the nose of the airplane. I was also amazed that bullets wouldn't penetrate an aluminum serving cart (good thing for our hero), or bathroom doors, but would penetrate the ceiling causing a fuel leak that exited through a small hole in the fuselage. Huh? Watching three guys lengthen a runway by 100 yards in less than a week was pretty amazing as well. I didn't check, was this a movie of the week or something? It was terrible.",neg,negative,neg
"Being 15 myself I enjoyed this flick thouroughly!! I related to the character Ann August more than most would. My Mother isnt AS eccentric as Adele, but the feelings of lonliness is the same. This movie is perfect in the ating aspects, and Natalie's, and Susan's performances are so linked together that it's the best onscreen dual i have seen in years. Their chemistry brings the characters to life, they become real people! I would recommend this flick to anyone who is hoping to get away. Because there is genually alot of people out there who would wish to be ""Anywhere But Here"" including me! and if you can, see this movie with your best friend or your mother. Its the tears that blend everyone around you together more!!",pos,Positive,pos
I was actually looking forward to this movie. The commercials made it look real cool and action packed. And I heard that Claire Daines' character was arrested for assault so I thought that maybe she would kick a lot of ass and that would be cool. BUT NOOOOOOOO!!. Their was hardly any action at all and the character were all kinda bland. The only saving grace was Omar Epps and even he didn't help this movie much.,neg,negative,neg
"ALEXANDER NEVSKY is nothing short of a grand film on a grand scale. The film opens a window to a world and culture most Americans will never become acquainted with. And much has been said and written regarding the film's thinly veiled patriotism in the face of imminent war with the German Nazis. By US standards the acting is a bit stilted. The screenplay is short on words and big on visuals and action. And while the action can become tiresome, the visuals are often stunning. Direction is incredible. On another note, fans of Ralph Bakshi animation might notice that he stole a lot of his visuals for WIZARDS directly from a copy of ALEXANDER NEVSKY.",pos,Positive,pos
"I am not a Faulkner fan (which is considered sacrilegious, especially since I grew up near the author's hometown); however, I think this is an excellent movie. On par with the quality of the movie ""To Kill a Mocking Bird"". If you haven't seen it, buy it anyway. It's well worth having in your permanent collection. TCM recently played the movie as a part of the Race on Film series. I wish they'd play it more often. Very moving. On a side note, the folks from Oxford, Mississippi, will also enjoy seeing the footage of the town square as it was back in the 1940's. The Courthouse, City Hall, etc.: They're all on screen. I never knew the movie was filmed there until I noticed the familiarity of the buildings. When I saw the arch in the front of City Hall, I began to get suspicious. Look closely at the pennants on Chick's wall: You'll see two for Ole Miss !",pos,Positive,pos
"A four and a half hour O'Neill play gets boiled down to a little under two, and much of that running time is devoted to actors with frozen expressions on their faces as they read their characters' thoughts in voice over. It can work onstage, but it looks hilariously stilted in this soap opera adaptation, which soft peddles its heroine's bad behavior and never explains why she has so captivated so many men. Norma Shearer and Alexander Kirkland, overacting ludicrously, are outclassed by a naturalistic Clark Gable  he's the only one who makes the frozen face technique work. It gets even funnier when Shearer's and Gable's son, a surly moppet, does the frozen face shtick. There are also Frank Morgan's brother Ralph as an unsuccessful suitor, given to soliloquizing ""poor Charlie!"" over and over again, and a young Robert Young and Maureen O'Sullivan. By the time they show up, the voice overs have largely been abandoned, and it plays as a ripe soap, with a sentimental fadeout that actually plays ""Silver Threads Among the Gold"" as background music. Robert Leonard's direction is stodgy and he shows little facility for reining in hyperactive actors. It's certainly entertaining  there's nothing else like it, unless you count Groucho's satirical parody in ""Animal Crackers,"" or an old Mad Magazine satire that rendered Shirley Booth's sitcom ""Hazel"" a la ""Strange Interlude"". But it isn't good.",neg,negative,neg
"Seriously, this film is not. Steve Guttenburg is constantly forcing his tough guy dialogue and then giving everyone the evil eye all the time. He just wasn't believable, he seems like he's trying to be a badass and he sucks at it. I just remember him as the millionaire dad with the Olsen twins in It Takes Two...so, this is a BIG change. I rented this film for Sean Bean, and he dies (as usual). Only this time he didn't get impaled on a boat anchor (Patriot Games), smashed by a giant satellite dish (Goldeneye), or get run over by cows(The Field). He just got shot, real quick like and civil, and that was all I got from this film that they didn't kill him off in an extremely grotesque and morbid way. How sad is that? I was only watching it for the 3 seconds that Sean was in it, and then the rest was rubbish. I actually tried to watch and understand the plot, but there really wasn't one. Seemed a little like Mission Impossible with the hole,""Oooooo! There's a mole! It's the leader of the group, and NO ONE EXPECTED IT! Let's trap him! Let's frame the underdog good guy so we can get away with it!"" Cliched and tired, this movie was a waste of time.",neg,negative,neg
"Director   lead actor Dutcher revels in this look at me film, wherein he attempts to gain worldly acceptance for tarnishing the otherwise very upbeat world of Mormon missionaries. Some of the acting is fair. But some roles are unrealistic, i.e. the ominous (rather than fatherly) Mission President, etc. The film does give a fair look at how some missionaries may struggle with their faith, but the actual missionary program he claims to represent is far from his concept of it, in terms of being upbeat, cohesive, and inspired. The only inspiration I see in this film is Dutcher's self inspiration. The film is slow and boring, and the shooting and screenplay look like a college student project.",neg,Negative,neg
"This is another Universal fun filled fright fest.Many people want to compare it to House Of Frankenstein.Even though it has similar cast and the same director it can stand on its own.(It does appear that Erle C Kenton directed most of the Universal horror films of the 40's). The plot recap:Baron Latos appears at the home of Dr Eidlemann seeking a ""cure"" for his vampirism.Larry Talbot (who somehow survived House OF Frankenstein) also shows up at the good doctors door seeking a cure for his affliction.After a failed suicide attempt Talbot and the doctor find the Frankenstein monster. To complicate matters just before he bites the dust, Dracula infects the good doctor with his blood.The doctor becomes a bloodthirsty maniac at certain times.Where this leads to is something you'll have to see for your self. Carradine actually gives a very good performance as Dracula. He isn't chewing up the scenery as he will in later roles. It is hard to repress giggles when he appears in a top hat though.The cape cloak is traditional but the hat has to go. Where does the hat go when he changes into a bat...? Onslow Stevens gives an excellent portrayal of the doctor. He's torn between his basic kindness and the increasing blood lust he is now prone to. This is a very underrated performance.Chaney brings even more life to the Wolf Man in his 4th appearance in that role. The monster isn't given much to do this time.Just lay on the table until the end(some stock footage from the Ghost Of Frankenstein is used).At least in House Of Frankenstein he was up and around a bit. Yes this does stick to the basic Universal pattern complete with the angry village mob running amok with torches.But it isn't a bad way to spend an hour and ten minutes.It gets a low 8.",pos,positive,pos
"When King Kong stripped her of her top in the 1976 remake, I was breathless. I don't know how many times I went back to see that movies hoping to see more. Jessica Lange was not a great actress then (She became one), but she was so hot! I went to see ""Sweet Dreams"" when it came out because, by that time, Ms. Lange had become a great actress. It looked like a wonderful story. And she's always exciting to see. I never walked out of a movie faster. My wife concurred. When we got into the car, I turned to her, and said, ""If you had told me I would get bored watching Jessica Lange take her clothes off, I would have said your crazy. I just got bored watching Jessice Lange take her clothes off!"" How bad is that?",neg,Negative,neg
"There are so many holes in the plot, it makes you wonder if they knew they had an audience for this and just threw it together. I don't know much about George Zucco, but I've seen him in two movies. Obviously, he has been cast as the loving father, mad scientist, vampire guy. He looks so ordinary. I'm surprised that he ended up in the genre. This is the typical, ""I will create monsters that can be used to fight as an army."" By transferring wolf blood (or is it coyote) to his hired hand, he turns him into a werewolf. Glen Strange, who was one of Karloff's successor's as the Frankenstein monster, plays the kindly, lovable hired man who is victimized because he trusts the mad doctor. At first the scientist is able to control when Petro (his name) can be transformed. But, like the invisible man, suddenly he starts morphing on his own and becomes a liability. There is a little love story of the daughter and a reporter with kind of a high pitched voice (Golly Miss Brooks). She wants to leave but her father, the doctor, won't allow that. He is also driven by a group of his peers who mocked his research before and now he is going to have satisfaction. The way he plot to embarrass or kill them is pretty far fetched and depends a lot on Petro and the guys sitting around waiting to be attacked. It's not a very good movie. The strong point is atmosphere of the woods as people and monsters lurk around the Spanish moss. Once again, the townsfolk are a bunch of morons, who look like they escaped from a bad western. One thing that stayed with me was that a little girl is the first victim and that seems unusual for a film of this era. There's also a pipe smoking old lady who knows about werewolves but nobody listens to her.",neg,Negative,neg
"The 1998 version of ""Psycho"" needed to be set back in the 60's, rather than present day. The headliners would have done a good job with the setting. There were two scenes that just stuck out like a sore thumb. The first one was at the beginning of the movie when Marian Crane (Anne Heche) was sitting at her desk. Her boss took his client into his office because ""it was air conditioning."" I imagine that the majority of Arizona businesses have air conditioning. The other was the meeting of Lila Crane (Julianne Moore) & Sam Loomis (Viggo Mortensen). Lila sporting the Walkman seemed like an exaggeration to update the movie. The movie did spook a number of the viewers in the theater.",neg,Negative,neg
"Being a fan of bad movies, I was thrilled to find a 3 pack of cr@ppy horror at Best Buy today. The set was cheap and included a terrible film called ""the Dark"" that I actually remember seeing in the theater. The remaining 2 were equally as bad. ""Creatures from the Abyss"" being probably the worst of the bunch. Since they were all bad that isn't saying much. But its stupidity, bad acting, terrible effects and retarded storyline actually made this one a lot of fun to watch. I was rolling on the floor with each new plot development. The discovery of the abandon ship, the missing crew, the realization that there was something terribly wrong!!! It was great!!! Of course, everyone's favorite scene seems to be the sex scene. OMG!! I almost lost it!!! Between that an the ""monster cam"", I have to say I enjoyed this film a lot. I am a fan of bad movies so I enjoyed it but in all fairness, I did have to give the movie a 1. IT WAS AWFUL... But if rubbish is your bag, at least rent this one... (YES the BAD pun was intentional)",neg,positive,pos
"(Spoilers more than likely... nothing really important you couldn't have figured out yourselves) Yeah, it's really weird. I rented it at a Blockbuster for the reason it had absolutely NO description of the movie on the back of the box, only a list of the bands that had songs in it. But after that, I had a dikens of a time finding it, even here on IMDB. I kept confusing it with ""Night of the Demons,"" but, you know, they're basically the same thing.  The parts I loved most about this movie was the whole thing in the garage. That black gym guy was hilarious the way he screamed ALL the time. Even when screaming wasn't really necessary, he'd let out a ""LISTEN UP NOW!! BLOCK THE DOOR WITH CARS!!!!"" and so, they'd run cars head on into other cars. But, then he got balls and shafted by a zombie with a broom stick I believe it was. The other part that kinda caught my attention was the part with the crash outside the building with the guys that they girl didn't want to come over... To what significant aspect of the movie did that give us? What was it? Why was it there? Why did the movie end with a guy breaking the TV's in a studio? I saw that there was a zombie running towards the screen, but he was kinda far away. I mean, he could have just turned the TV off. Yes, this movie was shot on a whim and yes, I hated it. Good day...",neg,Negative,neg
May be I don't get it right. I mean the movie. It does not make me happy or whatever has to do . Maybe because of my mood. Anyhow this one is a simple family movie with kids for actors. Just admit that   all movies of that kind cannot pass the barrier of 4 out of 10 never mind who is playing in the movie(example Antonio Banderas was playing in that kind of movies... two or three of them cant remember the exact count). I got bored. I almost fall asleep just because the topic is so cliché and the actor play was so predictable. But I am sure that my kid will love this movie when he grows up... Hey Im not a monster I found some hilarious or good moments in the movie. The owls in the movie were sooooo cute. The trick with the painted police car windows and the hits that the kid received in the head by a golf ball...,neg,Negative,neg
"First, I want to clear a common misconception: It is not unrealistic that the school Zoey goes to gives students laptops. At my school, those in grade 7 and higher must have Apple Macbooks (this is payed for in the entrance fee). Moving on. This show is very annoying. It has boring, predictable plots and bad acting. Often in the show it brings ""girl power"" to a new high, with girls beating guys in everything they try. But that is not the worst. The worst is that girls are nevertheless all portrayed as being focused on their personal appearances, and screaming whenever they are happy. Except for the one smart girl, who is portrayed as a freak who is obsessed with ugly boys and science. However, this show is very addictive. I do not know why, but it is. Although, the most recent season has been SO terrible, bringing the stereotypes, boring plots, and bad acting to extremes I never thought were reachable, so I am no longer addicted, thankfully.",neg,Negative,neg
"One of Starewicz's longest and strangest short films follows a toy dog in search of an orange after becoming animated by the tear of the mother of a girl who longs for an orange. The dog comes upon an orange after falling out of the back of a car on his way to be sold, but at night must protect the orange when he comes enters a devilish nightclub featuring many bizarre and scary characters. With the help of a stuffed cat, the dog gets the orange back to the little girl and she is saved from a terrible scurvy death. The Mascot features new techniques I have not yet seen in Starewicz's films. The addition of sync sound and a mixture of live action with the stop motion animation makes for a new twist on Starewicz's old style of puppetry. Live scenes of moving cars and people's feet walking by as a puppet sits on the concrete sidewalk is impressive and fresh. The honking of cars and cries of street vendors is noteworthy due to the fact that small studio shifts to sound were costly and Starewicz's utilization of the new technology seems like old hat. New puppet characters in this film are frightening contributions to the devil's club scene. Twigss and newspaper shreds come to life. Skeletons of dead birds lay eggs which hatch skeleton chicks. Characters come flying in from all over on pats and pans and rocking horses. A new editing technique uses quick zooms which are accomplished through editing to speed up the pace of what before might have been a slow scene. Overall, Starewicz is able to update his style of film making to meet the demands of a new audience making this film one of the best examples of his work.",pos,positive,pos
"Some guy named Karl Rhamarevich learns how to live on even after death through telekinesis. He's interred in a mausoleum. That same night Julie (Meg Tilly) has to spend the night there to get into a group called ""The Sisters"". And Karl's ""power"" is in full bloom. Silly movie. I saw it in a theatre when I was 21 and was generally bored. The PG rating should have tipped me off  this is a horror movie for kids. One REAL stupid scene at the end has a corpse breaking THROUGH concrete to hit a young guy! For starters corpses are put in HEAD first making it impossible for the corpse to use his arms and there's no way anybody is going to break through concrete. When you're noticing silly mistakes like that, the movie is not doing its job. It has two good scenes  two of ""The Sisters"" are ""attacked"" by floating corpses crowding them in. At one point one of the sisters punches a corpse in the stomach  her hand goes IN the body and she can't pull it out! That scene has stayed with me every since. And there's a cute little bit involving a corpse and a toothbrush at the end (which had my audience laughing). But the rest of the movie is a dim, dull memory. For kids only  adults will be bored. I give it a 3.",neg,negative,neg
"Okay, it's a movie for children, and it's not one of those movies that adults will enjoy as well. However, there are some unintentionally funny moments, most of them involving holes in the story. For example, the kid needs a computer part to bring his dad back to normal, and he doesn't have the money. So, does he ask his father for the dough? Nope, he STEALS IT and gets caught. Kids, if I'm ever turned invisible, I'll advance your allowance, ok? Also, while this kid is at the police station (no doubt about to be charged with criminally lame acting), his beautiful blond teacher comes in, announces who she is and where she works, then BUSTS THE CHILD OUT OF THE SLAM IN FRONT OF THE COPS! To make matters worse, instead of making a quick getaway, they then SIT IN THE PARKING LOT OF THE POLICE STATION AND LAUGH ABOUT THEIR ACHIEVEMENT. You know, I hate to pick, but the kid DID steal something and ought to face the consequences, but maybe being in this movie is punishment enough. Y'all avoid it!",neg,negative,neg
"As long as you don't mind paying a little more attention than you normally might for other films, this is one of the best ""thrillers"" you'll ever see. The film portrays an incident that might occur in real life; nothing in it seems fictional at all, in fact. It also portrays how people might react in real life. In fact, it portrays these so well that is seems like real life. Combine that with the lack of a soundtrack, and you've almost got the best news like movie you've ever seen. Jane Fonda and Jack Lemmon are particularly good in this late seventies masterpiece, evoking concern on her end and genuine tragic pity on his end. I highly recommend it to anyone who likes thrillers.",pos,positive,pos
"Maybe we Aussies just have a totally different sense of humour and therein my lie the only problem here. I have a database of all the DVDs I own (including those received as gifts   which this was) and so, when entering a new one, I always refer to IMDb for such info as genre, runtime, director, leads etc. When entering this, I noted that it was a comedy and so I decided to watch it at a time when I wanted something light and a good laugh. Well, it was neither! There were absolutely NO laughs at all and an inordinate amount of gratuitous profanity (are there REALLY radio announcers allowed to broadcast the sort of filth that Steve Jones dishes out? What if a decent child happened to tune to his station?). Rather than enjoy a good laugh (or even a little giggle) I found the whole thing thoroughly depressing. I have given it 3 out of 10 but, to be honest, I don't know what those 3 are for! I suppose the basics of lighting and sound weren't too bad!  We have an ostensibly stone broke loser (Giovanni Ribisi) who still seems to be able to drive a reasonable car (who pays for the fuel?) and live in what could be a nice apartment (who pays his rent?) Given the opportunity of forming what might have been some sort of meaningful relationship with what turned out to be a nice girl, he even blew that! Perhaps it was she (Lynn Collins) who earned this movie the 3 points! The fact that she works as a stripper rather than a hairdresser is one of the few aspects of this movie that makes sense (""I make as much in one night doing this as I do in two weeks' hairdressing""). Unless you want to get depressed and bored to the teeth, forget it!",neg,negative,neg
"I like Steven Seagal but I have not a CLUE what this movie was about. I am not easily lost with movies but I had no idea who was on who's side. Hopefully some of his future movies will be a little better. My wife still thinks he looks good in black jeans, however. :P",neg,negative,neg
"8 2008. When I originally wrote my comments, shortly after first seeing this film, I took a critical view, feeling that Lemmon and Matthau had basically ""phoned in"" their performances, which paired them in a manner they'd done several times previously. But upon seeing it again, it seemed different, especially in view that neither of the two main mega stars lived a great deal longer after its release. With the exception of Spiner, all of the eight principals are performers with considerable experience, and likewise unavoidably a lot ""longer in tooth"" than we've seen in many of their other film and t.v. work. But isn't almost everyone? Seeing it again, while it certainly won't be regarded as a ""classis"" in any of their careers, it is a fun film, with a lot of interesting scenery as well. From my viewpoint, it reminds me that many films, plays, etc., can often be looked at either from a very critical viewpoint, or looking instead to the lighter side, without expecting a film to be another ""Citizen Kane,"" ""Casablance,"" or (in terms of the two leads), another original ""Odd Couple."" It also will provide a continuing piece of nostalgia for Lemmon and Matthau, as well as the others in the cast.",pos,positive,pos
"another eli roth in the making. self promoting, bad script writing excuse for a horror director. victor is as far from the new horror icon as mary poppins (reference to the Disney score). what is going on here? you have marilyn manson opening and closing this piece of crap and chitty chitty bang bang all through it. can this even be called horror? horrible, yes, but horror is a stretch. David lynch should sue them for stealing the elephant man prosthetics. please stop these fan boy want to be directors now. the video directors already have enough competition breaking into the film industry. getting online and talking about how great your movie is does not make it true. stop the insanity. i work in the industry and yes these films are fun to work on, but rarely ever entertaining to actually watch.",neg,negative,neg
"In one of the many Bugs Bunny Daffy Duck cartoons, Elmer Fudd is out hunting, and Daffy tries to get him to shoot Bugs. Needless to say, Bugs has his own agenda. Moreover, ""Rabbit Seasoning"" makes interesting use of word order and pronouns (warning: it just might hilariously and royally mess up your speech). I think that probably my favorite aspect of this cartoon is the costumes worn by Bugs and Daffy. One of them seems like it would have been risqué for 1952 (especially in a cartoon), but they pull it off perfectly, as they always did. All in all, this just goes to show what geniuses the people behind these cartoons were.",pos,Positive,pos
"Now I like Victor Herbert. And I like Mary Martin and Allan Jones. But it would have been nice to see a real biography of Victor Herbert. Walter Connolly as Herbert does have a decent resemblance to him in his latter years Jones and Martin sing beautifully though. The Herbert music is just there to adorn the plot line concerning these two musical performers. Jones's John Ramsay is a frail character, very similar to Gaylord Ravenal in Showboat who Jones also played. As for Mary Martin, it's a mystery why she never had a good Hollywood career. She did films with Bing Crosby and Dick Powell as well as this one. She performed well, but movie audiences didn't take to her. The best musical moment in the film is Jones and Martin in a duet of Thine Alone. The recordings I have of the song are individual and it was written as a duet. There's also a pleasant scene with Jones and Martin riding bicycles swapping Herbert songs as they ride. The real Victor Herbert with his womanizing and his Irish patriot background and his musical training in Germany where he developed a love for all things German would have been a fascinating study. He was also a cello virtuoso before he turned full time to composing. I have to take strong exception to the reviewer who said Cuddles Sakall would have been a good Victor Herbert. Sakall as Irish, HELLO. Nice movie, but the real Vic would have been so much better.",pos,Positive,pos
"To judge a movie just for the landscapes,decor,costumes....it is just not right , you are missing the core : THE STORY A movie has to narrate something , to tell a story something that impress you . Yes , I was pleased by the sea , cliffs , clear water and all that but ... There is the plot ? They are more interesting movies with mad people , such as : FLIGHT OVER THE CUCKOO""S NEST...etc...etc. This one is about a crazy woman who is more attached to dogs than his children or his husband. Just a clear psychiatric case !!!! Nothing extraordinary.Unfortunately a waste of time . And there is all that rage coming from ? Fish smell ? Sea ?",neg,Negative,neg
"""The Next Karate Kid"" is a thoroughly predictable movie, just like its predecessors. Its predictability often results in a feeling of impatience on the viewer's part, who often wishes the story could move a little faster. Despite its lulls and its extreme familiarity, however, this fourth entry in the series is painless, almost exclusively because of the presence of Morita. He doesn't seem tired of his role, and he does inject some life and humor into the film, becoming the best reason for you to see it. Not awful, but nothing much, either.",neg,Negative,neg
"If I had to pick the most depressing movie, try to be suspenseful I've seen it'd be this one. I know about how good the original is supposed to be, it had better be better then this one. The movie's so dark and depressing but it isn't interesting to watch either I've seen depressing ""thriler"" type movies that were saved because of the suspense to counteratc and balence the dark quality. Vanishing didn't have that, This was so disturbing to watch to begin with and there was nothing positive to make this a classic type movie. I think another IMDb poster got it right in saying this genre has just seen thrillers done in a far superior way. I completely agree I would recommend skipping this one maybe I'll watch the original some day but I doubt it. I give this a 2 out of 10.",neg,negative,neg
"""Season on the Brink"" is one of my favorite books of all time   an insightful unflinching look at Bob Knight and his Indiana Hoosiers. And Dennehy is one of my favorite supporting actors of all time. So I made a point of watching this adaptation. It disappointed on every level. Dennehy's performance was less than inspired, and he seemed unprepared to play Knight   like he had accepted the role just prior to filming. The rest of the cast isn't much better. And it was obvious that this was ESPN's first movie. It was poorly directed, poorly filmed, and the lack of budget was obvious anytime games were being simulated (smaller gyms, empty seats, etc.) Skip this adaptation and read the book   it holds up well to this day!",neg,negative,neg
"I didn't see this movie when it originally came out, but there has been a couple songs sharing the title and the term still gets used from time to time and I figured there must be something to the flick, so I dug it up and gave a view. Now I would like the approximate hour and forty five minutes of my life back(it seemed much longer). There was nothing particularly bad about the movie, the acting was good, no large plot holes, of course there wasn't much plot to have holes in. There just wasn't a lot to the movie. There was some chemistry between the two but nothing compelling about their relationship; Nothing interesting about their story. Near the end when he attempts to chase down the train to catch his fleeing romance, neither my wife nor I wanted him to catch her. Honestly we figured they were better off with out each other and if they did get back together we really didn't care. So what's that say about this love story when even a 25 year old sappy romantic like my wife had no emotional investment in the relationship. I should have left this one in the ""missed"" category. Logan Lamech www.eloquentbooks.com LingeringPoets.html",neg,negative,neg
"""Caribe"" is not a masterpiece in any of its storytelling aspects. However, it delivers a perfectly enjoyable story, along with a magnificent cinematography. The narrative structure is set around two narrative axes, one of them embedding the other, each one having elements that relate and co exist in excellent harmony. The story never loses the right pacing, and it shows a very good blending of the human figure with its natural environment (which is a character in itself). The acting is great, and for that we owe credit to the emerging director, Esteban Ramírez. Furthermore, the characters are very well written and masterfully complex; so, once you become familiarized with them, you can perceive their feelings without them even saying anything. I can't say I liked this picture because of all the hype it generated(in Costa Rica), but rather because of the way it really achieves in showing an interesting portrait of what happens when you interfere with the equilibrium of people's lives. Hopefully, Caribe will establish a reference for future projects in Costa Rica, as it is a very good example of nice movie making.",pos,positive,pos
"I missed the beginning of the film. I came in when the partisan's were in the farm house. I can truthfully say that it was horrifying. The moral ramifications are staggering.  My fear of pain and torture leave me unable to see myself other than cowardly. I see the Christ like ability that was depicted by the brave patriot, and I can only pray that I could or would have the moral turpitude to follow his example. I see that a main theme of the film is to show the weakness strength of the tortured, but what a dismal decision to have to be confronted with. All because the soul of man can be distorted in such a way that, pain and suffering being brought to bear on a fellow human being is in some way satisfying. Be it mental or physical.  I found the film very thought provoking.",pos,positive,pos
"When It Comes to ANY Movie that was made in or about the South,The Characters are Labeled Racist or Hillbillies or Even Worse That Awful RACIST TERM ""Rednecks"". This Movie Was a Murder Mystery, Plain & Simple. It was a Great Murder Mystery & Did Demonstrate Some Of Human Feelings About Each Others Race. The Same Type of Observations Made By Black Character Actors Toward Whits in Todays' Movies. Before Watching This Movie, One Should Get the ""MISSISSIPPI BURNING"" Chip off of Ones' Shoulder & Enjoy the Plot, Wonderful Acting, & Reminiscent Scenes of Simpler Times That While are Gone, They Will Not be Forgotten. Mr.Faulkner Did His Hometown of OXFORD,Miss. Justice by Having this Movie Shot There. The Producer Noted While Shooting the Movie There, His Stereotypical Perception of Whites were Misconcieved & That He Observed WHite & Black Townspeople & Locals Getting Along With Each Other in the Same Way. So, Sit Back & Enjoy one of Mr Faulkner's Great Classics & Try to Figure out Who The Killer Really Is...",pos,positive,pos
"Tomorrow Is Another Day is NOT the sequel to Gone with the Wind but a lovers on the lam story, and a surprisingly alert and moving one as well. For a supposed hack relegated to B minus features like The Devil Thumbs A Ride, Felix Feist proves adept at filling his work with unexpected, inventive details. Steve Cochran leaves prison after 18 years for killing his brutal father when he was only 13, and now he's still a tentative, gawky pubescent operating inside a man's hulky frame. Lonesome, he visits a 10 cents a dance palace and falls for brassy, grasping Ruth Roman. But the sudden shooting of her police bigwig boyfriend causes the ill matched couple to hit the road, ending, like the Joads, in a California migrant worker camp.  Roman's the revelation; in her best known role, as Farley Granger's fiancee in Hitchcock's Strangers on a Train, she was ill  and under used. Here she modulates persuasively from bottle blonde taxi dancer to sacrificing wife and mother to be (and a brunette, to boot). Cochran's almost as good, waffling between the suspicion of a wounded child and the explosive reactions of an under socialized male. And the ending, while unconvincing, is nonetheless welcome. Along with They Live By Night and Gun Crazy, Tomorrow Is Another Day displays a redeeming sweetness and warmth that belie its film noir pedigree.",pos,positive,pos
"I thoroughly enjoyed this film when it was first released, and on each occasion I've seen it since. The political drama is effective, if not especially new or inspired. The decades since the release of the film have demonstrated that the willingness to cut costs at the expense of public safety is definitely not just something imagined by a screenwriter. However, I think the most impressive element of this film is Jack Lemmon's performance. It is absolutely astonishing to watch him at work. He has the gift to be able to communicate so much, at times without saying a word. Next time you watch this film, check out Jack's face at the times he is not saying anything. He does not need to speak (or worse yet, to mug) to let you know what's going through his mind. I am calling this a spoiler, because of the impression it made on me when I first saw the film: in Lemmon's last scene in the film, as he is lying on the floor, he feels a slight vibration. The terror in his eyes is one of the most frightening images I have seen in any film. It is perfect acting, because it conveys instantly the threat about to occur  if Jack's character is so terrified, there is certainly something awful about to happen. And it does.",pos,Positive,pos
"God cuts himself with a straight razor, afterwards, he gives birth to mother earth, which then gives birth through gods semen, son of earth.  This is a one and a half an hour movie that sort of depicts a dark version of how god created the world. Its surreal, dark and poetic. The most important aspect of the film to me is the visuals. Its shot in a very grainy black and white film, using both slow motion and normal shooting. Sometimes even fast film and stop motion. The scenes are long and dragged out, that sets a very weird mood. No sounds were recorded when filming (i think), sound effects were added afterwards, such as criccets, water and other ambient sounds, repeated over and over. As you might understand this movie is certainly not for the impatient person... I often felt it was similar to David Lynch's Eraserhead, only this one is even harder to understand, and even more dragged out, but that's okay for me, I like that kind of stuff. Its certainly not entertainment (at least not the Hollywood kind) so if your going to check it out, i recommend you set yourself up for it. Be open minded, and except something like the end of 2001: a space odyssey.",pos,Positive,pos
"I saw this movie with my girlfriends and we all loved it! It is so sweet and heartwarming, a real tear jerker! I was still thinking about the story days after i'd seen the movie. It's such a beautiful story about the difficult things all families go through, it's something anybody can relate to. I really recommend this movie to anybody looking for a Saturday night rental. With your girlfriends, your family, your boyfriend, everyone will really enjoy it! :D It's a real story about a real family that would pull at anyones heartstrings. Not to mention, beautiful landscape shots and fantastic acting. See it, i'm sure you'll love it as much as I did!",pos,Positive,pos
"I was looking forward to seeing Bruce Willis in this, especially since I remember being mesmerised by the original when I was young. This movie is a perfect example of how movie companies can take a very good story and dumb it down until it's just another formula ridden hype of the fabled American law enforcement system army VS, (the Russians.... no sorry the cold war is over, make that WITH the Russians) VS the TERRORISTS, similar to probably 50 other movies. Furthermore it treats its audience like a bunch of idiots. The choice of weapon is well, plain ridiculous, are we seriously expected to believe that the world's most feared and experienced hit man terrorist would select that for an assasination? The whole point of the original story was the tense dual of intellects between the ordinary detective who is given the responsibility and the professional who crafts a ruthless but elegant plan to reach his target and then get away. None of that survived. All we have is the tired old American CIA FBI army vs the evil terrorist plot, we've all seen 1000 times before. But of course the movie company's MBA's realised that a new intellectual angle here would lose them revenue from the short attention span gang, so the answer is ......Bruce Willis, BIG explosions and a crippled plot. They assume the American audience wont be able to relate to a threat to a foreign statesperson (where is France on the map afterall) so it has be an American! Another example of a movie defiled by the boardroom.",neg,negative,neg
"Being in the suburbs of New York when the Z Boys were creating history in Dogtown, I was only exposed to a glimpse of what was going on. I had a P O S Black Knight skateboard with clay wheels. It is long gone, and on the ash heap of my personal life. But I never forgot. It's like watching long lost brothers and friends, and it hits me right where I live. I cannot watch this film enough. Every time I view it, some other aspect rises to the top, some other viewpoint come into sharp focus. The vintage footage, the incredible stills, the current personalities intermeshed with the vivid shadows of the brightly lit past, the heartfelt and not over done narrative, all beautifully edited together in such a way as to make a landmark documentary of a genuine slice of American history. In the words of Glen Friedman   ""It was F ing unbelievable.""",pos,Positive,pos
"I should've realised it was a sign of things to come when the trailer for this film bored me. Having watched several ""indie"" films on the strength of the reviews on here, and subsequently finding that my view is completely opposite to those other reviewers, I began wondering if it's possible I am watching completely different films from these people, or are they perhaps friends family etc of the film makers trying to 'big up' their work? Hmmm. Are you interested in seeing an amateur's homage to Pulp Fiction and 11:14, except done with worse actors, a silly score (undermines various scenes) and unbelievable jumps in logic? If not, then skip this film. Here is my open letter to two of the players in this film. Alfonso Morgan, please, please, please, stop trying to 'be' Samuel L Jackon a la Pulp Fiction. No one can do what he does as well as he does. Director, please come up with something original. It does you a disservice to churn out this stuff pretending to be Quentin Tarantino. Simply dire, and I really cannot see how anyone could say this is a good film. It is a disgrace that people have somehow managed to put a score of 8.5 on this, the same as films like Pulp fiction or Goodfellas. It is no where near these movies; a 4 or 5 would be a more reasonable average rating, I give it a 3.",neg,negative,neg
"Peter Boyle was always a great actor and he proved it by his performance as a gun ho Bigot, making me hate him everytime he used the ""N"" word, I watched him and his big mouth and wanted to punch his lights out. ( Just think, Peter Boyle was a Monk once) (Now a supporting actor in ""Everybody Loves Raymond"") Susan Sarandon making her first debut need a bath right away and enjoyed sharing it with someone else in his own dirty water. I noticed a large Raggerty Ann Doll(creator, John Gruelle) was the only thing that Susan could actually trust and love and the doll appeared in quite a few scenes. If you really want to know about the way out 70's with drugs, free love and pipe dreams, then, enjoy the excellent direction of John G. Avildsen (""Rocky and ""The Karate Kid"") I always thought that Peter Boyle should have been blown away in the end!! This is definitely a cult classic well worth viewing and sharing with others.",pos,positive,pos
"By convincing the Prime Minister to back the totally unsuitable Ali G as a candidate for Staines in the local elections, nasty chancellor David Carlton (Charles Dance) hopes to discredit his party's current leader, thus enabling him to seize power. To his surprise, however, the plan backfires, Ali is embraced by the nation, and Carlton is forced to find other ways to try and guarantee his political future. Puerile, crude, misogynistic, and always outrageous: Ali G Indahouse, the big screen debut outing for Sascha Baron Cohen's middle class Berkshire gangsta, is all of these things and much moremeaning it's my kind of film!! Obviously, there are those who are simply not going to get the joke, and there will definitely be people who find risqué jokes about oral sex, homosexuality, recreational drug use, hardcore pornography, and The Queen's nether regions offensive in the extreme (needless to say, they should stay well away!), but if you find such juvenile humour side splittingly hilarious, are a fan of Baron Cohen in general, or just want to see hottie Rhona Mitra in her underwear (and you shud, cuz she iz well fit!), then I fully recommend spending an hour and a half in the company of Ali G and the West Staines Massive. They iz wicked!",pos,positive,pos
"Rainy day with not much to do. We were surfing the movie network channels and found this one just starting, so we gave it a chance. The more we watched, the more we became engrossed in the story. Its the old story of working class underdog trying to make it in a sport which at the time (1913 I think) was usually played by the wealthy upper class but this movie was every bit as interesting as Seabiscuit and this is also based on a true story. The acting is believable and the casting is brilliant. AND . . . . we are NOT golfers, so please don't miss this one just because its about golf. Any individual sport would serve the plot, because it's about the people. Golf works well for this story because of the class distinction and snobbery that seem to involve some who play the game. Bottom line . . . . Its a feel good movie. It's well put together and isn't it always fun to see those who think they are better than others get taken down a peg or two.",pos,positive,pos
"I'm trying to find something of value here. The best I can muster is that Truffaut wanted to make a movie as tedious, painful, puerile, annoying, illogical, and brainless as the experience of being in love. If that was his goal, then he succeeded, but the solution to his exercise is really a drag to watch. There is one scene that screams for a spoof: Belmondo compares the features of Deneuve's face to the features in a landscape . All I could think the whole time was ""glacier,"" ""ice floe,"" ""two lonely fishermen wearing Army surplus on a frozen lake in Minnesota."" The only other point of interest was the resurrection of Buffoon's theory of climatic determinism. The tropics are presented as paradise, and things get progressively worse as they get colder, hell being Calvinist French Switzerland. That was kind of funny.",neg,Negative,neg
"Alex North (John Cassavetes) has problems in relationship with his father and flees home to join the army, from where he very soon deserts and comes to New York intending to start a new life, using as an advantage the fact that nobody knows about his past. He finds a job at the Waterfront, where he meets Tommy Tyler (Sydney Poitier) a lively young man, who is happily married and is a living contrast to Cassavetes' sad and unhappy character. They very quickly become good friends and Tommy does his best to help his friend. The only problem is that their superior at work, a tough worker Charles Malik (Jack Warden) is sort of envious of their friendship as well as Tommy's constant happy disposition and success in personal life. He really manages to make their life difficult when he comes to know the truth about Alex's past.  A good drama skillfully directed by Academy Award nominated director producer Martin Ritt (The Hud) and featuring wonderful performances from Sydney Poitier and Jack Warden. 7 10",pos,positive,pos
"That was a waste of 9 dollars. the movie was terrible. all the ""scary"" parts were pointless and sadly repetitive. Seemingly all of the tense parts could be completely predicted, and did not seem to hold any bit of the audiences attention. Also, the plot line didn't advance at all during the entire movie, and it was all just a big setup for the grudge 3. When it seemed like the movie was about to make a big plot advancement, it turned out just to be a pointless scene. these directors need to follow Hitchcock's example: every scene has a point. Porbably 90% of the scenes in this movie could have been left out with no change of the plot. Final opinion: Don't waste your time, energy or money!!!",neg,negative,neg
"Camp Blood is an absolutely atrocious slasher film. We're mixing Friday The 13th with the Blair Witch Project and adding....a killer in a clown mask. The budget for this film must have been very low, some of the actors played multiple parts and the camera used produced a picture equal to the colourised version of the original Night Of The Living Dead, which if anybody has watched that version will back me up that it is poor. This film was just so bad. There is nothing in the film even worth watching. The very fact I watched this all the way through stunned me. Just take my advice and don't buy or rent this film. It is appalling.",neg,negative,neg
"It was easy to dismiss this film as hyperbole at the time of its release. Fonda, Douglas and Lemmon were known ""lefties"", but the accident at Three Mle Island provided shocking context to this fictional drama. This film works on many levels, taking shots at both public utilities and TV news. 1979 was the zenith of the infamous ""Happy Talk"" format of TV news (see also ""Ron Burgundy"") and it's on display here in all its glory. The sonorous anchor grimly reads a story about a ""grinding head on collision"" before cheerfully introducing Kimberley Wells (Fonda), doing a story about a veterinarian who makes house (or is that ""aquarium?"") calls. The show's producer and the station manager argue about content   or lack thereof   behind the scenes. There are a few technical errors. The PR flack (James Hampton) shows Fonda and Douglas the requisite scale model of a pressurized water reactor plant, built by Westinghouse. Later, as Lemmon and Wilford Brimley (nicely playing Lemmon's friend colleague, caught between duty and loyalty) fight a sudden crisis in the plant' s control room, they're obviously running a boiling water plant (built by GE.) A small point, but curious, considering how many details the screenwriters got right. Like any good drama, the film asks more questions than it answers. The real world accident at TMI proves the film's basic premise. The working title for the film was originally ""Power"", and you'll see why. As nuclear power prepares to make a comeback in these days of $3 gas, ""The China Syndrome"" is as relevant today as it was over 25 years ago.",pos,positive,pos
"If anyone at National Lampoon is reading this PLEASE STOP THE CRAP YOUR PULLING OUT OF YOUR BUM, really now! Why the hell are you doing movies like these? They're not funny and watching it for the sexual content is a complete waste of time, really. It is such a horrible movie you may want to shoot yourself while your watching it. I am serious here, guys, it makes Harol and Kumar go to blah blah blah look like an actual good movie (and we all know that H&K is one of the worst movies ever made) It really sucks, it REALLY does. How bad it is? Well, even losers that actually like National Lampoon shall hate this movie...they'll want to murder the director, I swear to God. I hate you, National Lampoon, die already. Die.",neg,negative,neg
"What happened to Ava Gardner in the 1940s and Marilyn Monroe in the '50s also seemed to take place for modern day actress Michelle Pfeiffer in the '80s: Her remarkable good looks got in the way of her being taken seriously as an accomplished, superbly talented actress. Anyone looking for validation of Pfeiffer's dramatic abilities need look no further than her work in 1991's ""Frankie and Johnny"" or '92's ""Love Field"" (a personal favorite of mine); those looking to see what a splendid comedic actress she can be, when given the right part, should check out 1988's ""Married to the Mob."" In this one, she plays Angela Demarco, the widow of a recently ""iced"" Mob hit man, who moves from her garishly tacky Long Island home to start a new life for herself and her son, while being pursued by Mob boss Dean Stockwell and FBI man Matthew Modine. While this movie has lots going for it (a very amusing script; offbeat characters; sudden sharp turns to unexpected violence, as in director Jonathan Demme's previous effort ""Something Wild""; and hilarious yet menacing performances by Stockwell and Mercedes Ruehl, as his jealous wife from hell), Michelle steals the show easily. Notice how perfectly she nails Angela's undereducated, Long Island Italian accent, and the many fine mannerisms that she brings to the role to really flesh out this spunky and surprisingly bright character. Once upon a time, long ago, Oscars were handed out to actresses for comedic roles such as this one. Had this film been made 60 years ago, Michelle mighta been a contenduh...",pos,positive,pos
"I expected this movie was originally supposed to show before the election. CBS's last shot at throwing a dig at Bush. This movie was just awful yet I'm still watching it. **Minor Spoiler** I think CBS got the same people who ""provided"" the memo's to do the semi cut in half sequence. What is with the bad boyfriend storyline? Can the acting be more contrived or the dialog more like a Ed Wood movie. Who ever came up with this script please do us a favor stop writing. If you want to see decent B grade disaster movies then see Earthquake, Flood etc. Avoid this mess of a movie. Hint to CBS avoid showing us this crap. Give us re runs of CSI instead. Better acting and more believable.",neg,negative,neg
"Incredibly, ""Vampire Assassin"" is significantly worse than such atrocities as ""Tequila Body Shots"" and ""Zombie Nation""   and those movies are TERRIBLE. Writer director star Ron Hall is devoid of both charisma and acting ability, and is also clearly incapable of the most basic directorial concepts. Possibly the worst camera work, editing, lighting, sound, visual effects, music and fight choreography I have ever seen in a movie. Rarely do two shots cut together, nor can you see much in the beyond dim lighting. The terrible dialogue is spoken extremely slowly by a supremely untalented cast, stretching the movie to a near deadly 87 minutes. This is a truly laughable embarrassment for everyone involved. Obviously, aficionados of terrible film making will want to see this, but it's very hard to sit through no matter how experienced a bad movie viewer you are. The fact that Ron Hall thought this was actually releasable is astounding. If you are a movie director, and you actually think it's OK for the opening credits of your movie to include a few frames of the words SLUG before the title appears, left over from your rough edit   and you apparently can't muster the energy to edit those frames out   then your standards are obviously so low as to be insulting. I am astounded that Lions Gate Maple agreed to release this movie on DVD. In spite of Rudy Ray Moore's very brief cameo, this movie is a work of supreme self indulgence on Ron Hall's part   he clearly thinks he is a formidable actor, and must also believe he possesses superior writing and directing skills   but the movie is so unbelievably inept that it's hard to believe he'd actually want people to see it for fear of being brutally excoriated like I'm doing right now. A jaw dropping, insanely terrible movie. I'm not kidding.",neg,negative,neg
"This film, with only two characters, takes you closer to these two people, the interrogator and the prisoner, than most films take you to any character, however well crafted. The sheer confusion, terror and pain which Madeleine Stowe's character undergoes is deeply disturbing, as is Alan Rickman's sadistic yet charming interrogator. This film is all too possible, and builds to a shocking climax, the effect of the film as a whole leaving you sitting in silence at the end. It'll haunt you for a long time.",pos,Positive,pos
"Pretty bad. This film about a grizzled(and frankly rock stupid) old prospector and his dog'Shep' i.e., Lassie, as well as an annoying kid whose name I can't recall at the moment. At the beginning of the movie, the old prospector has DELIBERATELY buried himself in some sand so that the poor dog will have to dig him out. Why? Did he hate the dog? Anyhoo, somehow or other this idiot has managed to strike gold, and goes to tell his partner. But the man has died, and his sleazy other partner is happy to assist old Jonathan in digging up the gold. The geezer tries to leave is dog with the dead guy's son, but not even the retarded mutt wants to stay with this kid. There's quaint old preacher(for quaint read smelly), and the oily guy finished off the old guy(surprise, surprise) and tries to steal all the gold. Plus he poisons the dog and tries to kill the kid, too. So I suppose its okay that a devilish and crazy Lassie..err...SHEP does this the guy in at the end, although its pretty disturbing in what is basically a children's movie. There are extremely stereotypical(to the point of racial slur) 'Native Americans' who speak without using verbs(as in, Me Make Camp Fire type speech). And that's pretty much the extent of the cast, because apparently Lassie's salary was too big for them to hire anyone else. Kind of dull. not very interesting, and a tad too dark. Not a great movie in any way.",neg,negative,neg
"This movie examines the now infamous Wannsee Conference where top Nazis gathered to discuss the organisation and implementation of the ""Final Solution"" First off, I want to say I was amazed to see Kenneth Branagh play a Nazi. With the slicked back blonde hair, he certainly looked the part but he didn't really act the part well. There was none of the menace & cruelty and in the end, he came out looking like a grinning cheerleader, keeping the meeting going. The real Heydrich would not have let the conference get out of control the way it did in the film. The best performance of all was undoubtedly Colin Firth who played Dr William Stuckart, the man who wrote the 1935 Nuremberg race laws and who gave ""legal respectibility"" to everything the Nazis did. Firth's performance was stunning, the main vocal opponent to what Heydrich was proposing. The best part of all was when he was verbally dressing down one of the Nazi thugs. The thug muttered ""I'll remember you"" and Firth replies ""you should! I'm very well known!!"" The film is historically accurate but let's boil it down to what it really is   90 minutes of a group of men around a table discussing, shouting and bragging. There's no excitement, no real conflicts (except the brief argument). It's just 90 minutes of talking! Same room, same table, same people. I'm not sure if the DVD is worth the money. I for one felt short changed.",neg,negative,neg
"Hard up, No proper jobs going down at the pit, why not rent your kids! DIY pimp story without the gratuitous sex scenes, either hard core or soft core, therefore reads like a public information film from the fifties, give this a wide miss, use a barge pole if you can.",neg,negative,neg
"I truly hate and despise this film and the filmmakers behind it. Sure, I'm all for making a hard hitting and honest film about youth and youth culture.1987's ""River's Edge"" is an excellent example of a well made teen drama. However, what I take exception to is the infantile, grubby and sensationalist approach that the makers of ""2:37"" took. A prime example is how it raises so many issues and yet fails in any significant way to comment or reach a resolution on even one of them. My other major problem with this film, apart from its complete plagiarism of Gus Van Sant's ""Elephant"" (surprised Van Sant didn't sue) is its 'bull loose in a china shop' attitude to quite delicate issues such as incest and particularly suicide. In short, avoid this film like the plague and anything that this filmmaker ever is involved with subsequently. I've heard that his motivation for making ""2:37"" may or may not be based on lies. Having seen the substandard result, this doesn't surprise me in the slightest. This is a glorified student film exercise that has no place whatsoever being in a cinema or on DVD. Pure and simple.",neg,negative,neg
"Though not a huge fan, I am a Three Stooges purist. I believe that their best work, by far, was with Curly as the third Stooge and their earliest films are generally their best. That's because after a while, they began remaking their films and the gags started to get stale. Here, in 1934, they were still rather fresh (in more ways than one) and funny. Here they boys play very improbably roles  respected doctors in a hospital! The three run amok acting silly, hitting each other and scaring the pants off anyone who expects to get better. The non stop energy and freshness make this one a must see for fans. By the way, although I liked this film, I STRONGLY recommend you try to find a much lesser known short from tiny Educational Pictures. NIFTY NURSES is much like MEN IN BLACK but manages to be funnier and is about the best hospital comedy of the era  better even than Laurel & Hardy's COUNTY HOSPITAL.",pos,positive,pos
"This movie is so bad, they wouldn't buy it back at my local used CD DVD store. I only own it because it came in a box set which I bought for the masterpiece ""Deadfall"". The store bought back the other two movies I was selling from the four disc set, but they wouldn't buy back Underworld, and those other two movies redefined rank, so what does that say about this movie? So I tried to sell it back to another store, that even bought back budget DVDs that you could buy for a dollar at a local store, but they wouldn't buy back Underworld either. This movie is bad on every level, and is one of those that came out in the post Tarantino clone glut of the mid 90's. The only slightly redeemable element is Dennis Leary telling Joe Montegna, that he's a ""stinky friend"" and calls him ""Mister Stinky Friend"". That line is so delightfully horrible, that I can't help but quote it at least once a week when describing a stinky friend. But now that I've enlightened you with that quote, you don't have to go thru the pain of watching this movie.",neg,negative,neg
"Turkish culture is complete with lots of different cultures. different cultures have different styles of music. Istanbul is like the mixture of turkey. it has mostly the same language but different dialects. this documentary shows us these different kinds of music with different dialects and different instruments. you can watch reportings with singers and groups, their performances , their daily life and learn their thoughts of music. the movie includes not only the music of Istanbul but the life in Istanbul , how people communicate and what they eat and drink. the surprising part is although i live in Istanbul i learned lots of things from this movie.",pos,positive,pos
"Hellraiser: Bloodline is where the sequel mediocrity of the Hellraiser series well and truly sets in. Gone is the imagination and invention of the first two movies. Gone is the ethos of Pinhead and his minions. Gone are the sick desires of humans. In fact everything that once made Hellraiser so original has been trashed by this mess of a picture. All that is left is that basic premise of Christian mythology that there is a Hell with evil Demons. What happened to the evil that men do? This watered down excuse for a Hellraiser movie is padded out with endless Psycho Babble, so that Pinhead becomes a nonsense spouting philosopher and not the harbinger of doom as he is meant to be.  The film uses the most basic of film formulas with characters separating and getting individually killed. Pinhead is not Alien. The link between the box and the 'demons' or 'Hell' is never established it just arrives at a sacrifice and sits on a sideboard. The lead female Character is called 'Rimmer' and the producers obviously think it really funny because everyone keep saying her name. Really the film should have been retitled to give it that characters name. Shame on you Kevin Yagher and Alan Smithee.",neg,Negative,neg
"This movie started out as a quite decent looking film but it never really kicked off, instead it became predictable and even a bit silly. Some scenes were quite well made, the photography and the cuts used in combination with sounds and such made it a bit more interesting to watch, but since the story was quite slow it didn't manage to keep the interest alive. And more importantly, its not scary at all! It's supposed to be a horror movie but there wasn't a single scene that was close to frightening or even exciting.. To be frank, the actors weren't all that great either, no colorful characters you ll remember for the rest of your days.. Overall a watchable movie but it doesn't add anything and once you've finished watching it, it wont last long until its already forgotten. The reason I watched it was because I had read some review giving it top scores, but I disagree and instead I would grade it 4 out of 10. If you still want some Japanese horror, I would suggest you watch Ju On instead! ",neg,negative,neg
"Well, i expected, for all the hype and Oscar nominations, an epic Civil war drama (& something with the ""magnitude"" of the ""English Patient"" given the same director). This film isn't of epic stature, but it turns out i was relieved it wasn't. It's a love story in the midst of the horrors of war where young men are sent off to fight, deserters are tracked and killed, and the women and children at home are left to fend for themselves while the men are gone. Anyway i thought Nicole Kidman and Rene Zelleweger were pretty decent and not knowing much about Jude Law, he was all right, also. It seems Rene Z. had the more fun part of the 3 leads and was able to smartly play a spirited, feisty downhome woman with much aplomb. Also for me it was good to see actress, Kathy Baker...someone's who's talent needs to be more recognized acknowledged. This film is worth seeing this    i'm can't articulate why really, but maybe because it is a slice of Americana.  ",pos,Positive,pos
"Awful film. Terrible acting, cheesy, totally unrealistic, embarrassing to anyone who has played the game. For a start that guy is not a hooker, he would be snapped in two. As for ''I score, that's my job'' well no it's not. For the the uneducated American audience it might come across as a good film. For me, well, that's a few hours of my life I'll never get back. I read through the reviews and came across one where the guy sounded like he knew what he was talking about. Then I read    ''And while American rugby may never reach the level of talent that New Zealand or South Africa has, third in the world is also nothing to hang your head about'' All I can say is, LMFAO!  Keep playing your American football and baseball, leave the real sports to the big boys.",neg,negative,neg
"If I had to decide which was the best Ernest movie, and don't act like that sort of thing doesn't happen all time, it would be this one. All of the Ernest movies are entertaining, but the best ones are the ones that have Jim Varney doing a number of different characters. Additionally, I am known to enjoy the comedy stylings of Bill Byrge and Gailard Sartain as brothers Chuck and Bobby Tulip. ""Ernest Goes to Jail"" contains all of those elements as well as a funny script and a supporting cast that features several beloved character actors. And that is why I have chosen ""Ernest Goes to Jail"" as the king of all Ernest movies. Disagree with me if you must, but deep down you know I am right.",pos,Positive,pos
"The movie Night Crossing captures the feelings experienced by the vast majority of East Germans during the period 1961 89. I lived in West Berlin during most of 1967 and travelled through The Wall into East Berlin on a weekly basis. Why? Excitement, crossing a border into a Soviet governed country, experiencing the smells and the feel of East Germany, which is why Night Crossing is excellent, it captures that very feeling, and it is exciting. I was arrested by the Vopos in Checkpoint Charlie and accosted by a man in his leather coat and dark glasses I am led to believe was Stasi. When I watch the movie I can smell cheap diesel and cooking oil, I can see the outdated vehicles, the drab clothing the public wore and the lacklustre produce in shop windows. It brings back memories of realising just how lucky I was to live in a free country. In 1988, I toured the DDR from East to West, North to South. East Germany had changed little since 1967. The Trabants, constantly breaking down, were still the main mode of private motorised transport, the shops still featured nothing much to tempt me, uniforms were still commonplace, but the people, the ordinary people were open and nice once you had gained their trust. Watch Night Crossing, it's as close to the truth as any movie you will see on divided Germany, even closer than two other favourites The Spy Who Came In From The Cold and Funeral In Berlin.",pos,Positive,pos
"When I went to see this movie it was already a forced choice, as my original intent was sold out. what ensuited then was sheer terror, this movie is so bad i could hardly bear it. the story is not worth mention, a gay goalkeeper forms a gay soccer team to play against his old straight team who   on discovering his sexual orientation   gave him a hard time. loaded with unbearably old and overused clichés of gays, the thin plot matches perfectly the inane dialogues... it is absolutely astonishing that actors as dietmar bär or charly hübner waste their talent and time on such nonsense. 1 10",neg,negative,neg
"This is an OK early 80's horror flick in which a young girl (Meg Tilly) is wanting to shed her ""goody two shoes"" image and becomes part of a girl gang called The Sisters. Their initiation for her consists of spending the night in a mausoleum. Too bad the mausoleum is the ""final"" resting place of some psycho Russian psychic and he's not quite dead yet. Seems this guy was found in his apartment with lots of things stuck into the walls from his telekinetic target practice, plus there is a pile of young dead girls found in the closet. All proof that hitch hiking can be dangerous, so listen up girls. The daughter of this man (Reymar) is rather distraught about her father's death and is confronted by a man that said he knew Reymar and given a tape to listen too. Her hubby (Adam West, of Batman fame) is there to laugh and scoff, and not much else. But it seems that perhaps Reymar's daughter may also have some abilities that she doesn't realize. Anyway, having deposited their unfortunate pledge at the mausoleum, the rest of The Sisters take off to go get stuff (like masks, sheets, etc) to come back and scare the crap out of her, but little do they suspect what's going on and they get more than the crap scared out of them. For even in death Reymar is kind of a busy guy and he's reanimating lots of corpses for entertainment. And it would also seem that he has a thing for jail bait. Overall this is acceptable horror, nothing too intense but not terrible either. The DVD from Media Blasters also contains another version of the movie that's a rough cut, I guess, I only watched a little of it so I don't know how different it is from the theatrical release but from what I saw I guess it's a ""warts and all"" presentation. 7 out of 10.",pos,positive,pos
"Like a few people I know, I came in late on 'Stingers'; not until 2000. Three years later there is no way I'd miss an episode. The show really is that good and has, for a better word, maintained its integrity, unlike 'Blue Heelers', for example. The crime is the thing; personal lives are there but only wheeled out when affecting an investigation! When Gary Sweet was brought in, some fans seemed worried, but he's really fitted in well, which didn't surprise me. Gary could measure up to any British or US actor in a similar series. The cast changes occasionally but each change brings something new and fresh. With arguably Australia's finest crew behind the scenes, 'Stingers' will continue to remain a cutting edge drama series.",pos,Positive,pos
"When you look at Mexico's best movies you will more than likely find that the Photography was performed by Gabriel Figueroa. He is recognized in the world as one of the best that have ever existed. His master control of the cameras gave an added asset to the movies he was part of. If added to his participation we add the direction of Luis Bunuel, you will never find such a pair of aces anywhere else in the world. This story, Nazarin, was written by Spain's greatest writer besides Miguel de Cervantes(Don Quijote de la Mancha). The story in itself is superb: Nazarin a priest that lives by his beliefs tries to live a very Christian life, but as always there are people that do not accept this. He wanders through many places preaching his Christianity but finding, most of the time, people that do not accept him. But besides the splendid story, it is always interesting to try to interpret the enigmatic messages that Bunuel sends us throughout the picture in scenes that make you shiver.",pos,Positive,pos
Frankly I met real Han Su Ying before and seeing her portrayed by an American actress which has no resemblance of anything Chinese makes my head spin while I am watching this movie Why can't Hollywood get Nancy Kwan instead .... at least its more true to the story...cos for goodness sake...Dr Han Su Ying is Chinese I know cos I have meet her in person and looking at the whole cast....so few Asian faces in a movie about a Asian love story makes me wonder too  I think the acting is good but without real Asian faces in a Asian love story makes the plot so corny and a whole load of Baloney its just like another movie I know of ' THE CONQUEROR' imagine my eyes pop out when I see John Wayne as Genghis Khan!!!!! and to make matter worst ....how on earth can a man born an bred in MONGOLIAN STEPPES come up with a Alabama southern accent??? !! and a cheap imitation of anything Asian Good Grief I am not surprise that one day I will see Dr Martin Luther King Jr being played by One of the boys from the black and white minstrel show Would love to see that and laugh the whole roof off !!! Cheers,neg,negative,neg
"As a true Canadian, I always avoid Canadian movies. However now and then I get trapped into watching one. This one is better than most, which is to say mediocre. It has many of the usual flaws of Canadian films...self conscious acting...an excess of cinematic gimmicks and, above all, the self effacing Canadian habit of using Canadian cities as stand ins for American ones. I mean using the historic metropolis of Montreal as a stand in for Harrisburg Pennsylvania is just short of obscene. I was in a generous mood. I gave it a 4. ",neg,negative,neg
"Watching John Cassavetes debut film is a strange experience, even if you've seen improvisational films before. The first thing you notice is it's roughness. Right off, it's obvious some of the characters are screwing up their lines. But then you step back from the situation, as you sink deeper into these people's intimate exchanges and you ask yourself: ""Do I ever stumble over MY words?"" The answer of course, is sure, we all do. It's unfortunate that most of the gaffes in this respect come early in the picture, because, by about twenty minutes, you've sunk so deep in you wouldn't know it if a bomb went off behind you. The next thing you notice...or maybe you notice it hours or days after the film ends, is that you never saw any substantial plot, yet the themes and the poetry of the dialog and characters never leave you. In fact, the treatment of the role race plays in the everyday lives of these characters is always there, but it's so ephemeral that even they aren't aware of how it's informing their opinions of themselves, their self consciousness, their perceived status, or the fate of their relationships. The title is appropriate because you get a full spectrum of blacks, whites, and grays...and not just in the skin pigmentation of the characters. Leila Goldoni (truly remarkable here) is an afro American Caucasian, her two brothers are white and dark afro American. The irony is that they exist in what is undoubtedly the ""hippest"" most tolerant atmosphere of the time...beat driven upper east west Manhatten...and there are still conflicts within and around themselves. I don't think I've ever seen a movie with such a subtle delivery or technique. It's a lot like absorbing a really great piece of gallery art and then just nodding off in bliss as you think back to the images it evoked days later. Great mastering and extras on the Criterion disc. Arguably the first truly experimental independent film ever made.",pos,Positive,pos
"I literally ran to watch it, expecting a film that will make me cry, or touch my heart. What I found was not heart rending, but a lame exploitation of 1 strong human character. Interwined between a pair of young lesbians and an obese man. In a setting that is substantially devoid of sound not to mention acting of the most common. It was not entirely BAD, as I have seen worst   and I left the cinema $10 poorer but wiser   that a FILM well advertised is not the same as a FILM WELL MADE.",neg,Negative,neg
"That's a bad, raunchy, predictable, tacky, salacious soap opera? ""The Best of Everything"" is just such a guilty pleasure for me, something along the lines of ""Valley of the Dolls"". I mean, ""Best"" has everything. Somebody gets pregnant out of wedlock (when's the last time you heard THAT phrase?), there are affairs everywhere, drinking, backstabbing, jealousy, and even a tragic but not altogether unexpected death. Caroline Bender (Hope Lange) and Mike Rice (the delicious Stephen Boyd) are the centerpieces of the goings on. Their chemistry is immediate and is the glue that keeps this film from becoming too fragmented. Suzy Parker, the off the chart gorgeous ex fashion model, appears as Gregg Adams, an aspiring stage actress, a role that, according to any biography I've ever read about her, was apparently not much of a stretch. But Parker does a surprisingly credible job here, more than holding her own in a couple of scenes opposite Louis Jourdan who plays David Savage. Jourdan probably took this role for the money and the special screen credit because he was clearly headed down the aging star has been road. Diane Baker is fine as naive, gullible April Morrison, Martha Hyer as Barbara Lemont has a particularly juicy storyline, and film legend Joan Crawford chews her usual serving of scenery as Amanda Farrow, another role, like Jourdan's Savage, that Crawford likely took for the paycheck. There is some obviously dated dialog and plot devices (this IS 1959), and the predictability of the soap opera genre. But if you like a good soap as I do, ""The Best of Everything"" will more than satisfy you.",pos,positive,pos
"""Journey to the Far Side of the Sun"" (aka ""Doppelganger"") is an entertaining, Twilight Zone style sci fi offering from Gerry and Sylvia Anderson (the team behind Space: 1999, UFO, Thunderbirds, Fireball XL 5 and others). In the film, Roy Thinnes (of the ""Invaders"" TV show) and Ian Hendry star as astronauts sent on a flight to a planet which shares an exact orbit of the earth, but on the opposite side of the sun; hence previously hidden from view. A pushy European space flight director (over acted by the late Patrick Wymark) gets the flight fast tracked and after rigorous training , the astronauts are good to go. Thus begins the best sequences in the film, the launch, flight and landing on the 'other' earth. Dazzling rocket miniature work (by Derek Meddings) and a dream like, elegant spaceflight (somewhat reminiscent of the best moments of ""2001: A Space Odyssey"") are easy highlights of the movie. The landing on the ""doppelganger"" earth is both exciting and eerie. After this, the Twilight Zone aspect of the film kicks in; with a plot lifted almost whole from the classic TZ episode, ""The Parallel."" That aside, the film is still solid sci fi, with some intriguing 'mirror world' stuff to chew on (backwards writing and left handed handshakes, for example). Less successful are the scenes depicting a mid 21st century earth; where all the men wear turtlenecks and Nehru jackets and all the women wear mini skirts. Some of the relationships with women in the film are very 'non PC' by today's standards as well. And (in the most consistent failing of most 20th century sci fi) the computers, telephones and other hardware are all big, colorful and clunky (right out of Patrick McGoohan's ""The Prisoner""). No one foresaw the digital microprocessor age! If one can accept these failings in foresight, the movie is very interesting, with a solid lead performance by Thinnes as the troubled astronaut. And with a nice, 1960s early '70s style nihilistic ending! For fans of retro sci fi (like myself) this is a ""Journey"" worth taking!",pos,Positive,pos
"Frederick Forsyth's books are always so intricately plotted, with twists and turns, and usually a great surprise ending. This adaptation had none of that. So much of what was great in the book (the history of Monk and the betrayed agents; the plot to influence the outcome of the Russian election) were completely missing in this adaptation. Instead, there's this completely new plot about bio weapons that was a yawner. Forsyth's protagonists always operated in the shadows, forever just slightly beyond the reach of the antagonists. The joys of his books have always been the machinations of carrying out their mission. This film resigned itself to gunfights and car chases early on. Swayze's Monk might as well have hung a sign around his neck saying ""I AM A SECRET AGENT"" for all the attention that he called to himself during the film. And with all of that attention, the amount of time that it took the bad guys to catch up to him was surprising. Granted there was some energy to this film, which is why I'm giving it a ""3"" instead of a ""1"". It was also great to see some underutilized pros like Patrick Bergin, Ben Cross, Michael York, and Barry Morse. I hope that someday, someone will once again do justice to a Forsyth film adaptation like ""Day of the Jackal"" did.",neg,negative,neg
"doesn't mean this movie is good. i was really frustrated by it on many levels. it's kind of the tip of the hat to bukowski. hey, i've read that guy in college  let's see what matt dillon does with him. and i like matt dillon. i thought he came close to looking a little like hank, but mostly just the ruddy cheeks. i have to care about a character, though, and there just wasn't much here to care about. i think time might be cruel to bukowski, and that bothers me a lot, because the writing was solid in a sort of post counter culture time. hard to sit through, scenes that went nowhere, and a soundtrack that made me want to vomit. i ask for very little, got less.",neg,negative,neg
"*BE WARNED OF POSSIBLE SPOILERS* A friend told me to check out this series, and I'm glad I took her words for it. I read the synopsis on the DVD cover and I was immediately intrigued. The main protagonist is Muslim? No way, this is a first! It's about an FBI agent who is under deep cover to penetrate a possible sleeper cell in LA; and get this   he is a practicing Muslim. I was a little skeptical at first, half expecting some hero or the antagonist to spout maybe silly, gratuitous and mindless holier than thou fanatic drivels... let's face it, a lot of shows have been guilty of this. But then I watched the first three episodes, and I thought: Okay, this is good. It wasn't until episode four (""Scholar"") when I was well and truly impressed. I would like to commend on the great writing and also, superb performances from the actors. I just love how complex every one of these characters   they're not straight out two dimensional cardboard cutout good guys bad guys. Michael Ealy gives a wonderful and believable performance as the Muslim FBI agent Darwyn Al Sayeed, treading the fine line between being the good Muslim and being a man with flaws. Oded Fehr gives his character Farik an interesting depth   Farik is not the typical oily Middle Eastern stereotype, but simply someone who truly believes in his cause and doesn't see himself as a fanatic but a man willing to do whatever extreme measures to justify his beliefs. He's very charismatic and authoritative. But I would say that it was Alex Nesic's performance that clearly left an impression in me in ""Scholar"". His portrayal of his character's emotional struggle was amazing   torn between the softly spoken words of a Muslim scholar encouraging him to return to the non aggressive way because it is the only acceptable way in God's eye and Farik's persuasion to believe otherwise. I'm looking forward to watch more shows like this, and not some ridiculously high octane one man show series. It's clever and open minded.",pos,Positive,pos
"I was looking forward to this movie. I like road trip thrillers. I like sex, drugs, youth, action and a great sound track. And I was especially interested in taking the movie trip across Europe to see if I recognized any of my own travel spots. From the first scene, however, this movie was unwatchable. What was Guy doing driving on the wrong side of the road? What could possibly have blown up the van that rolled gracefully down a shallow grassy incline? If they're such bad drivers, why would they take a delivery job? And that's just the first scene! Not even bad enough to be campy or silly. Just Horrible! Horrible! Horrible! Waste of time. Move on to something... anything else!",neg,negative,neg
"I realize most people don't know who Solomon Kane is and that the film is pitched at that much larger audience. But then why bother to call it ""Solomon Kane"" in the first place when the name has no marketable value? The characters certainly has NOTHING whatsoever to do with the R.E. Howard character. Except he has a big hat. That's where the resemblance ends. It's always a bad sign when any superhero fantasy sci fi movie lingers over an origin story, but when you invent one whole cloth like this for a character who didn't have one at all, you've already missed the point completely. Kane is no longer even the fanatical Christian warrior of the stories, but rather a formerly bad guy who is trying to save his soul (this part is in the opening scene). With the most basic character elements changed or simply ignored, the use of the name Solomon Kane is simply perplexing. Is it just so they can say ""From the creator of Conan"" and hope to plug into a budding franchise if the new ""Conan"" movie gets off the ground? Ignoring the complete departure from the stories, the movie is competent if utterly generic for the first half but then devolves into sheer stupidity in the climactic scene which involves multiple super baddies (think three ""boss levels"" at the same time), none of whom is the least bit interesting or menacing. If I wasn't a Kane fan who was disappointed that they completely ignored the source material, I'd probably give the film a 3 or 4 instead of a 1. Even for the (majority of) viewers who will come into this knowing nothing about Kane, it's pretty thin gruel.",neg,negative,neg
"This series takes a classic story and makes rubbish of it. Robin is somehow mystified by an elk man in the forest and is embroiled in all sorts of druidism and outright satanic episodes. The story is more about him avoiding the evil sheriff than helping the poor. This is barely watchable. And to top all the ridiculousness they kill Robin at the end of series 2 and replace him with another actor. Some people may like this show as a fantasy show but it is NOT a Robin Hood show. If you want Robin fighting in king Richards name against Prince John and the sheriff and if you want Robin feeding the poor and oppressed, watch the classic series or the newest from the BBC.",neg,negative,neg
"I think the problem with some reactions to this film is that   with few exceptions   they don't focus on the main disconnect, hence the main split in the audience. On the one side, there are those who are taken by the visual design, pretty costumes, and variety of elements going into the film. Some children's movie fans love the colour and animation, and all the un scary 'magical' effects, shapeshifting animals, and so on. Some culture vultures like the complicated references, the layerings of different folklore elements, and the fact that they can watch Zhang Ziyi singing and quasi miming, in two different languages, in what really was intended to be a children's comedy. On the other side, there are those who say that a children's movie should still have a point, that a blend of folktales is not a tale at all, and that it's easier to believe in magic when enough thought and care has gone into the technical aspects to make it seem real. In other words, the ideas could be lovely; but when you put them onstage they have to deliver. Here, they don't. A good folktale   from any country   has a clear story, a point, and characters who interact strongly with each other. This lacks them all. A few over sophisticated gestures to opera, Western and Japanese, are no replacement for a solid theme. As a fantasy fan, I must say that I've sat through some turkeys and loved a few, but this one really tries to do too many things   cheaply. Putting in Zhang Ziyi to try to add a little glitter smacks of exotic flower syndrome. The other problem isn't that there's no plot; there's half a plot, which means that you keep getting pulled in, then dropped again as another none too sharply executed dance number kicks off. The characters all seem to know that they're starring in a movie. Unless you really like watching other peoples' amateur video, this ain't good. I'd like to test this on real children; I think they'd drop it for Uproar in Heaven after about 20 minutes.",neg,negative,neg
"I have watched Grand Champion all the way through at least twice now. I enjoyed the movie's story, the characters and the actors were not bad. It is refreshing to see a G rated movie. This is a feel good movie. The story is mostly from the view of the children. The interactions between the kids and the adults makes the story interesting. I recommend this movie if you are looking for a family film. If you liked the Little Rascals, you will probably enjoy this. I viewed this movie on cable. Either on Encore or Showtime family. This is not a movie that I would have gone to see at the theatre. But, I only go to the theatre for the effects of the big screen, so most comedies, romantic films, or dramas I do not go for big screen I wait for TV cable edition. Get your kids together, pop some popcorn and enjoy!",pos,Positive,pos
"The movie is a happy lullaby, was made to make us sleep. And that´s what we do, as we dream about the top beautiful Natasha Henstridge. No screenplay, no deep characters, nothing special. So, let´s sleep.",neg,Negative,neg
"Seeing Les Amants Reguliers calls immediately for comparison with Bertolucci's movie 'The Dreamers', in my opinion the best film made about the 1968 revolt of students in Paris. Actually director Philippe Garrel does not seem to avoid comparing with his much more famous colleague, sharing the principal actor and even including a direct replica eye in viewer eye about an older film of Bertolucci. And yet, LAR is a different film, and an interesting one. The story line seems also familiar. The movie starts with long scenes of the 1968 'emeutes', maybe among the best done until now. The film is made in black and white, and the perspective of the static camera on one side or the other of the barricade reminds Eisenstein. Then, as in The Dreamers, the action moves in the Parisian flat where the heroes of the defeated revolt make art, smoke drugs, dream, and fall for one other. There is no direct social comment, no real explanation of the background of the revolt. The movie focuses on the psychology of the characters and on the love story between the main characters. It's like a premonition of the process of transition to the establishment that the generation of the 1968 went through, it's just that not all the participants may adapt or survive. The film is more about the characters than about the events. And it is merely for the style it will be remembered about. The black and white cinema is memorable not only in the revolution scenes, but also when looking at the characters evolution. Many sequences are enhanced by a technique that is derived from the silent films movies, with long takes accompanied by a off piano tune. The effect is exquisite. Yet the length of the film is hardly justified, it lasts more than three hours and I doubt that cutting it to only two hours would have been a miss   actually I am convinced it's quite a contrary. Without raising at the depth and subtlety of Bertolucci's movie LAR is another perspective to remember about one of the more important years in the history of France and of the world in the 20th century.",pos,positive,pos
"Since there have been so many reviews of this fine film I will write in a list form and attempt to address issues that have not been discussed. 1. Dana Andrews was 38 during the filming of this movie. His character according to the screenplay was in his mid 20s. Andrews, a highly underrated actor, did brilliantly play a character who was supposed to be much younger.  2. Fredric March like all GREAT actors needs at times to be restrained by the director to avoid over the top acting. He was mugging for the cameras when he was drunk on the night after his arrival and also the next morning when he was checking out his hang over in his mirror.  3. Dana Andrews was superb as he was in ""Laura,"" ""The Ox Bowl Incident,"" ""A Walk in the Sun,"" ""The Purple Heart"" and many other films. Why did Fredric March win the Academy Award and why was Dana Andrews not even nominated for his outstanding performance?  4. Harold Russell gave the best performance I have ever seen by a non actor.  5. I realize this was the 1940s but Dana Andrews seemed to have no romantic interest in his exceptionally attractive wife (Virginia Mayo). 6. Ray Teal, who played the right wing bigot, years later became famous for portraying the sheriff on ""Bonanza."" 7. The professor from the south wrote that the film was slow moving, boring and poorly acted. The professor more than likely is uninformed about classic films. The beauty and significance of these ageless classics is that they are slow moving character studies that avoid profanity, excessive violence and gratuitous sex. ***I was surprised that zero out of 3 people found my review useful.",pos,Positive,pos
"I usually really like Lawrence and being in Australia I haven't seen much of his stand up, so when I saw this at my video shop I thought, yeah I'll have a look. I wish I hadn't seen it now. Obviously Lawrence had a profound experience that opened up his mind, and I guess he wants to share this with others but this was neither the time nor the place. This whole experience seemed like a motivational speech in hell, it really did. I believe the catch phrase of the night was ""ride it until the wheels fall off"" which he intermingled with just plain lewd jokes revolving around sex and sexual organs. Don't get me wrong, I don't mind crude humor, but Lawrence lacks the gift of classing it up in the fashion of Eddie Murphy, Richard Prior or Robin Williams. Lawrence was just plain lewd, the only time I laughed was when he relived his experience with the law and his recovery in the hospital. If there were minus points, i would give them....",neg,negative,neg
"I use ""Princess Raccoon"" (to give the film its not quite accurate English title) as a litmus test for my friends' sense of humour. It either leaves them cold and baffled   as it clearly did several other commentators on this site   or results in doubled up laughter, unassailably huge grins and occasional gasps of admiration. The laughter comes from the film's consummate mixture of parodies in contemporary style. Targets include a bouquet of Japanese and Western classical stage drama forms, from Kabuki to Late Shakespearian and Spanish renaissance Christian fantasy; the naff vacuity of the modern American and European musical, as witness a host of random tap  and rap  dance songs and some very funny banal lyrics, all choreographed with loving ""amateur"" cliché; Japanese anime and samurai live action clichés; portentous Buddhist ritual; and the overweening sweetness of Viennese operetta. I've not laughed out loud so much at this type of film since Ken Russell's outrageous musical deconstruction in ""The Boyfriend"". The grins come from the clever textual subversion of the Japanese legend, told in a traditional 5 act structure reminiscent of the plays of the 17th century master Chikamatsu. As in his work the narrative is advanced in a mixture of song, recitative, high flown poetry and low comedy relief   here the pot broiling of the incompetent ninja, Ostrich, by peasants under the illusion that he is a tanuki raccoon in human guise. All of this somehow does hang together, and even more remarkably does manage to engage the watcher's emotions through the welter of cultural references. In truth ""Princess Raccoon"" wears its pan cultural garb with alluring lightness, and that's where the gasps of astonishment come in. Visually   again, as with Russell's masterpiece   the film is a treat, a riot of colour with its digitised backdrops of classical Japanese images from screens and prints, over the top costumes and stage sets, mixed with some breathtaking live action sequences in summer fields and seashores. You'll love it or loathe it, but there's no point castigating chalk for being cheese; and ""Princess Raccoon"" stands, first and foremost, as a wickedly funny as well as affectionate put down of our contemporary cultural vacuity, in both East and West. Bravo!",pos,positive,pos
"I really wish I had read everyone's review before going to see the movie... it was one of the most excruciating films that I've ever seen. I was ready to leave the theater 5 minutes into the movie; I should have followed my instinct. The movie offered nothing new or clever, it was boring and very cliché. I was surprised to find that it was directed by a woman! The characters did not represent any women that I know, they were boring, bitter and melodramatic. The movie was unrealistic and depressing and a waste of time and money. And the actors looked tired, poor make up and hair styling. It was recently compared to the Sex and in the City movie; it was not even half as good. My suggestion, do not see this movie!",neg,negative,neg
"If I heard the male lead say ""This is madness!"" one more time I would have barfed. The film is one big cliche, with fake ""grind him under your heel"" attitudes. Not one male in this movie has one redeeming quality; reminds me of Soviet era films with strongly politically oriented messages. I couldn't even understand WHY there was attraction between the leads, nor could I wait for the ending.",neg,Negative,neg
"Flashdance is one of those awful, stupid movies that you actually kind of enjoy, just because they're so crap. I just watched it on TV & my friend and I were amazed at how dopey it was. It's true that Don Simpson and the other producers came up with the idea of a fairly cheap, lowbrow flick with lots of sweaty bodies to help sell a soundtrack of (admitedly catchy) pop, so Flashdance is an odd sort of pioneer: the first MTV movie. Adrian Lyne started out in advertising and it shows because Flashdance is almost a commercial for itself. You've already decided to watch it but the movie has this weird, panicky undercurrent, as though it's frightened that you might change your mind at any moment. It keeps selling itself to you over and over, all the way through, using slick commercial style editing and glossy close ups of jiggling breasts. The story is wafer thin (I honestly can't think of another film I've seen with less plot) and it never makes much sense, but its a very contrived, calculating movie, so it feels consistent. People say it's dated but Flashdance was always rubbish. Viewers in the early 80's knew it was just cheesy T&A but it does work in its own silly fashion. There's soppy romance for the chick flick crowd and stacks of oily, writhing female bodies for their dates, all set to a pumping disco beat. How could it fail? It helps that the dialogue is pointless, so you can grab a popcorn without missing anything major and, if this sort of thing isn't your cup of tea, you can always laugh at the 'interpretive dance' on display. The scene where a stand in for Jennifer Beals convulses 'dances' on stage in front of a TV with a fan in it and a face full of white clown make up had us in stitches. A genuine guilty pleasure.",neg,Negative,neg
"Having grown up with GWTW, I shunned both the ""Scarlett"" sequel book and the mini series until now. When I recently viewed the video for the first time, I was amazed how much I enjoyed watching Timothy Dalton's depiction of Rhett Butler and Joanne Walley Kilmer's as Scarlet. I feel ""Scarlet"" should be judged on its own merits rather than attempting any comparison with the venerable Selznick masterpiece GWTW. While the ""Scarlet"" story line and some of the dialogue suffered from lack of inspired writing, overall I thought this was a worthwhile dramatization of what might have been between Scarlett and Rhett.",pos,positive,pos
"This movie is everything a Tenacious D fans can hope for. Director Liam Lynch partnered with The ""D"" is a concoction of epic proportions. Of course you need to understand the humour and format of Tenacious D. When I saw it there wasn't too many laughs from the audience but the reason is not a lack of humour or intelligent jokes. This movie seems to have been released on to an unsuspecting public that haven't familiarised themselves with the musical duo. This movie does stay true to it's roots. For the few of you who have seen the HBO TV series and heard the album, they have not forgotten what their audience loves. Like the TV show people have noticed from the trailer the JB and KG apartment scenes and of course the open Mic nights that each Tenacious D episode would start and finish with. The soundtrack is phenomenal and each song blows you away. ...And Dave Grohl plays a fantastic Devil. This is the perfect movie for those of you looking for a hard time and a rocking musical.",pos,positive,pos
"When the movie begins, it's obvious just how old and sick the boys are. Although Oliver Hardy is enormous, it is Stanley that looks like death warmed over. Apparently, he was deathly ill during production and had obviously lost a lot of weight. Although he would eventually recover and live another decade and a half, here he looks like a dying man. Additionally, as I watched the film I was shocked how many pratfalls Stan took  I half expected his to drop dead from the exertion. I really can't understand WHY they came out of retirement considering their health  especially when the story and production values are as poor as they are with this film.  Stanley inherits an island and a boat. He and Ollie are ready to leave when Antoine, a stateless man, is literally dropped into their boat and they begin their voyage to find the island. Along the way, they discover that Giovanni has stowed away, but despite this the four men become friends and land on a different island. It seems like paradise and they are all very happy. A bit later, a pretty young lady joins them and everything looks grand. Unfortunately, uranium is discovered on the island and the place becomes flooded with riffraff. Eventually, the mob decides to hang the four men and take over  at which point the island sinks back into the sea and the men are spared. I will give the film some credit for being original and for being interesting. However, one thing it is not is FUNNY  and that is unforgivable for a Laurel and Hardy flick. While not a bad film, it certainly isn't a good one. A sad end to their brilliant careers. All the actors, except for the duo, are dubbed into English, as the movie was made in France. While it may not be the very worst film they made (this would be THE BIG NOISE), it sure is close!! Watching this film is painful and like watching people clean up after a severe accident.",neg,negative,neg
"If you want to see a film starring Stan laurel from the Laurel & Hardy comedies, this is not the film for you. Stan would not begin to find the character and rhythms of those films for another two years. If, however, you want a good travesty of the Rudolph Valentino BLOOD AND SAND, which had been made the previous year, this is the movie for you. All the stops are pulled out, both in physical comedy and on the title cards and if the movie is not held together by character, the plot of Valentino's movie is used    well sort of.",pos,positive,pos
You've got to be kidding. This movie sucked for the sci fi fans. I would only recommend watching this only if you think Armageddon was good.,neg,negative,neg
"This is possibly one of my favorite films. It tells the tale of a girl named Gerda (Chelsea Hobbs) who lost her mother at a very young age, so has been bought up by her father. She falls in love with the bell boy named Kai. However, on her birthday the snow queen (Bridget Fonda) comes the the hotel which her father owns and kidnaps Kai. Gurda then goes after Kai, and follows him through the four seasons in an attempt to rescue him. I thought that this was an excellent adaption of the story with great performances from all the cast. It has wonderful special effects and the story fits together very well and is easy to follow. I think that it is a great film for all the family to enjoy. I have watched it every time t has been on since it came out and have never tired of it which is why I have given it a 10!",pos,positive,pos
"This is quite possibly one of the worst movies ever made. Everything about it  acting, directing, script, cinematography  is dreadful. The alien (a human in sparkly suit) claims to be from a nearby universe; one assumes the scriptwriter meant ""galaxy"" but didn't bother to get a dictionary to check his terms. A better title for the film would be ""It Came From the Planet of Plot Contrivances."" The plot is excessively silly and nearly nonexistent. The humans are all given magical MacGuffins that conform to a tortuous series of unlikely restrictions just to move the bare plot. Any thought to the passage of time is ignored. Now it's a couple days after meeting the alien, then BAM! all of a sudden there's only a couple hours left until zero hour. Do yourself a favor and miss this movie. You will make yourself stupider for having watched it. The ending is particularly silly, and should have been accompanied by someone going ""Ta Da!!!!"" as the scriptwriter just pulls something random out of his butt. I think the real alien plot is that this movie sucks so bad you'll get cancer watching it. If you can watch the last 10 minutes without crapping yourself (""enemies of freedom""  honestly) laughing, you're retarded.",neg,negative,neg
"A stunningly beautiful Charlotte Lewis stars as a woman who is terrorized by a ghosts who torment her on the phone.Driven to the edge in terror Charlotte is forced to confront this chilling mystery in order to save her sanity and her life.I can't believe that Ruggero Deodato,the director behind ""Ultimo Mondo Cannibale"",""Cannibal Holocaust"" and ""House on the Edge of the Park"" directed this absurd piece of trash.Admittedly the music by Goblin front man Claudio Simonetti is pretty good,but the story is painfully stupid.The script by Franco Ferrini is ridiculous and it makes no sense,the acting is bad and there is absolutely no suspense.The scene in which a prospective rapist of Charlotte Lewis is killed by coins ejected from a subway telephone is more than laughable.Don't waste your time with this piece of crap.There are far better Italian horror movies out there!",neg,Negative,neg
"A female friend invited me to see this in the theaters. After half an hour we walked out, and went into the next multiplex (yeah, we broke the rules) in time to catch the beginning of Against All Odds. I remember too many apes dancing around saying, ""oog, oog."" Very little about the characters or introduction to the story captured either one of us or was even memorable. It just dragged to the point of being painfully boring (and believe me, any excuse was good enough to spend time with this particular friend). The production values were excellent, good photography and lighting, but this was a major studio release, and we came to see a movie, not an art gallery. It seemed like Ralph Richardson and Andie McDowell were going to be wasted in such a poorly written film. Perhaps if you make into the second hour, there is something worth seeing. I do not have so much patience with my time. 4 out of 10.",neg,Negative,neg
"This film has ""haunted"" me since I saw it when I was about 8 years old. I didn't know what it was called so am so pleased to have tracked it down finally. I remember being quite scared, because I'd just been to a tin mine in Cornwall when I watched it, so could imagine it all. Fortunately I didn't see any ghosts of dead children there, but I found this film really quite disturbing and scary when I was much younger. I've certainly never forgotten it, even though I couldn't find it anywhere. I seem to remember The Children's Film Foundation films being generally good, but they don't show them at all any more. I also remember programmes like The Children Of Green Knowe in the same era on BBC   equally unsettling in its own way.",pos,Positive,pos
"Talk about being boring! I got this expecting a fascinating insight into the life of the man who wrote the mythical Night on the Galactic Railroad. I expected to see crazy stories and hijinks of an eccentric man and to discover his inspirations for such bizarre material. Boy, was I wrong. Spring and Chaos is mostly boring with only sporadic moments of innovative animation. It's certainly nothing to write home about and nowhere near as good as NOTGR which is something that I suggest you watch instead. Leave this bore alone. If you absolutely MUST see then either rent it or find it somewhere cheap. Do not pay top dollar.",neg,Negative,neg
"This second full length Lone Ranger feature doesn't measure up to the 1956 classic but is a fine film with enough rough and tumble action and moves along at a good clip. The Ranger looks into a series of mysterious murders which have a sinister pattern to them with peaceful Indians being the victims of a gang of hooded killers. There are more killings and violence usually associated with Lone Ranger adventures and the film has an undercurrent of racial insensitivity, the comments of which are sprinkled throughout the screenplay. The Ranger uses disguises as only he can to piece together clues and expose the outlaw band and bring them to justice. Clayton Moore and Jay Silverheels star in a colorful presentation that shows the desert and cactus country of old Tucson to good advantage. The music score is good but the familiar William Tell Overture theme is nudged aside by vocals that are interesting but lack the flourish and beauty of the Ranger's traditional theme.",pos,positive,pos
"While walking to buy cigarettes, the professional dancer Daniel (Tom Long) is abducted and forced to have kinky sex along many days by three hooded women. When he is released, the director of his company Isabel (Greta Scacchi) has already replaced him in the play and his girlfriend gives a cold reception to him. The disturbed and humiliated Daniel leaves the dance company and travels obsessed to seek out the abductors. Daniel has sex with many women that he suspects that might be the kidnappers.  ""The Book of Revelation"" is a weird movie with a promising beginning that loses the initial power and becomes a sort of too long erotic soap  opera or soft porn chic. The production is classy, the cover of the DVD is awesome but the characters are not well developed and the trauma of Daniel seems to be excessive since most of the men would fantasize with the dream situation that he was submitted  to become sexual object of three sexy women. The melodramatic development with the illness of Isabel does not add any value to the plot; the open conclusion is very disappointing and there are no explanations for the motive of the women or the title. It is very clear that the screenplay about a man's feelings was written by a woman. It was good to see the still beautiful Greta Scacchi again and her make up in the end is impressive. There is a saying in Portuguese that could be translated to English as follows: ""If the rape is inevitable, relax and come."" Daniel should have done this and spared me of watching almost two hours of a pointless story. My vote is four.  Title (Brazil): ""O Livro das Revelações"" (""The Book of Revelations"")",neg,negative,neg
"Patsy Kensit and some random Australian bloke star as a duo of wannabe tough coppers in the middle of investigating a series of art gallery related murders, but in between they can still find the time to shoot juvenile shoplifters and suspect the brand new wife of the male cop of being adulterous. The serial killer suddenly isn't important anymore when the supposed lover of the wife (who's basically just a co worker of hers) is found murdered and the male cop becomes prime suspect. ""Tunnel Vision"" is a really dull, implausible and tension free Aussie thriller that obviously imitates popular sex thrillers like ""Fatal Attraction"", ""Disclosure"" and ""Basic Instinct"". The characters are extremely one dimensional and pretty much every good cop bad cop cliché is extendedly described in the script. The struggling position of police women in a corps full of men, the shoot first ask questions later mentality, alcohol problems through stress, etc etc Even the unhealthy eating habits of cops are a running gag. Yawn! Kensit really tries her best to make this film more bearable, but she lacks the credibility and talent of a real cinema heroine. The end twist is more or less interesting (not at all original, mind you) but, by then, you stopped caring for the characters a long time already. The scenes filmed inside the sex clubs look ludicrously fake and Clive Fleury's directing is completely uninspired. What a total waste of time",neg,negative,neg
"The Late Shift is a great book, I read the book several years ago, and I was transfixed at the cutthroat debauchery that went on when Johnny Carson retired and Jay Leno and Johnny Carson tried to grab his spot. When the movie came out, I snagged a VHS copy of the movie, and having reread the book recently, it's hard to say which I enjoy more, because they're quite equal in the amount of information conveyed. The two lead actors, John Michael Higgins, and Daniel Roebuck, two actors I never heard of before, and haven't heard of since, play Leno and Letterman convincingly, despite Letterman's dismissal of his portrayal as being poor. They play the parts quite well, despite a lot of people looking for an imitation of the two. I wasn't as interested in that. The story is what counts. And that brings me to Kathy Bates. Kathy Bates, playing Helen Kushnick, IS this movie. She plays this evil bitch of a character so menacingly you realize how on earth can this woman control herself, much less a national TV show. Yikes! There should be a sequel!!",pos,Positive,pos
"This movie is honestly one of the greatest movies of all time...if you suffer from insomnia. It is a fool proof way to guarantee hours of sleep at a time. As the movie slowly progresses, the audience slips into a state of unconsciousness and gradually loses sight of any sort of plot that the movie might actually contain. This effect is surely created due to the lack of sweet action sweet babes. Also, Mr. Eisenstein was obviously unable to master the art of montage. A prime example of this is the scene on the Odessa steps. For no apparent reason, an event that in real life would have taken a matter of seconds is transformed into a seven minute nightmare for any sane viewer. This editing flaw tarnishes any sort of realism in the entire film. Honestly, i've seen more realistic editing watching cartoons. Some individuals who have commented on this title have hailed Battleship Potemkin as: ""One of the greatest movies of all time"" and, ""Truly a masterpiece"". Well i'm writing this comment to persuade readers to avoid watching this film at all costs. My best guess is that my fellow Potemkin critics simply wrote the wrong words in their summaries. Surely what they meant to say was: ""One of the greatest snooze fests of all time"" and, ""Truly an epic fail"". In conclusion, don't waste your time. If you are interested in watching a movie of far superior quality, go to www.youtube.com and watch a Halo 3 montage. If i played the movie ""Battleship Potemkin"" in a game of slayer on guardian, i would shoot it in the face with my sniper rifle and then teabag its dead body. PEACE!",neg,Negative,neg
"I happened upon this by chance. I was at my friends house and he had just started watching it, so I sat down thinking we would shoot the breeze whilst this was playing in the background. However, within seconds I was immersed in this docu drama, and we both spent the rest of the time completely focused on this and not saying a word to each other.  I never knew the tale of the the first solo around the world yacht race, let alone the tragic events of one man's attempt against the odds, which set out to be his redemption for all of his misfortunes in life, but ultimately ends up becoming an example of them. Having not known of the story, I did watch this with the same fervor as I imagine those who were reading about the race at the time it actually was happening, engulfed in what was taking place and eager for more information, hoping the lone amateur was going to pull it off against the odds and beat the pro's, which makes the shocking twists of the story all the more tragic, I felt like I was living the story. The story is told with great care, and the interviewees have clearly had time to reflect on the tragedy, which gives great insights, but is also contrasted nicely by the archive footage of interviews at the time of the tragedy, the recordings and photographs of the lone sailors is also excellently used, and the insights into the minds of the sailors and how solitude was affecting them was superb. I'm shocked that this story isn't more widely known or has been turned into a movie, but also thankful. Thankful that we have this drama documentary to tell the tale from those who knew the man, instead of some wishy washy movie adaptation, and thankful that I caught this gem of a film by pure chance.  It's a must see, whether you like documentaries or not.",pos,Positive,pos
This movie was by far the best ever... I think whoever shot it with the Sony hand held camera was a genius and the special effects were spectacular especially the chicken breast heart...thank goodness this movie only cost me a dollar to rent.. Also the green toxic boob discharge was amazing......I could have shot this movie with my friends in high school. .................................................................... I would not recommend this movie to anyone ... you might want to kill yourself instead of watching it..... I also feel like this was a move for porn stars trying to make it into the legitimate movie business............give it to her Larz,neg,negative,neg
"I watched Cheats a few years ago with my friend. He hyped it up as a great funny film that is one of the best comedies ever. I think he was on crack or something. I just recently learned that this film was not released into theatres, I can understand why perfectly. THe basic plot involves a group of guys who cheat on pretty much all of their assignments in school to get good grades. That is the main problem of this film is that the morals are all bad. There are other teen comedy films where students do bad things but it is most often stuff that does not take place at school. So I think that the concept of having a whole movie that basically has kids cheating on everything is pretty bad. I did not like the characters in this film either. The main character guy is a completely smug arrogant idiot who is not a good protagonist. Actually I am not sure if you could say that there is a protagonist due to the fact that they all are cheating at school which is wrong. THe other supporting characters were not funny at all and basically the cast blows in this film. This film has a bad message and even worse acting and characters. There are other teen films that are way better than this film. So you do not have to see this one and that is a good thing because I do not recommend this film at all.",neg,Negative,neg
"I picked up a DVD at the 1 discount, having no idea what it's about (but at that price I can't resist..) In brief: I was positively surprised. So much that I did quite some research. On the German DVD (part 2 of a series of 3), episodes were recombined into two 85 minute parts, and out of order. Here are my results, based on Wikipedia's episode list: ""Doomsday"" is In My Boots + The Voice (final episode).  ""War of the Machines"" is Hel & High Water (1, 2) + Pod Listener + Juggernaut Down. Well, what can I say. Underdressed girlies are of course interesting for older men. I never watched Charlie's Angels so much, so I can't compare, but the more I watched, the less I looked out for bikini tops and their fillings. Instead, the characters (both m and f) became more interesting. I can imagine feminists have their fun with this, too. All in all, maybe a guilty pleasure, but a pleasure it was :^)",pos,positive,pos
"Dolemite is awesome. Rudy Ray Moore's rhymin kung fu pimp with horrible choreographed action sequences is about as close as you can get to becoming a spoof of a genre without actually being spoof. Citizen Kane this may not be nor Les Infant Au Revoir, but this is undoubtedly genius in it's own right. The production values in this movie are so bad they could qualify as existential special effects. The plot drags a little in the middle but the power of such a cheap premise as kung fu hookers is enough to bring all but the snootiest film lovers through. The infamous ever present boom mike evokes shades of the gloriously incompetent Ed Wood and never grows unfunny. I sometimes wonder if the boom mike was left in on purpose as commentary on the ridiculous aspects of movies in general but i usually get distracted by erotic scenes that lack eroticism to the point of high art mundanacity. Everything is this movie is alive and breathing, dripping with desperate longing to be simultaneously loved and reviled. It works. 9 out of 10",pos,positive,pos
"Quite a lot has been said about this film and its landmark importance in forming the language of film. If you are interested in film history, to truly understand the innovations Eisenstein brings to the medium you might try viewing Potemkin along side most any film made before it (those of D.W. Griffith offer a good contrast). It should be allowed that Eisenstein was not the only montage theorist and the principles of montage editing would likely have been discovered by another given time. However, even today, few directors have approached the skill with which Eisenstein created meaning through the combination of images at such an early point in the evolution of the medium. If you are not interested in that sort of thing, Potemkin is still one of the most beautiful and moving films ever made. You should see it, buy it, and tatoo it to your chest.",pos,positive,pos
"Only adding to the chorus of people who deemed this to be 'unredeemable' I will state the following without repeating the obvious FLAWS plainly stated by some of the other commentators: The ""film"" is shot on video (what type of camera I don't know) but the cameraman had it on AUTOFOCUS(!) all the time, so that any slight movement makes it go In and Out of focus. In many of the scenes the actors themselves go OUT of focus for their scenes. This alone screams ""Amateur"". I also noticed that out in the 'middle of the cornfield', you can hear the sound of the gasoline generator that is powering the lights ... loudly. Also what is with that single lighting source that follows (and many times 'leads' the actors) when they walk around. It looks like a newscaster with that 'on camera light' that follows the people around like a spotlight. There was no 'credit' for lighting design DP and I know why. The 'filmmakers' saw no need to have someone who actually knew what they were doing lighting this picture (note I didn't say ""film""). So be prepared for a SINGLE glaring spotlight as the sole source of 'cinematic lighting' for most of the movie. UGhhh!!! This is probably the most technically inept production I've ever seen commercially released. I ""bought"" this title because I like bad cinema. Usually it's so bad that you can laugh at it. This is just so bad that it's unwatchable. Plan Nine from Outer Space is ""Citizen Kane"" in comparison to this title.",neg,negative,neg
"Midnight Madness is a movie that is unfortunately highly underrated and unappreciated. With a flood of classic ""edgy"" teen college movies, this one was forgotten. As a child I would watch this movie over and over again, luckily I had it on video. This movie shows a more tame, but most exciting side of the eighties. In the cynical society we live in this day and age, with drug abuse being the ""coolest"" thing, it's good to see, once in awhile, a fun, innocent movie that is Midnight Madness...that is if you can find it.",pos,Positive,pos
"I know most of the other reviews say that this movie was great, but I have to disagree. Sure, it's a good book! It was actually one of my favorites when I was verrry little. But it's just not meant for theaters. Maybe for a little half hour short, but I don't see how they can turn a short kiddie book into a whole feature film. It is a cute movie, but I would only recommend it for really little kids. Older kids will have no interest it. Adults may have a little more interest if they watch it with their young ones. But anyone ages 7 Adult will have a snore fest. Sorry if you disagree with me, but this is my opinion. :)",neg,Negative,neg
"Ghost Story has an interesting feminist revenge tale premise, A list veteran actors, colorful flashbacks with nifty look a like youthful counterparts of the old men. scary staccato music heralding the approaching horrors, atmospheric New England winter weather, and an excellent charismatic actress in the title role. Ghost Story could have been much more effective in black and white and in eliminating some of the more lurid special effects, and to presenting a more cogent screenplay (we should not have to be wondering about why the two trailer parkish acolytes are in the script) The biggest detriment of the film is Craig Wassan (definitely separated at birth from Bill Maher) who from perhaps editing or just bad acting, is totally ineffective. He seems to ""specialize"" in wide eyed, wide mouthed reaction shots; not a lot of personality here. The revelation however is Alice Krige, pale faced, enigmatic, terrifying underneath the placid exterior. However, her Eva Galli is creepy even before she meets her fate; I mean, a young woman who says things like ""I'd like to take a bite out of you"" or ""Dance with me, you little toad!"" is already not in the land of the living. Ghost Story would have been much better in a low key, Val Lewton mode. The overdone special effects completely undercut the chill factor.",neg,Positive,pos
"Jack Frost 2 was a horrible, terrible, sadly pathetic excuse for a sequal to a great movie. The original, was a low budget comedy horror film about a murdered who was turned into a snowman after an accident with some toxic waste. And the snowman went around murdering people, and avoiding blow dryers like the plague. This, however, was a far cry from the quality of the original. It seems like this even had a lower budget because for some reason, after an hour into this film, I still hadn't seen the snowman. Some revenge he's getting if he's always in the form of Ice cubes with a cheesy voice over and a little shake of the cooler he rests in to give animation to the character. Disappointing to no belief, even for a fan of bad cinema.",neg,negative,neg
"I have a 4yr old daughter, and before this movie she was all about the Disney princesses, now she watched this movie and all she can talk about is Princess Genevieve, and all her sisters. I definitely recommend this movie for all young girls. This movie is one of the best from the Barbie collection. It shows all the good values that any mother would love to encourage on there little girls. With the great songs and dance moves, it gets my daughter up and trying to mimic the moves. The extras are also good, one even works on how good your memory is. I would definitely have say it is a must see for kids and grown ups alike.",pos,positive,pos
"I know we shouldn't expect much from a low budget indie film. But the idea behind it is sound: an attempt to open America's eyes to the cozy relationship between the government, and the journalists that are supposed to be keeping an eye out against it. But somehow the documentary aspect of it, takes away from its drama. The protests during the 2004 Republican convention in New York were not that compelling to make a documentary about it. Those kinds of compelling protests belong to the era of the 1960's. It would have been better to stick to a drama format. Perhaps a slow build up where the young journalist's eyes are gradually opened up to the conspiracy.",neg,Negative,neg
"I do not have much to say than this is a great finish to the story. Most people have said that there is not enough plot and its just eye candy.But think about it, everything was explained in FFVII you cannot add more plot to such a grand story it would ruin it. They did the best that they could do and I think that this should be taken more as A Final FMV.. the last fight.  Graphics   10 10, Absolutely amazing  Story 8.5 10   don't think they could of expanded it that much more. And the stuff they could put in there was clever enough I thought.  Characters 9 10   Well most of them have already been explained during the game but still could not fit it all into 90 mins.  Sound   10 10, since i am a metal fan I loved the fight music.. and piano just reaches right in there..It is a great ST and I was not disappointed. Tilt Replay 10 10   Enjoyable every time.  Overall  9 10 (FF Fan View 10 10) I personally think this is what was needed, a fight to end it all.. the plot was already in place. The action was necessary as much as people complained. I loved every second of this movie. It was a pleasure to visit the world of FFVII just one last time. Just remember this.. most movies that have been made form a game have been directed by movie directors i think this is pretty great for a team of game directors.. Don't think I've seen a better game to movie.. Thankyou Square, I think you did it right!",pos,Positive,pos
"This show is great for many reasons..The father and mother can communicate with their kids this day in age. Its so great to see a real family instead of some stuffy overacting family. I watched this one time and became hooked.It so great to see a black family on TV worth watching. This show left too soon but on its way out it dealt with pregnancy, sexy, drugs, bad dates,death etc .The best thing about the show was that it dealt with it in a real humorous sort of way. Great show for the family ..I cant tell you how many times I have sat up watched this show late at night sometimes and laughed my head off. Great pg 13 rated show.I loved everybit of this show.",pos,Positive,pos
"I watched this film in a Singapore theatre yesterday (4 February, 2006)and came away with a better understanding of what schizophrenia patients and their loved ones go through. Ms Aparna Sen must be congratulated for not only taking on a difficult subject, but also treating the mentally challenged with a deep understanding of their predicament that is necessary to help them cope with the trauma of disorientation, hallucinations and the storm of turmoil raging in their minds. We have had Hollywood movies on this subject such as ""One flew over the cuckoo's nest"" where Jack Nicholson carried away the honours. Since then research has helped provide more insights into the problem and clearing some misconceptions about treatment. In ""... cuckoo's nest,"" for example shock therapy has been portrayed as barbaric, but in ""15 ..."" the point has been made that it is not as bad as it has been made out to be. The other misconception is that abuse in childhood is a cause for schizophrenia. But scholars such as Dr. E. Fuller Torrey have emphasised that studies have shown that childhood schizophrenia is a brain disease and is thought to have some genetic roots. It is now established that schizophrenia can be treated like any clinical ailment and its advance can be checked if detected early. Even in fairly advanced stages regular medication and counselling can be effective. The same understanding shown by Ms Sen is evident in the way the actors play out their parts. In keeping with the gravity of the theme, the acting is controlled throughout with Ms Konkana Sen Sharma's evocative silences and eyes mirroring the helpless confusion of a disturbed mind speaking louder than some of the rantings we are used to in most of the movies that have included mentally challenged characters. Like me most of the audience in the theatre appeared confused at the abrupt ending. It leaves lot of questions hanging in terms of the plot. Has Meethi's search ended? Why is she not found in No. 15? Were children actually playing when Meethi strode past the gates with her eyes sparkling with recognition? Can anyone sort out this jigsaw puzzle?",pos,positive,pos
"Appalling, shallow, materialistic nonsense. How women (and gay men?) can enjoy this rubbish is beyond me. No self respecting man would ever want to be with one of these neurotic gold diggers. What is even more concerning is that so many reviewers say they relate to the women on the show. If that is the future of women, Lord help us all. Showing your independence and being respected as equals with men should not be about spreading your legs every three seconds with a different man. I think this demeans women and does not do them justice. But this review is no rant against women. Fans of this show say it is ""hilarious"" and ""rivoting"" but every time I have watched this show I have just struggled to stay awake. Despite the narrative of the reporter woman, at no point in this show is there even anything close to something that could be considered a rational thought. So, it's not entertaining, and it's not informative, so why would you bother watching it? One out of ten stars.",neg,negative,neg
"please why not put this fantastic film on DVD,i have been searching just like the previous writer for years, whats the hold up, or show it on TV. its so underestimated its one of the most romantic and beautifully written books i have ever read, and believe i have read some.I seem to think it was read on radio 4, but i can't find that either. Why not try and remake it even, i promise it will be top earner, people love those sorts of stories, So please either release it and take us out of our misery or remake it,although i doubt if it could be improved upon. Has any one read gone to earth by the same author or seen the film with Jennifer Jones, this is superb, but not to the same extent may be.",pos,Positive,pos
"Clearly, Andreas Bethmann would like to wear Jess Franco's crown whilst coveting (at least cinematically) the old workhorse's wife, Lina Romay. Romay plays a corrupt, salacious, masturbating prison warden in this modern, ambitious W.I.P. film. With some exceptions, many of Franco's films are ineptly produced and directed in a slipshod, hurried manner. Shots don't always cut together and the sound mixes can be horrific. While watching ""Angel of Death 2"" (aka ""Prison Island Massacre"") I asked myself if Bethmann is deliberately trying to replicate Franco's patent shoddiness, or is he just naturally shoddy like his mentor? Is this movie deliberately bad, which would be self defeating, or is it simply bad by neglect? After a hitchhiker is forced to give a gunpoint blowjob, her rapist fills her mouth, then fills her vagina with some drugs. Minutes later, she is hauled into a clifftop prison for reasons not explained and subjected to the leers and rough handling of staff and other inmates. As this is a WIP film, there are lesbian scenes galore and plenty of violent behavior. The gore is bloody and sadistic, too, with delights such as teeth pulling and scalping (courtesy of Olaf Ittenbach). The acting is pretty awful and the fight scenes are lame, but there is a love of sleaze in every frame and an understanding of what trash fans enjoy. Unfortunately, the flat script makes for a flat movie. So, despite numerous atrocities, hardcore sex, and a guest appearance from Jess Franco, the experience is an empty one. But isn't that what most Jess Franco movies are?",neg,negative,neg
"( HR is what Himesh is called in the movie, I think he likes it too. ) It's amazing how intelligent people, talented even fall in to the same trap. I really like Reshamiya. It's amazing what he has done. No one in recent years has come back from the wilderness and made a mark for himself. And I truly expected a great film ( What with the budget of 50 Cr and the cute actress ). As intense as Reshamiya is I thought, he would excel at a sentimental and an emotional role. Ironically he is depicted the same but for what care? Sheer incompetence, carelessness, awful acting, banal background music, insensitive direction make it a real pain. Blunders rule. ( Ex. How can German Police issue public instructions on a loud speaker in English? They communicate among themselves in English!) Unfortunately this incompetence has become the standard in main line Bollywood. There are some excellent directors but many a bad ones too. The worse thing is that the majority just doesn't care. Songs are the only saving grace... Please don't repeat this HR and find yourself a good director ( low budget.. No problem). The villain should really have shaved his head instead of the wig you know... after all it's a 50Cr movie.",neg,negative,neg
"If you tried to make a bad film, you could not make one worst that this one. I can't imagine anyone paying good money to see trash like this in a theater. The thing that really gets you is being mesmerized in looking at the entire thing just for the amazement of seeing how lousy it could get. The redeeming facet of this film was seeing the words ""The End""",neg,negative,neg
"Flash Gordon is, undoubtedly, the best of all American serials. In a date so early as 1936,Universal was capable of making such an entertainment story, and twenty years later when I watched it for the first time as a kid it involved me in a great adventure and emotion. Buster Crabbe was the hero we always wanted to be in our childhood, and Jean Rogers the beautiful girl we always dreamt to be in love with. Dragons, octopus, monsters,gorillas were also the attraction. Charles Middleton was a great presence as Ming, the Merciless. A true predecessor of George Lucas´s Starwars.",pos,Positive,pos
"The second film about the adventures of the Gaulois pair Asterix & Obelix is 10 times better than the first. The humor is great (and irreverant) and the script is well executed taken from the original 1965 comic book by Goscinny & Uderzo. I fell asleep with the first film (although i am a great fan of Asterix) and was reluctant to see this sequel, but i am glad this movie proved me wrong. Excellent comedy for everyone. Highly Recommended!",pos,positive,pos
"I've taken another look at this film and still consider it pretty good. Chloe is one of the few hardcore stars who really can act. She appears occasionally in soft core such as ""Body of Love"" and ""Lady Chatterly's Stories"" on Showtime. I thought Nicole Hilbig did OK too with her nice body and charming accent. Too bad she's not in more films.",pos,positive,pos
"First of all, I believe that this movie is much more appreciated by viewers who have actually read Joseph Conrad's ""Heart Of Darkness"", the book that was the literary basis for the movie. With that said, I believe that this movie is astounding. It is an excellent war film that doesn't so much concentrate on the gore and brutality of the Vietnam Conflict, but more the psychological toll that it took on the young, inexperienced ""kids"" who were sent to fight it. Coppola showed real genius in the art of film making, using many visuals to help tell the story. The acting I felt was definitely all around up to par. Marlon Brando's part in the movie is what really got me as far as acting. His elucidation to Willard at the end of the film reels you in, and reveals the hollowness of a man that you've heard about and wanted to see throughout the movie. Those who would consider this just another war movie need to give a detailed look to all the literary elements that are entwined with this film, because there is a great amount of meaning behind it all. In my opinion, this is one of the most sculptured and best made films of all time.",pos,positive,pos
"Michael Ritchie's ""The Couch Trip"" is a wonderfully anarchic comedy about what makes a good psychiatrist. It is so subtle and wicked that you start to realize what a stinging satire it really is. It is also Dan Akyroyd's best movie, made in a particularly great film year (1988)for him. First, ""The Great Outdoors"" and now this. Akyroyd stars as John Burns, a career crook who fakes insanity to escape prison. Now, a dumb comedy would just be about this. But ""The Couch Trip"" uses this as a springboard for everything else. Beverly Hills psychiatrist George Maitlin (Charles Grodin, subtly hilarious here)has a nervous breakdown and a replacement is selected: Lawrence Baird, who happens to be Akyroyd's psychiatrist! You can pretty much guess what's going to happen, but the great thing about ""The Couch Trip"" is not what happens, but how it is done.  ""The Couch Trip"" gives Dan Akyroyd the best role he has ever had. His John Burns is one of the truly original comic creations in movie history. Wicked one liners and physical humor are a part of it, but what makes it special is that Akyroyd makes Burns a lovable character. We root for him and grow to like him a whole lot during the 98 minute running time. But Akyroyd isn't alone here. He gets strong support from other great comic actors. Walter Matthau joins the hilarity as a con artist minister who catches on to Burns' secret and commits genteel blackmail. Charles Grodin ""slow burns"" his way to another great comic role as the burned out psychiatrist. Grodin has been one of the most underappreciated actors in Hollywood. It's criminal they haven't used him more often. Richard Romanus plays Grodin's slimeball lawyer to perfection. ""The Couch Trip"" is one of many films made by the now defunct Orion Pictures Corporation that are currently unseen. MGM spent a fortune buying the Orion library but have yet to truly cash in on their acquisition. ""The Couch Trip"" joins ""Dressed to Kill"", ""Blow Out"" and countless others in gathering dust rotting in the vault. Shame on MGM for their inaction. Hopefully, with new management, ""The Couch Trip"" will find the audience and respect it deserves. **** out of 4 stars",pos,positive,pos
"If you haven't seen the first one you have to at least know someone who has and you have to know it was painful to sit through. There just wasn't anything good to say about it at all. So what's different with the second one? Why bother making a sequel for a movie that was wretched? This one doesn't take itself too seriously. It knows it was made for TV and doesn't try to impress with great or serious dialogue. There are moments where it tries to get 'serious' or 'intense' but these moments are so corny you have to laugh. Thankfully gone are any elements of Uwe Boll and any hint that this originated from a video game (other than the title of course). Don't go into this movie expecting anything worth mentioning to your friends unless they're into camp, lame zombie movies, or are interested in making a drinking game out of this movie. Take two shots whenever Ed Quinn's character mentions his dead brother! Take one shot whenever a bullet would have been better place in the head of a zombie instead of pumping three in the chest! etc etc.",neg,negative,neg
"I caught this for the first time a few nights ago on television. I expected to only tune in for a few minutes, but found myself intrigued by the movie. I ended up watching it all and found it surprisingly compelling. The acting by the three American leads was quite good, especially that of Alex Cord. He plays a gunslinger with quite a degree of vulnerability. Very different from how most of them are portrayed in westerns. He ended up in several situations where he was at the mercy of the bounty hunters. The final shootout between the three leads and the bad guys was very good, as was the scene where the doctor digs a bullet out of Clay McCord. Somewhat gruesome, but realistic. I must admit that, despite my initial misgivings at watching a ""spaghetti western"", I ended up enjoying this film quite a bit. I would recommend it to anyone who likes westerns.",pos,positive,pos
"This film is so lovingly made you want to be part of it forever. The flics are straight but not without malice, the goods are transparent and evildoers are hardly there. Even the ""cabaret"" are so naive they'll make you daydream with nostalgia in comparison to anything available on TV. Blier is fine, if a bit one sided. Louis Jouvet is perfect, you just can't have a better copper. He has the best line: ""My dad cleaned other people's dirt, and I do the same"". Susy Delair is unbearable, but I guess in part it's the songs, wardrobe and hairdo. Simone Renant, on the contrary, makes a great femme fatale, if a bit silent. I didn't realize she may be a lesbian as IMDb user dbdumonteil and others rightly suggest.",pos,positive,pos
"*Hannibal SPOILERS* Hannibal Lecter (Anthony Hopkins) is back... for a travesty of a movie! Now he's in Italy, appreciating our food (including people, such as Rinaldo Pazzi (Giancarlo Giannini)), but comes back to the States for Clarice (Julianne Moore) and to even the score with a former victim, Mason Verger (Gary Oldman). Let me tell you, this movie does not deserve to be spoken of along with Silence Of The Lambs and Manhunter, because it's truly, completely, absolutely, totally BAD. I mean, the scene near the end with Ray Liotta's cranium being opened and him forced to eat part of his brain sautéed? WTF? Then, why the HELL was everybody so annoying (including Clarice)? And why did the story keep going nowhere? I suppose that this is the 'teen' chapter of the Hannibal series; terrible, stupid, gory for gore's sake and totally embarrassing. Don't watch it, especially if you love any other of the Hannibal movies (SOTL, Manhunter, Red Dragon, Hannibal Rising). Hannibal: 1 10.",neg,negative,neg
Although the story is good and portrayals what I expected of Sam Elliot my DVD copy contained almost unbearable synchronization problems. The dialogue was almost 3 seconds behind the lip movement throughout the whole film. I would therefore be very careful in purchasing any DVD of the film without checking for the problem. I would also follow the recommended censors classifications particularly in relation to language and drug usage. This film could become a silent classic cop movie and with the above cautionary notes I can recommend it to prospective viewers,neg,Negative,neg
"You can't take this movie seriously.....the plot is predictable and trite, the acting often over the top, the dialog laughable; but it all adds up to great fun! Three ""career girls"" in the late 1950's find their way to the BIG city and all the evils and temptations their mothers probably warned them about: married men, alcohol, premarital sex, abortion, etc. Then there's Amanda Farrell (Joan Crawford) who did succeed professionally, but whose personal life has been sacrificed for an office with her name on the door. This movie may have been believable 50 years ago, but now it's just great campy fun! Rent buy it and enjoy.",pos,positive,pos
"Spoilers ahead JEEEEEEEESUSSSSSSSSSS.... I have a saying: ""Insecticides kill insects and Moronicides kill morons..."" The ""ghost"" in this movie kills morons. Several of the people who get killed in this movie are actually ASKING to get killed, by running into abandoned houses, going after ghosts, etc... On a strictly cinematic aspect, this movie sucks real bad. The three story lines are shown to be parallel and suddenly, we learn they are separated by at least a few days. It's a cheap shot... Also, the ""thrills"" are so cheap, they are laughable. Even ""Nightmare on Elm Street"" didn't sink so low as to show someone being attacked by his own sweater... it's pathetic. Save your money, stay home, and you won't have a grudge against the filmmakers..",neg,negative,neg
"Wow. I felt like I needed to shower off after watching this one, but maybe there were other reasons that I will leave to your imagination. I felt used and abused after wacking, I mean watching this film. Hairy chests, thick mustaches, and well, hairy everything describes this porn horror movie, but hey, it was 1981, you can't call it ""porn"" in the 70s and 80s without the hair. As a horror flick, this bites. But as a piece of exploitation porn from Italy's rich cinematic history  it definitely has a place in my library. The copy I have is in Italian with English subtitles. I wish it had the really poorly dubbed English, I think it would have added to the sleaziness factor that already existed. The only white guy who gets laid in the movie is ""Mark Shannon""  he is the moustache wearing, hairy chested piece of machismo who really does try and give a performance every time he ""steps up to bat"". This was at the end of an era where porn producers were actually trying to make something artistic. Nothing like panning the camera from a tropical backdrop to a hairy man having ""doggie style"" sex with a woman. I can't help but laugh. This is one of those movies that I pray my future wife and kids never find.",neg,negative,neg
"Honestly, this is one of the BEST horror movies I have ever seen. I was captivated by the story, petrified of Captain Howdy and on the edge of my seat for the whole ride. I do not really understand all the negative reviews. The set up has already been discussed in depth; Captain Howdy is an on line predator who sets up meetings with teenagers, abducts them and introduces them to his favorite pastime of body modification and piercing. Dee Snider is Captain Howdy and he is one of the scariest psychopaths ever created; maybe the scariest because he is so human and you get the sense (especially if you are into body modification at all) that there are really people like this in the world. But the biggest reason I liked this movie and the reason it is so horrific is that Captain Howdy becomes the hero. At the beginning of the movie, the roles are clear cut; the victims are innocent, the cop is the good guy and Howdy is pure evil. By the second act, however, things have changed a little. You want Howdy to be evil but it turns out that he is really just a victim of circumstance and maybe the good and the bad are not obvious. It is terrifying to find yourself cheering for the ""bad"" guy. A couple people have mentioned that Strangeland should have been broken into two separate movies. To be sure, there are definitely two separate ""acts"" but this movie works so well because the two acts are back to back. The first act is the typical psycho thriller but the second act is the most disturbing because of the viewers reaction to the situation. I do not think it would have worked quite the same if the second act were expanded and turned into a sequel. As a big horror movie fan, I highly recommend this film. It is the first horror movie EVER to give me nightmares.",pos,positive,pos
"Don't believe the hype. If you have high hopes or have anticipated this movie to any degree, you may be disappointed. Even the hilarious and talented Steve Carrell can't save this poorly written, over long silly spy flick. For the purists (fans of the original TV series), this movie bears little resemblance to the original characters and influence. Agent 99 and Maxwell (except for their names) are simply not the same characters. There are several isolated references to the original, but not enough to convince this fan that it is anything more than a poor shadow of the TV version. For those not familiar with the original TV series, you may not be disappointed but chances are you will be bored. There are a few cheap Hollywood political shots as well (really pathetic and oh so typical for an election year). We left after the first hour and weren't alone. Some left after 20 minutes.",neg,Negative,neg
"I just saw this movie. I liked the soundtrack.I saw first the trailer and was magnificent, like all Hollywood movies, they know how to sell.But the movie is almost awful, first 30 minutes are interesting, but then.... like almost all new movies they blow it up. I don't get the idea, why that kid died??Is a cliché, every nigga' movie must have a kid to be killed, and everybody must become good after his death.LOL.I don't understand what is the connection with the movie... And is so predictable, you know the end from the very first minutes.Nothing new in this movie. I saw 'You got served' same idea but also... something new... this is something like 'Honey', but is not a little bit difference between them.If you have no other option watch this movie, but be sure is the last option you take. And the choreography is worst than everything before. This is NOT a must see for sure...",neg,Negative,neg
"CHRISTMAS IN AUGUST is a perfect movie. A flawless movie about all the flaws of humanity. On the outside it may look like a movie about death, but is in fact a movie about life. I simply cannot recommend this movie enough. And be not afraid, dear readers, it is not a depressing film. As stated, it's a movie about the brightness of life coached under the guise of death. You will laugh. You will cry. You will realize that life is fragile and short. And you will leave the viewing with a better understanding of how precious life is. 10 out of 10 (go to www.nixflix.com for a more detailed review of this movie and reviews of other foreign films)",pos,Positive,pos
"This is the single greatest movie I have ever seen. Davey Mr. Slaussen is simultaneously: 1) Tortured about his talents (e.g., ""I can control it; I can! I shouldn't have to hiiiide it! It feeeeeeeeeels good!""); 2) Desperate to make friends, e.g., ""How's the soup? ""The soup is very good."" ""Would you like some crackers with your soup?"" ""I'd like some more crackers, please."" ""How's that?"" ""Yes, the soup is very good."" 3) Proud of his accomplishments (e.g. ""Pretty neat trick, huh?"") 4) A ladies man (e.g., ""You're so pretty. Why don't you like me?""); and 5) Sometimes, very, very angry (e.g., ""You can't get away!"") Connors should have received an academy award for best actor for this movie. I mean, who was possibly better?! Tanya Roberts rocketed to the stratosphere following her performance in TT. It's a wonder not all of the stars of this masterpiece did not go on to have brilliant careers. I highly, highly recommend this film! It's available on amazon.com. Everyone should own it. Make a night of it and have a bowl of soup while you watch.",pos,positive,pos
"A film about the relationship between a man and leopard that's very reminiscent of ""The English Patient,"" even down to a scene similar to when Ralph Fiennes' character carries the body of his lover across a desert rock cliff. In ""A Passion in the Desert,"" the main character carries the body of the leopard across a desert rock cliff but in the opposite direction (calculated decision or unconscious contrast?). Historically expanded from a very short Balzac story, the film is not perfect but a treat no less. Final shot will haunt me for weeks. (8 of 10)",pos,positive,pos
"Nana Patekar once again proves that he is the best actor working in Bombay without a doubt. His recent movies involved shouting his lines that does not bode well for the theater trained thespian. One wonders why he is always not given his accolades during awards season. ""Shakti The Power"" was one of his flicks that was an utter disapointment along with Kohram (a missed oppurtunity to create screen magic with Amitabh Bachchan). But Patekar exudes a cool calm in this film playing a cop on a sort of social justice journey. Ridding the streets of Bombay of underworld dons in fake encounters, Patekars character takes control of the screen (and the viewers attention) and never lets go. The editing is tightly paced and there are no annoying songs to distract from the story. Along the same lines as the modern day cult classic ""Company"", the movie is well acted, directed and should have a long shelf life on DVD. The final ten minutes that see Nana and the main villain talk at his offshore haven are bound to be part of Hindi cinema classics. Won't be dissapointed with this cops and robbers flick.",pos,Positive,pos
"This movie is so God awful that it was literally a chore to watch. I wanted to eject it from my vcr and throw it across the room, but kept thinking (foolishly) that it would eventually get funny and then everything would be all right. ""You lose, we win, yay!"" This movie should be required viewing for anyone who even once entertained the thought that Jackie Mason was funny. After that, beat them ove the head with this movie until the tape cracks. And if you're even considering renting this turd (or worse yet, have!) I have one thing to ask of you: didn't you even look at the cover? I mean, with crap like this you can tell with just a glance how bad it is! ""Oy vey!"" This movie sucked.",neg,negative,neg
"""on our own"" is a touching story of four kids who run away from foster home after their mother dies, with only one suitcase, their dog Ralph and $9 they set off in their mums old car in search of their uncle Jack. On the way their car breaks down and they meet Peggy Williams, a schoolteacher on holidays and she offers to help them out. Together she and the children search for uncle Jack but are forced to hide from the authorities that plan to take them back into foster care as they do so. This film tells a story of love, friendship and how important it is to stick with your family as the children venture out on their amazing journey.",pos,positive,pos
"We brought this film as a joke for a friend, and could of been our worst joke to play. The film is barely watchable, and the acting is dire. The worst child actor ever used and Hasslehoff giving a substandard performance. The plot is disgraceful and at points we was so bored we was wondering what the hell was going on. It tries to be gruesome in places but is just laughable. Just terrible",neg,negative,neg
"I looked forward to watching this film since I loved the David Lynch version. In my first attempt at watching it I fell asleep. Nothing was happening. The next night I tried to watch the rest, and again it was putting me to sleep! Nothing ever happened in this movie that could keep anyone's interest alive. The only time it got a bit more exciting was when I tried it on Fast Forward! The DVD came with a second disk which contained bonus material. Needless to say, I had no hard to go through the torture of watching more of Dune (2000). Here are the low points: The acting was bad, the plot moved in slow motion, the sets were and looked cheap, the direction was pathetic, and the CGI visual effects childish. If you want to watch Dune, save your money or rent the 1984 version.",neg,Negative,neg
"I was extraordinarily impressed by this film. It's one of the best sports films I've every seen. The visuals in this film are outstanding. I love the sequences in which the camera tracks the ball as it flies through the air or into the cup. The film moves well, offering both excitement and drama. The cinematography was fantastic.  The acting performances are great. I was surprised by young Shia LaBeouf.He does well in this role. Stephen Dillane is also good as the brooding Harry Vardon. Peter Firth, Justin Ashforth, and Elias Koteas offer able support. The film is gripping and entertaining and for the first time in my life actually made me want to watch a golf tournament.",pos,Positive,pos
"Nothing I dislike more than a kung fu movie that plays for laughs. It is the main reason I can't stand Jackie Chan (or his lookalikes). He was not always a clown, I must add. ""My Young Auntie"" is slapstick martial arts of the worst kind. It is a perfect example of how the subgenre was brought down to the mud by endless silly antics and childish behavior. Unless you are 5 year old, I really don't understand how anyone could find this kind of film funny. But humor is indeed a very subjective thing. Personally, I think this type of approach did permanent damage to the beloved subgenre. I did think leading lady Kara Hui was very good here. But I had such a hard time sitting through this one that I could not enjoy her fine performance. If you don't mind all the silliness, you might enjoy it. I know I didn't.",neg,Negative,neg
"This movie brought together some of the old Spinal crew for another mockumentary film, this time revolving around the world of the Dog Show, how their owners prepare and train for the show before moving on to the show itself. We meet several teams as they hope to win the top prize  The Fleck's, Cookie who seems to have slept with every man ever, and Gerry who tries to cope with his wife's old escapades and the fact that he literally has two left feet. Harlan, whose dog talks to him, and enjoys ventriloquism. The Swan's who have taken far too much coffee and scream at each other. Donalan and Vanderhoof the gay couple, and Cabot and Cummings who have won the last two years. Fred Willard commentates on the show, and is very funny as always. Funny scenes include the 'Look at me!' scene, and any with Levy. Unfortunately some of the best scenes were deleted or filmed later  Willard interviewing Leslie Cabot, and the alternative epilogue with Gerry is one of the funniest things i have ever seen. If these had been included, i would give the film an extra mark. But... 7 out of 10",pos,positive,pos
"Wow, this film was terrible. It is as simple as that. It is actually the first time that I walked out early, as far as I can remember. This turned out okay, though: I had a very nice chat with two most charming girls while we all waited for the rest to finally give up on that crap they called a ""movie"". Where to start. Bad acting, bad jokes. Faecal humour, which I simply cannot stand. Sorry, but snot, pee and scat are *not* funny. You have seen the title picture? That scene actually drags on for about 5 minutes, with the two ""heroes"" hitting and mutilating each other, which is supposed to be humorous all by itself. It is not. Apart from body fluids, violence and cross dressing, I do not remember much about this. At least not much good. I was really, really disappointed by this piece of garbage. Or let us be honest here: given that I am actually a big fan of ""british"" (i.e., black) humour, I was angry. So, want my advice? Three words: do not watch.",neg,Negative,neg
"I saw this when I was twelve. It was the movie that made me understand what a good mystery really was. I had read the entire Happy Hollisters children's mystery series and they were about a family of child sleuths who always got their man. But we the readers were not in a position to solve the mystery along with them. This movie showed me that a good mystery is that which makes the viewer reader, at the end, say, ""OH!!!!! OF COURSE!!!!!!!""",pos,positive,pos
"I absolutely, positively loved the movie. I just saw it and can't wait for it to come out on DVD. It is a beautifully, well drawn masterpiece. I am always amazed with the intricately drawn work of Ghibli studios.  Others have commented on Sosuke calling Risa by her first name. He never calls his Father by his first name unless he is speaking about him to someone else. I didn't get the impression that Risa was his mother. It was never even mentioned or implied by anyone. It is quite obvious that she is his step mother. That is why he makes her promise to come home and why he gets so upset when he finds her empty car. His mother must have died when he was an infant because he mentions being nursed by Risa. This coupled with his father being out to sea a lot is why he has abandonment issues. Everyone also talks about how mature he is. This usually occurs when a child loses a parent.",pos,positive,pos
"as i said in the other comment this is one of the best teen movies of all time,and one of my personal favorites. to me this movie is the second best teen movie of all time. second only to the breakfast club. the last american virgin is also maybe the most honest teen movie of all time. it's underrated,and pretty much an unknown movie to a lot of people. it comes on TBS maybe once a year,but sometimes longer. the first half of this movie is a sex comedy with a few honest scenes. then the second half is pure honest,and most of the time serious. with only a few comic scenes. in my opinion this is the best soundtrack of all time. i've never heard this many great songs in one movie before. there are 4 love songs in this movie that i think are some of the best love songs in history. the movie is about a pizza boy named gary who is a virgin. hes in high school who has a couple of best friends. his two friends are sex sarved teens. the first half of the movie is pretty much sexual misadventures. that are very funny. gary is major in love with the new girl in school. he later finds out that his best friend is going out with her. he also cheats on the side. you can feel the love gary has for this girl very much. you can feel it even more in the second half. gary's friend turns out to be a creep. but his other friend is pretty cool. the movie shows how mean people can be. you can relate to a lot of this movie. the plot sounds like your typcial teen sex comedy. but it's so much more than that. it's a very honest movie. it's also very 80ish which i love. if you love the 80's or grew up in the 80's,rent this movie. but there may be some people that don't like the 80's,but still may like this movie. i first saw this movie back in 1987 i think. it's very entertaining,and very funny. it combines very touching moments with very funny moments. it's an underrated gem! i have the movie. i love it! i give the last american virgin ***1 2 out of ****",pos,positive,pos
"If you want to see the true, vile nature of Communism, watch the movie DARK BLUE WORLD. (Tvamomodrý Svet) It recounts how the brave Czech pilots who refused to surrender fled to England to join the fight against the Nazis. After the war, the Communists feared they had picked up dangerous Western ideas about freedom. So, they had these heroic Czech pilots thrown into a nightmarish prison, where some of the guards were the same Nazis they risked their lives to defeat. If Hollywood wants to understand why so many of their movies fall flat, they should compare the character drama portions of ""Pearl Harbor"" with this movie. In Dark Blue World, you really make a connection to all the characters. In Pearl Harbor, everyone is like some slick cartoon version of a real person. There are innumerable instances of brilliant writing in this movie. One funny scene that sticks in my mind is when the character Karel is being taught English by a rather formal Englishwoman. When he can't pronounce a word, he ridicules the lesson. In typical stoic English fashion, the teacher calmly but forcefully confronts Karel, and shames him into behaving. The aerial battle sequences in this movie are amazing, and they help to keep the movie lively. I read that it cost $11,000 an hour to rent the planes, but it was worth every penny. Ladies, you are expected to cry at sad movies, but guys.... beware! This movie would make General Patton weep. And if you are a dog lover, you'll use up half a box of Kleenex. Don't say I didn't warn you.",pos,Positive,pos
"OK, maybe it doesn't deserve an Oscar. Or a Golden Globe. Or any award, for that matter. The acting isn't outstanding, there's no reason to give credits to the directing, and its really just another semi gory 21st century slasher flick that MOST people will consider just decent. Or maybe even dreadful. But in my opinion, all of this doesn't matter a bit. And thats because i had a great time watching this movie. Sure, the first 40 minutes are pretty slow, but as the movie progresses, something in it you will like, if you are like I was, and anybody else should be when watching this movie. And that is: looking for 2 hours of fun, mindless violence. (And a kick ass ending, which i won't spoil.) Yes, there are many flaws in this movie, but don't let the cast list on the front cover fool you. Hilton delivers a decent performance that nobody saw coming. Even her greatest haters like me and my friends had to agree that she surprised us greatly with her barely believable acting skills and a strip tease that wasn't as nasty as anything an online pop up would promise of her, but still not so unbearable as to fast forward or turn off the DVD. The violence in this surprised me; nobody at school or on the horror board was talking about it like they were about ""these new movies called 'Saw' and 'Hostel'"" but I could safely say that ""Wax"" was more graphic than Saw, and some death scenes were actually quite disturbing. In conclusion, I'm not surprised House of Wax didn't make a place on the IMDb Top 250, but it is definitely worth a look.",pos,positive,pos
"I watched this show until my puberty but still I found it to reflex many situations that worry us when we're teenagers although it was a family oriented show. Until the mid 90's it focused more on the young adults and their situations. That's why I loved ""Step By Step"". I mean, it offered situations for every age and unlike many shows of it's kind, it delivered expectations. Let's be honest; this wasn't an extremely funny show, no, but it had some situations that you could feel related to but only funnier. There was an extremely good charm between Patrick Duffy and Susan Sommers. Duffy rocked! Sommers was tender and actually funny. I was in love with Stacy Keegan because she was extremely sexy (loved her legs) and witty. But Sasha Mitchell stole the show with his Cody character. He was the man back in the day! Oh, the memories. Nowadays, this show wasn't been able to adequate correctly on the new generations and that's why it should be kept in the vault of memories. That's it, only memories. Thank you Step By Step for making my puberty funnier.",pos,positive,pos
"Gritty drama? Emotionally powerful? Blah! The BBC has lost out big time to masterful productions such as The Wire, Sopranos and Carnivale from HBO. Okay, so the budget may be a lot smaller but 'The Street' last night was badly acted, predictable, unrealistic, stereotypical, insensitive and a big fat waste of time. TV (British TV) is not as good as it used to be and is falling further and further behind the American productions. There was no sense of brutal violence from the 'local gangster'. There was no indication that this man was 'insane' enough to beat up a man he has respected for such a long time. There was no remorse when he did it and this shouldn't be the sort of character that would back down when Bob Hoskins called his son a pansy, in a display of 'bravery'. I wish I was more eloquent to express my disdain for this show, but I am not and although I can't prove my point well enough, believe me when I say that this was rubbish, shock TV, that provides no real inward looking perspective on life. 1 5 stars.",neg,Negative,neg
"I thought that i wrote a comment on this movie before, but i can't find it on here. anyway, i am writing it again. I accidentally found this movie from my college's library collections. It was free to watch, so why not. I am certainly glad that I watched it. I love this movie. I have seen a few Russian movies before, most of them have serious topics. I am surprised that this was one a good comedy. I had a great laugh while watching it. and this is a movie that i want to buy. this thing is so funny. and they are not just silly funny, those plots were very original, and well thought, so they don't seem to be silly at all. I am surprised that this movie didn't attract many viewers. This is a classic that you can watch it over and over. those actors were also very authentic, their acting are real, not faked. if you haven't watched it, go get a copy soon! definitely recommended.",pos,positive,pos
"It's hard to know exactly what to say about this ever so bland and dull little film. The story is predictable when not completely laughable. It's all a matter of ""dutiful gestures"" which, as presented here, carry absolutely no conviction. Yes, the MGM ""production values"" are gorgeous, and yes, Ms. Lamarr was exquisitely beautiful, but she and the great Spencer Tracy have absolutely no ""chemistry"" together   and that's the only thing that would have made this parade of cliches at all effective... It's my understanding that this movie received poor reviews when it was originally released; the passage of time has not improved it.",neg,negative,neg
"This is my all time favorite Looney Tunes cartoon. It's a common plot: Daffy Duck tries to convince Elmer Fudd that it is really rabbit season and shoot Bugs. But your can never outsmart that rabbit! In addition to usual cartoon comedy, this cartoon is supported by great word play that will keep you rolling on the floor.",pos,positive,pos
"The movie shows many feelings and emotions that are very strong and personal. The atmosphere in the movie is very tense and sad. You can really get a clear picture of what the main character is going through, and how he is responding to the world around him. I think it is a great movie, and that everybody should see it. ",pos,positive,pos
"My wife is a mental health therapist and we watched it from beginning to end. I am the typical man and can not stand chick flicks, but this movie is unbelievable. If you want to see what it is like for someone who is going through these type of struggles, this is the movie for you. As I watched it I found myself feeling sorry for him and others like him.  ***Spoiler*** Plus the fact that all the individuals in the movie including the people in the mental institution were the actual people in real life made it that more real. A must see for someone in the mental health profession!",pos,Positive,pos
"While its not the masterpiece that ""Le Samourai"" was (I've accepted by now that Jean Pierre Melville was never able to top that classic), I find ""Le Cercle Rouge"" to be much better than ""Bob le flambeur"". I felt that ""Bob le flambeur"" was an above average and influential b film, but still a b film. ""Le Cercle Rouge"" proves that as a filmmaker Melville improved as he continued. John Woo is a massive fan of Melville, even though their film making style differs. While Woo uses fast motion for shootouts and an operatic sense of violence, Melville has a minimalist style that suits him very well. He wasn't interested in creating quickly paced action films but more meditative crime thrillers. In that department, he was one of the best. ""Le Samourai"" is still his best work, mainly because it has more character development than this, but on a technical level they're probably equal. Besides, while ""Le Samourai"" had one great lead performance, this has four. Alain Delon is once again an ultra cool gangster on the prowl   this man's silence is fascinating. Bourvil is superb as the police inspector on the case of the heist and escaped con. He steals every scene he is in, and proves that he was a skilled dramatic actor (in France he is best known as a slapstick comedian in the mode of Buster Keaton). Yves Montand is great also as the shaky and paranoid gun expert. Gian Maria Volontè (a regular in spaghetti westerns) is overshadowed by his three co stars but still does an adequate job. Once again, Melville's direction is superb. Taking equal influence from both American crime thrillers and the French new wave, the man always seems to know the best shots and angles to choose. This is more slowly paced than most caper flicks, but it really pays off by the end. ""Le Cercle Rouge"" is a bit short of being an absolute classic, but is still one of the best heist flicks ever made. Tarantino must've seen this before making ""Reservoir Dogs"". (8 10)",pos,Positive,pos
"I loved this movie from beginning to end.I am a musician and i let drugs get in the way of my some of the things i used to love(skateboarding,drawing) but my friends were always there for me.Music was like my rehab,life support,and my drug.It changed my life.I can totally relate to this movie and i wish there was more i could say.This movie left me speechless to be honest.I just saw it on the Ifc channel.I usually hate having satellite but this was a perk of having satellite.The ifc channel shows some really great movies and without it I never would have found this movie.Im not a big fan of the international films because i find that a lot of the don't do a very good job on translating lines.I mean the obvious language barrier leaves you to just believe thats what they are saying but its not that big of a deal i guess.I almost never got to see this AMAZING movie.Good thing i stayed up for it instead of going to bed..well earlier than usual.lol.I hope you all enjoy the hell of this movie and Love this movie just as much as i did.I wish i could type this all in caps but its again the rules i guess thats shouting but it would really show my excitement for the film.I Give It Three Thumbs Way Up! This Movie Blew ME AWAY!",pos,Positive,pos
"I was enticed into watching Shark Hunter by the comments posted on IMDB. The movie was bad but the shark was cool blah blah blah. So I rented it. Bad idea. This movie was bad on so many levels that I'm glad that I had the option to fast forward. The shark itself is ok. It's appearance is decent and it is the only thing saving this movie from getting a 1, (I gave it a 2). The acting is incredibly bad and the dialogue is just as deplorable. I wasn't expecting much but I was continually surprised by this suckfest. Antonio Sabato Jr. is some kind of biologist or scientist or something, I wasn't really paying attention. He goes down with the expendable crew of this submarine to find out what happened to this underwater station that the shark took out of course. By the way, all the scenes that show someone working underwater are not underwater. First of all, if they are just going down to find out what happened to this station, what's with all the huge tranquilizer darts and the harpoons and stuff. Are these things that you normally carry with you when investigating a accident. The shark theory was advanced by Antonio while on the way so it not like they went in knowing what they were up against. Antonio and this young college student, horrible actress by the way, just jump to the controls of the sub when the sub is in trouble. What is with that? Unless everyone is getting some kind of sub training before leaving high school I find this a little silly. The director seems to think that if crew members are working in the background then it is a good idea to put someone welding in the background. Metal crafting is very important when your on a sub I guess. Anyway I could go on but I've said too much already. Bottom Line: Go to your local video store, rent this video and then destroy it. Then send email asking IMDB to remove all record of this movie from their site. All memory and evidence of this movie must be destroyed. We can do it if we work together.",neg,Negative,neg
"I loved this movie. My daughter is 3 1 2 and a country girl at heart. There are not any movies for young children. I loved this one because the worst thing in it was when one of the boys said ""stupid"". I applaud them for stepping out and making a true family movie. I rented it the first time we saw it and know looking to buy to add to our collection. My daughter can not stop talking about it. It goes along with our lifestyle. We live in East Texas. I hope to see more family films like this one. She even named one of our calves ""Hokey Pokey Keen""!!! I can not say enough about this movie. I look forward to many more films like this one.",pos,positive,pos
"Adored by fans for his unusually charming creativity and by Hollywood for his softball, user friendly movie making techniques, Tim Burton tipped the scales too far in formula's favor with his new upset of a cinematic legend, Sleepy Hollow. Following the quest of Ichabod Crane  played by Johnny Depp, delivering this dreary film's only shining point  to the heart of the mystery surrounding a town's seemingly random and gruesome murders by a fabled headless horseman, the story plays out as if it were purposely trying to be repugnantly predictable. Contrived as a children's bedtime story, humdrum character introduction is laced with intended upon exciting non engaging chase scenes which, with undeveloped characters fleeing for their lives, produce about as much fright and thrill as The Nightmare Before Christmas. Toss in an endless bundle of old trees for ambience and a wide eyed, big busted blonde love interest (Christina Reechi) and Burton has himself a movie that takes the age old legend of Sleepy Hollow and succeeded in making it like a Disney movie without the charm or captivation. Dialog was choppy and ridiculous, severed heads were aplenty, and there were enough plot revealing monologues to embarrass the likes of James Bond. Even with the backing of Emmanuel Lubezki, the most sought after cinematographer in Hollywood today, the wonderful acting of Depp and Burton's astounding name recognition, Sleepy Hollow is nothing to lose your head over.",neg,negative,neg
"It's too bad these guys, the so called judges, are such jerks, even the nominally ""sensitive"" ones. It's the self congratulatory tone that really makes me sick though; these guys don't have any perspective on their behaviour. I think the real problem, though, is the quality of the contestants. Not a single smooth or truly charming one in the lot. They pick the most pathetic girls out of the crowd because they're the only ones these guys have a chance with. Let's see some real players trying for a truly unattainable girl, and maybe you have a show. Otherwise, you have a revolting half hour of self love. And real sexual tension takes two.",neg,negative,neg
"I forsee many students now signing up for student exchange to Barcelona and being disappointed when they don't have quite such an exciting time. The movie was enjoyable. It's of course always a pleasure to see Audrey Tatou. However, I have a very strong issue with part of the movie. The lesbian roommate tells Xavier that women like to be physically dominated (which I take issue with) and shows him some sort of butt grabbing move that's guaranteed to get a woman. Xavier then tries out the butt grab on a shy married friend   who starts out saying ""no no"" ""I'm married, I'm married"" but then somehow succumbs to the butt grab?? All of a sudden she's moaning ""yes yes"" and they're going at it on the benches in Parc Guell. I found this really really offensive. Furthermore it is very stereotyped. How often have we seen scenes where the woman says ""no"" but obviously doesn't mean it? No means no. Grabbing butts physical domination isn't going to make it right. It just totally supported the stereotypical rape myths. I wasn't even sure how to read the next scene where he gloats to the lesbian about how it worked and how next time he was just going to demand ""suck it, slut"" (or something like that). Did he really think forcing himself onto a woman with no respect for her feelings was the way to go? This section really ruined the movie for me.",pos,negative,neg
"I am very impressed by the reviews I've read of this film   generally well read, thoughtful and informed   obviously by people who like and think hard about films. I couldn't add a thing to the excellent reviewing job that IMDb members have already done. If I may, I'd like to correct a small but widespread misunderstanding that appears in many of the reviews: Mr Baseball was American and behaved in an ugly fashion but he was NOT an Ugly American. The original Ugly American was Homer Atkins, one of the heroes of the eponymous 1958 novel by Burdick and Lederer, and the exact opposite of Mr Baseball. Homer was an archetypal American, and an archetypal engineer   he went to Vietnam to work with people, he respected and liked the people he met, he used appropriate, sustainable technology in cooperation with his hosts, and he was liked and respected by them precisely because he exemplified democratic values and American virtues. His ugliness was purely facial, merely skin deep; his personality and his humanity were deep and genuine. Mr Baseball exemplifies all the crass, ignorant, insecure boorishness that we Europeans and Americans so often inflict on other cultures; Homer Atkins, the Ugly American, was the other side of our coin, representing our humanity and decency. I believe that the Ugly Americans still far outnumber the Mr Baseballs; they are still our last, best hope.",pos,positive,pos
"This is a movie about a man everybody thinks is Jewish.This is a movie about Lawrence Newman, who lives in Brooklyn in the 1940's, at the time of WWII.One day, when he gets himself glasses, people start thinking he's a Jew.And that only, because he looks like one.And he lives in a very antisemitic neighborhood.So some people start treating him like dirt.They make that judgment, being a Jew, of Larry's fresh wife, Gertrude Hart, too.That makes their lives unbearable.Neal Slavin's Focus (2001) is a fairly good look at the antisemitism.That's a problem that won't go away.The movie is based on Athur Miller's novel, which, I admit, I haven't read.But the movie is really good, so I'm sure the book would also.The actors do good job.William H.Macy is always good, and his work as Larry Newman is brilliant.Laura Dern is Gert Hart and she's magnificent.Meat Loaf is almost scary as the neighbor who wants to keep Jews out by any means necessary.David Paymer's character as the Jewish shop owner Mr. Finkelstein is the most sympathetic in the movie.Paymer is the perfect choice for the role.One of the greatest scenes is in the end when Mr.Finkelstein and Newman fight against those Nazi like people with baseball bats.They join together to fight the evil.The Christian and the Jew.",pos,positive,pos
"I just saw it at an advance screening I haven't read the book, but heard many good things about it. The movie was absolutely fantastic, very moving. With a roller coaster of emotions you totally connect with the characters. Shaun Toub was great, it was a complete departure from his usual roles, and his acting for those who understand Persian Dari was incredible. One thing to notes it that Khaled Hosseini actually loved the film which is unusual for book adaptation movies. Even after seeing the movie several times ""he was sobbing"". Also the animation from the intro was exquisite, with names displayed as if it were Persian calligraphy, very unique! At times the translation was not clearly conveying the message efficiently, but all in all this was a great movie.",pos,Positive,pos
"An orphan boy named Tom (Tommy Pender), who works for a pair of shady chimney sweeps, is falsely accused of stealing from the mansion where he is working at by Mr. Grimes (James Mason)   the real thief   and goes on the run. Tom's only alibi is the niece of the mansion's owners (Samantha Gates, a slender, blue eyed blonde, with long, wavy hair, who I'm sure was the primary reason why I repeatedly watched this as a boy). He and his dog jump into a river and a witch turns them into water breathing cartoon characters! While underwater, he befriends and rescues a group of water breathing children known as water babies from a shark. A very interesting and always fascinating fable, set in 1850, that should appeal to all children. The animation (42 minutes of the 85 minute HBO VHS print) is just average, but it's preferable to most modern day animation   even computer animation! My only real gripe is a plot hole caused by a deleted scene. At 42:06, after the first verse of ""High Cockalorum"", the film cuts to a scene with octopi swimming, followed by Tom and Jacque's encounter with Terence. This leads to a scene in which the killer shark (voiced by Mason) leads our heroes into a trap. The shark then greets Tom with, ""Young Tom, so nice to see your ugly mug again""   but this is the first time in HBO's print that Tom meets the shark! Most reference books list the running time as 92 or 93 minutes, and it was previously available from Sultan Entertainment and Nelson, so it's very likely that HBO's print is edited and   or time compressed. Adding insult to injury, MGM released a fullscreen, 76 minute print on DVD in 2002! Let's hope a restored version appears in the near future. The film is copyright Ariadne Films 1978. ""Ariadne"" is the water baby voiced by Samantha Gates. Bernard Cribbins, who plays Mason's partner in crime, also voices the electric eel. A.K.A. Slip Slide Adventures.",pos,positive,pos
"After seeing this piece of crap you will know why the limeys drive on the left side of the street...this movie is an absolute NO BRAINER! The jokes (if this is the right word for it...) are mostly sub standard (about 98%) and do miss any punch line at all. Save the money and get drunk. You might enjoy this movie being totally wasted, perhaps!",neg,Negative,neg
"I'll bet I watch this film 4 or 5 times a year, and will do so more often, now that the Hollyweird moguls have seen fit to put it on DVD, because it's a Classic with a capital ""C""! This film is timeless! How can people pay $10.00 nowadays to see the JUNK that comes out of Hollyweird with movies like THE Egyptian; THE TEN COMMANDMENTS; BEN HUR; CAPTAIN NEWMAN MD on tape; DVD; and cable movie channels; I could go on forever, but this film is so great, and for a relative unknown, Edmund Purdom carries the movie like Atlas carried the world. The story is wonderful, the acting is first rate, and the graphics at the end are so powerful, you sit in your seat for a few minutes, just trying to let the words sink in! Really a knockout of a film. I'd give this one 15 stars if they'd let me! They don't make them like this anymore, But they should!!!!!",pos,Positive,pos
"I read Angels and Demons about 3 years ago, and I can honestly say to is one of the few books that I couldn't put down while reading. The movie however was pretty much what i expected, a lot of action, with somewhat of a mystery storyline. Tom Hanks plays, in my opinion, a much better role, of Professor Langdon than in The Da Vinci Code. You won't have to worry about this being as bad as The Da Vinci Code, this is everything that it wasn't. Much more interesting, more action, more suspense, and less of the unneeded controversy. If you haven't read the book, no worries you will still find it very interesting. And if you have read the book, well lets say you might be a little let down because I found many scenes missing that I was looking forward to. Overall, Pretty impressive film for any everyday movie goer. But, maybe not something too special for Dan Brown fans.",pos,Positive,pos
"MPAA Rating PG 13 My Rating: 10 and up My * Rating 9.5 10 William H. Macy delivers a stunning performance as the role of Mr. Neuman. He makes you feel sympathetic and scared for him simultaniously. The story starts out as a comedy and slowly but steadily becomes almost like a horror film with twists and turns that Macy effortly masters. I couldn't take my eyes off this film even after it ended, and I couldn't beleive it ended when it did. A MUST TO SEE. THIS PARAGRAPH MAY BE CONSIDERED A SPOILER BY SOME After you watch the film, look at the plot this way: The Neumans are the United States as a whole, and the charactor Meat Loaf Aday plays is the people in the United States who are anti Semetic. This was a very enjoyable film and would reccomend to anyone I saw in the street.",pos,Positive,pos
"Brought Philip Larkin to life in a way that is worthy of the greatest performances of all time, and not just the ones that are measured by popularity. It shows a stark portrayal of Larkins life as the greatest unrecognized poet of his era   which is exactly how he would have wanted it, such was his disdain for cankers and medallions. It dramatically exposes the raw beauty in the intense sadness of Philips observations of our relationship with our own mortality, and lays it our in a way that seems to have missed even the great philosophers. for anyone interested in profound observations of our relationship with life, love and death this is a must.",pos,Positive,pos
"Less than two hundred and fifty years ago, the last of the great pirates wrote their names in blood and fire across the pages of maritime history. This is the story of a buccaneer Captain whose name for one short year struck terror in the hearts of seafarers and merchants from the ports of the Caribbean to the trading houses of London..... Hmm, that opening to the film sounds like we are in for one hell of a swashbuckling, pillaging, ripper of a movie doesn't it? Well it's not. Tho it's not totally without value as a curio piece. Out of 20th Century Fox, Anne Of The Indies is adapted by Philip Dunne & Arthur Caesar from a short story written by Herbert Ravenel Sass. Direction is by Jacques Tourneur, the score is by Franz Waxman and Harry Jackson is providing the Technicolor photography. Jean Peters is in the titular title role of Anne {AKA Captain Providence} and support comes from Louis Jourdan, Debra Paget, Herbert Marshall, Thomas Gomez & James Robertson Justice. Originally meant to be be based on true life pirate Anne Bonny, the film ultimately turns out to be a tale of a woman seeking identity, and finding herself, in the predominantly male led world of piracy and sea based shenanigans. Filled with clichés and over familiar set pieces, the film also suffers from a cast that is largely misfiring. Peters gives it a right good go, and Paget lights up the screen with effervescent beauty. While Robertson Justice, although underused, actually looks the part and doesn't overact like the rest of the male cast does. Some reviewers have desperately tried to dig deep into the film to find intelligence and hidden meanings, purely because it's Tourneur in the directing chair. But there is no depth here, this is merely a job for Tourneur, a professional one granted, but its thinly plotted and actually lacking swash to go with the buckle in the action stakes.  Disposable at best. 4 10",neg,Negative,neg
"hi, This is the worst movie I have ever seen in my life. The day when I watched this movie, I was having high fever. But still I watched the movie with lots of patience. And after watching the movie, I felt like repenting. Because, I wasted 3 hrs for this stupid movie. I could have taken rest rather then watching this movie. And I was really surprised that how come actors like Sunny Deol, Akshay Kumar Aftab etc acted in this movie. I don't understand if directors don't find a good story to make a film then why do they remain as directors? Why can't they sit at home and spent their time at home?  I request to all directors that it will be good for them if they request audiences, either by mail or by media, newspapers, radios etc... to send them a nice story if they don't find any good story for to make a film . I request again to all directors please don't make such films.",neg,negative,neg
"This is my favourite movie of all time. And I always think of it as John Huston's requiem. I must have seen it at least 20 times and never tire of it. The mood, the script, the singing, the dinner, it is like being invited into someone's home and observing the events and not able to participate even though you want to... It is a rare treasure, this movie and I cannot write enough praise for it. It is cast incredibly well, with quite a few Abbey Theatre faces and also the wonderful tenor voice of Frank Patterson. Lady Gregory's poem recited in the movie is one of the most moving ever written. Anjelica's scene walking down the stairs as she listens to the song is one of the best performances every seen on film. I cry every time I see it..for all the right reasons. We have all had love lost at an early age and weep for our young hopeful selves. Donal McCann acted in far too few movies for my liking, he just loved stage work and stuck to it, and it is our loss that we do not have more of his performances on film as he does so much with this delicate role by expression and the portrayal of a deep love for his wife that will never be reciprocated and he conveys such inner sadness at knowing this. If you want your movies action and plot packed avoid this, there really is no beginning, middle or end just a lens onto the characters at a dinner party in Dublin 80 years ago and all the little nuances and shadings of the personalities portrayed so beautifully. Bravo to all who were involved in this production. 10 out of 10.",pos,positive,pos
"I could tell this would be a bad one from the trailer, but the lure of the DVD box got me to rent it anyway. Boy was I right.. Also for some reason the DVD version is VERY fuzzy and unclear at times (in terms of video quality). It appears as if they shot the whole movie with a 20 year old camcorder, it looks so bad. I really did not like the plot, and after watching the movie I was very let down. I will NOT tell any spoilers, but let it be said that the end was so bad that I laughed, it has been done so many times before. The whole story seems like something that came out of a middle schooler's English paper. If I had to peg one movie as the worst horror movie I've ever seen, this one may just be it. I can't believe they actually released this film. It really isn't worth the rent, or a penny of anyone's money unless you want a good laugh at the movie's expense.",neg,Negative,neg
"I watched this episode with high hopes after seeing it on so many people's ""Favourite episodes"" list. I'm not boasting in any way, but from the start, I realised they were in some sort of toybox can, with the huge eye looking down on them, to the type of characters in there. Even though throughout the episode, the questions of ""Who are we?"", ""Where are we?"", ""What's outside?"" carry the suspense of the episode (which I unfortunately already figured out), I must say that different types of characters and the interaction between them did make the episode interesting enough. Although the twist of the story may have been harder to guess if ALL of them were (toy) soldiers.",neg,positive,pos
"When my parents rented this movie, I was expecting a very funny movie as Randy Quaid is very funny in comedy movies. However, this movie is not all that funny and it is somewhat boring too. You can see the surprise coming a mile away and it runs long for a movie that is supposedly only eighty one minutes long. So I can honestly say it is not a movie that is on my favorites list. It may work for some people, but it just did not work with me at all proving to be rather slow in the build up with virtually nothing that amused me within the entire movie. Randy Quaid is wasted and the rest of the cast is a list of very bland actors and actresses. The premise of the movie had potential, as did the casting of Quaid, but all of it just sputters and the inclusion of the horror element just seems very unnecessary. Granted, the one dream sequence the kid had when he jumped on the bed and it suddenly became a whirlpool of blood was very nicely done and would have worked very well in a movie that was supposed to be pure horror, instead of one that lists comedy as its first genre.",neg,Negative,neg
"Having had more than a few mates suggest i check Rise of the Footsoldier out, i eventually got round to it last night. Undoubtedly the story Colton Leach has to tell (and did so in his autobiography) is a compelling tale of one mans ascent from Terrace boot boy to connected underworld villain. This film sadly compromised in quality by miscasts, appalling accents and woeful acting.Ricci Harnett in the lead role of Leach does a reasonable job of conveying the transition from thuggery to serious criminal but his accent is all over the place. As his voice provides the stories narration it is something that after ten minutes was driving me nuts. Terry Stone as Tony Tucker provided the unintentional comedy with an ill fitting wig (or the worst Barnett going)dialogue that was so expletive riddled it bordered on juvenile and an over the top vehemence in line delivery reducing Tucker to parody.What troubled me most about this film was that the events leading up to the shooting in Rettenden, Essex and the formative years of Leach are of genuine interest to crime fans and fans of football hooliganism so, to have this story sabotaged by a lack of credible accents and acting left me feeling an opportunity had been missed. Roland Manookian and Frank Harper provide the films only source of authenticity. On the positive side some of the films pacing and construct flowed well and kept the attention. The violence was well choreographed and aside from an over reliance on projectile red syrup for blood spatterings was on the whole realistic. If you enjoyed the film then it is worth checking out Essex Boys telling a similar tale from fictionalised viewpoint and also featuring Billy Murray.",neg,negative,neg
"It is great to see a new batch of puppets creating havoc in this series. I found this chapter a lot of fun. In fact, it would probably be my second favorite in the series. This movie has very little violence and is only rated PG 13. This is notably different from the other R rated puppet master movies which were loaded with gore and violent mayhem. The lack of violence does not diminish the fun though. This film also has notably better special effects than the last movie in this series. Good.",pos,positive,pos
"Basically, this was obviously designed to be promotional material for the movie produced by the same horrible director, which happens to be even worse than this documentary and absolutely the worst movie I've ever seen, so avoid it at all costs. As for this documentary, it's entertaining; entertaining and blatantly misleading! Most of the ""historical"" looking footage is most likely just that, historical footage from completely unrelated events that were sadly cut and pasted into this documentary to make it more dramatic than it would have ever been otherwise. There's no doubt that Waverly is a pretty interesting place with plenty of it's own fascinating history, but manufacturing a documentary to market the locale and the related production is, for lack of better words, appallingly useless. And yes, I've lived in Kentucky my whole life, and I have visited the location numerous times. Waverly Hills deserves respect; and there's nothing respectful about this lame documentary.",neg,negative,neg
"Don't be fooled by the plot out line as it is described on the cover (at least the Swedish version). The story on this seems rather interesting, with speculative hints. Nothing can be further from the truth. This is the absolute most sad movie experience I've ever had... It is plain and right AWFUL and should not be sold or rented to anyone. If you still think the plot seems intriguing, reflect on this: telephones can move, run and kill people as can also any other electric appliance. It can throw things at you, haunt you and run after you. PLEASE DO NOT WATCH THIS MOVIE it is a disgrace for the horror genre...",neg,negative,neg
"The film itself is only a compilation of scenes which have no inherent meaning to someone living outside of Russia. I won't deny that some of the images and techniques were quite revolutionary at the time (filmed 1928) but the problem with the film is that it has no interest to the intellectual or common man. We are merely watching an arranged form of pictures, ranging from a one arm man beating a horse, to a toothless soldier in the war. Everything in between is awkward, haphazard and quite unnecessary. It would have been possible to invent a forum which kept the viewer interested but this would not be it although the method of the director is quite brilliant. In all, one should view this if they are an art student, on hallucinogenic drugs, or a student of pre Tarkovskian cinema.",neg,Negative,neg
"This Norwegian film starts with a man jumping over the subway, apparently committing suicide. But the next scene shows him arriving in a lonely bus into a desert. He meets a man, and is shipped off to a mysterious city, where he starts working in an aseptic modern office as an accountant. The coworkers seem nice, if guarded, he soon meets a girlfriend, yet the city seems utterly strange, as food has no taste, alcohol doesn't make you drunk, and there's nary a children around. Is this a dream, or is he in paradise, or in hell?. While at times, the films looks as extended episode of The Twilight Zone (even at ninety minutes, the movie seems a bit long), it is quite thought provoking. The best scenes are those in which the exaggeration is minimal, as when the people engage in banal conversations about interior decoration, and recoil at discussing deeper issues. I always thought there was something inhuman in advanced capitalist societies, in the way they try to repress the basic urges of human nature. And this movie is best when it devastatingly critiques this life style. Unfortunately, the movie ends up a big long, and the director doesn't seem to know how to end it, but most for of the running time this is very much worth seeing.",pos,Positive,pos
"I saw Wicked Little Things as part of the ""8 Films To Die For"" Horrorfest, and this was the only film that disappointed me. To wit, a mom, her little girl and her teenage daughter settle down in an abandoned house in the Pennsylvania mountains. Every night, however, the vengeful spirits of children killed in a coal mine run about and slaughter anyone they find. I guess the director was banking on his viewers being repulsed that children would be capable of pickaxe murders and eating human flesh (of which there are lavish close ups, as a nice homage to George Romero) because the film just isn't scary otherwise. Simply put, there are far too many establishing shots of the evil kids jogging to their next murder site. If someone's gonna get it in the barn, there will be a shot of the kids ARRIVING at the barn (oh the suspense) and then moving in for the kill. Come to think of it, why do the kids suddenly walk SO SLOWLY when they corner their prey? And not that I have any experience in this, but I think a shotgun blast will throw a child A LOT FARTHER than this film implies...? Nor does it help that the mom is one of the worst parents I've ever seen in any film. ""The lock on the front door is busted""? You have an EIGHT YEAR OLD DAUGHTER in the WOODS with BEARS and MOUNTAIN LIONS! FIX IT, you MORON!!! Plus, Mom and her oldest daughter look waaaay too close together in age  even for a teen pregnancy, and there's a pretty unbelievable death which involves sneaking up on somebody trying to push a car out of the mud with their butt. I'm giving this a 3 because it tried. As a splatter film it's not bad. But for good scares, go elsewhere.",neg,negative,neg
I saw FAREWELL TO HARRY at the Plaza Theatre while in New York city and was quite taken. The performance of William Hall Jr. is tremendous. This is a movie for the classic movie goer. Garrett Bennett's direction reminds me of early Barry Levinson and Robert Redford's work. The movie seems to transcend the typical independent film. It has a soul and a visual power that is quite unique. I saw this with a small audience (400) who were captivated from the moment of the first credit to the last and although I wasn't out and out crying (like the lady next to me) I do have to admit I had a little watering in the eyes... ,pos,Positive,pos
"This is a documentary about homeless women. It was interesting in the sense that this focused on women who are engaged socially   having jobs and lasting friendships   but are in situations where they can not afford housing. I found some of the women covered to be interesting, but there was little focus or progression in the story. The direction and editing failed to maintain my attention. There were differences in the stories of these women, of course, but the message was essentially the same and could have been told by focusing on any one of them in more depth. I made it to the end of the movie, but it was a rather boring journey.",neg,Negative,neg
"I didn't think this movie was very good at all. Basically they took a bunch of one liners from various Shirley Temple movies, threw them together, and had Orr act like Shirley Temple acted on screen. ""Oh my goodness!"" was said quite a number of times. If you are familiar with Shirley Temple movies, you will recognize several lines direct from her movies. The trouble is they have Orr saying these in Shirley's everyday life. In the end, what we get is a hodgepodge of re created Shirley Temple movies, instead of any sort of real look into Shirley Temple's life. Save yourself the trouble and rent Shirley Temple movies, it's a lot better than watching Orr try and recreate Shirley's acting style.",neg,negative,neg
"As far as I am concerned, this film noir had two totally different things going for it as opposed to the film noirs I am used to viewing: 1   the setting is Paris, France; 2   there is 28 minute scene with no dialog. Both make this movie a bit unique, at least to English speaking film noir fans. Actually, an American, Jules Dussain, shot the film, so it's not entirely a European film. Initially, I was disappointed in this after I had watched the first 40 minutes. It's an expensive DVD and I was bored. However, once that silent segment started   the actual heist (you already know what's it about), the film picked up considerably and just got better and better. In fact, I thought the best part of the story was what happened after the heist. The best aspect of the entire film was the cinematography. This is what makes the disc worth owning. It's excellent film noir photography and a real travelogue for those of us who have never seen Paris...and this is Paris in the mid 1950s. There are lots of bleak but interesting rain soaked Paris streets and buildings I found fascinating to view. In fact, there were many more of those great shots than of London in the much better known film, The Third Man. The lead actor in here, Jean Servais, I think his name is, also is interesting to view. Someone described his face as a cross between Humphrey Bogart and Harry Dean Stanton, and that sums it up perfectly. A warning for those not expecting profanity or nudity in a classic film. This is France, not the United States, so there is a little bit of both in here. I appreciate the DVD offering the choice of subtitles or a dubbed version, too.",pos,Positive,pos
"Simply an amazing bittersweet movie that portrays a side of life often skipped over in feel good movies. I saw this as a child and came back to it very recently and fell in love again. As a child it sparked my interest purely for the building of a plane, as an adult it captured me in the dark world and a young mans escape from that world.  The portrayal of the King was great, the camera style chosen with low shots and shots focusing on actions and hand movements was I thought well done, I personally can not recall anything quite done in that style and adds to the character and portrays him as a force almost not human (which may not be far from reality) it makes for interesting developments  Worth a watch any day",pos,positive,pos
"OK, a film about a film that takes a crack at Video movie making could be entertaining. Could be, should be, funny, edgy, even controversial, or at least interesting, and yet... This film is the bizzaro negative version of that. Hamlin was entertaining as a 'B' Film producer. Shatner played crazy yet likable, and had all the best lines. The rest of the characters were boring, predictable, boring, underdeveloped, boring and boring. The production value was lame. You'll actually see the boom come down in one scene. The sound was awful in some of the scenes. Hey I'm a big fan of Shatner's and of Hamlin now, but their talents are wasted here. At least the story had a clichéd ending.",neg,negative,neg
"The monster will look very familiar to you. So will the rest of the film, if you've seen a half dozen of these teenagers trapped in the woods movies. Okay, so they're not teenagers, this time, but they may as well be. Three couples decide it might be a good idea to check out a nearly abandoned ghost town, in hopes of finding the gold that people were killed over a scant century and a half before. You'd think that with a title like ""Miner's Massacre"" some interesting things might happen. They don't. In fact, only about 1 10 of the film actually takes place in the mine. I had envisioned teams of terrified miners scampering for their lives in the cavernous confines of their workplace, praying that Black Lung Disease would get them before The Grim Reaper exacted his grisly revenge, but instead I got terrestrial twenty somethings fornicating  and, in one case, defecating  in the woods, a gang of morons with a collective I.Q. that would have difficulty pulling a plastic ring out of a box of Cracker Jacks, much less a buried treasure from an abandoned mine. No suspense, no scares, and plenty of embarrassing performances give this turkey a 3 for nudity.",neg,negative,neg
"This show was crap when it first came on. The first actress that played the daughter didn't fit the role, the writing was hit or miss, and Damon Wayans CLEARLY wasn't comfortable doing such a cornball family friendly show. The chemistry between himself and Tisha Cambell (they're long time friends, as are all of the Wayans clan with Tisha's husband and Will Smith and Jada Pinkett) DID work so they retooled the show. Once it returned, they recast the daughter, made the son much dumber (a la Eric from ""Boy Meets World"")and made the youngest daughter into a genius...(later they gave her a little genius boyfriend to do comedic guest appearances). The show, while if often rollercoasters from over the top buffoonery to being corny walks the line enough to keep it as a show that you can see Damon Wayans be comfortable in his own skin on the set (especially since the main writers, directors and consultants were ALL members of the Wayans family) AND in his character. Once everyone had been on the show for a while, they worked to everyone in the casts strengths and were able to make a consistently funny show on the air. However, there is TOO MUCH buffoonery, too many over the top antics, and oftentimes too much chaos happening in the life of the Kyle family. They made Junior TOO STUPID, they also made the eldest daughter an attractive, clumsy idiot from time to time and the youngest daughter wasn't even spared by the writers. I feel they jumped the shark and signed the shows death warrant when Junior got his girlfriend pregnant, she moved in and he married her and her parents were introduced (Junior's wife's father's character makes me WINCE just thinking about him). The show remained funny...but it was a UPN show on ABC if that makes any sense to the reader. The reruns are funny enough, but I'm relieved it's over...there was nowhere left to go with it. When it's bad it's REALLY BAD. It tends to be cornball at times but at least he was a black man who had a sitcom make it to syndication on a major network..Who can say that for themselves now? (Given the CW merger and the ""brownout"" on TV networks lately, that is). One.",pos,negative,neg
"Kazuo Komizu strikes again with ""Entrails of a Beautiful Woman"", the sequel to ""Entrails of a Virgin"". This time around the story is based around a psychologist (Megumi Ozawa) who decides to take on the Yakuza to avenge the suicide of a doped up and raped patient that winds up on her doorstep one day. When she gets over her head and the Yakuza capture her, she learns their insidious plat of doping up girls and selling them into slavery. It apparently ends badly when she overdoses from the cocaine. But she soon melds with another body to be disposed of to becomedum, dum, dum  ""Super Slime Hermaphrodite Zord""! This he, she = it makes mince meat out of the yakuza and saves the daynot really. Well it is better than ""Entrails of a Virgin"", but not by much. Most of the film (a whopping 67 minutes) consists of rape and sex with fogging and the usual ho hum stuff. Almost towards the end we finally get our gore groove on with a few cool sequence (like an Alien inspired penis monster through the stomach scene and a gooey asphyxiation) but it still suffers from a hyper low budget feel that makes it fun but can't elevate it from z grade soft horror core fare.",pos,Negative,neg
"In my opinion, National Velvet is one of the top family classic's of all time. It features Mickey Rooney as (Mi Taylor) and Elizabeth Taylor as (Velvet Brown). Velvet wins a race horse, named (Pie) in a raffle. She falls in love with it right away. With the help of Mi, an ex jockey, they train it to race in the Grand National's. After the jockey who was scheduled to race Pie backs out at the last moment, Mi convinces Velvet to take his place. This was a well put together motion picture. Fine storyline and top notch acting. The inner play between Elizabeth and Mickey was magical. This is a wonderful family picture expertly Directed by Clarence Brown. The photography is stunning. This is a movie you will enjoy for years to come. This picture is what made Elizabeth Taylor a household name. Both Mickey and Elizabeth remained close after the film. They still send post cards to each other after all these many years.  One side note. Elizabeth loved the horse ""Pie"" so much that the studio gave it to her.",pos,positive,pos
"Christian Duguay directed this tidy little espionage thriller early in his career. It plays on TV pretty regularly, albeit with some terrific scenes of violence and sex unfortunately trimmed. I finally got around to seeing the theatrical version on a $3 tape from the local video store. Naval officer Aidan Quinn is recruited to impersonate the notorious Carlos the Jackal, and gets a little too caught up in the role. Donald Sutherland Ben Kingsley play Quinn's superiors, with Sutherland a true zealot and Kingsley as the more level headed one. The first half of this fun flick shows Quinn being trained and indoctrinated. The second half has him out in the field, making love to the Jackal's woman and shooting it out with sundry enemies. The idea is to make the Jackal look like a turncoat to the Russians, and let them take care of the world's most notorious assassin. Things don't exactly play out as planned. At times, I almost expected the cast to break out laughing at some of the corny dialogue, but they all play it very straight. In the end, this is one terrific little thriller that deserves your attention. The Jackal's former mistress teaching the highly proper and very married Quinn to rough her up, lick blood from her face, and then go down on her, alone is worth the price of admission.",pos,Positive,pos
"Some slack might be cut this movie due to the fact that it was made in 1979. That much said, it really is pretty dire. Never mind the laughable back projection or the awful, awful camera tracking of supposed ""in flight"" objects, it's the stunts that the Concorde pulls off that will have you blinking in disbelief at the absurdity. Barrel rolls, loop the loops and violent ""evasive"" maneuvers left me wondering why the Air Forces of the world didn't just fly Concordes as their main fighters. So, here are the important lessons I learned from this celluloid cheese fest:  1. The Concorde is at least as agile as a Phantom 4 jet fighter. 2. You can fire a flare gun at Mach 2 simply by opening the cockpit window and sticking your arm out. 3. If the flare gun fails to discharge, do not drop it, as it may then go off. 4. The Concorde can dodge up to two Sidewinder missiles fired at it at once. 5. A flare will distract a heat seeking missile every time. 6. Switching off your jet engines is a sure fire way of throwing heat seeking missiles off track if 5 (above) fails. 7. When performing a crash landing in the Concorde, it is apparently impossible to jettison your fuel beforehand. 8. Concorde pilots are all combat trained veterans. As you might imagine, this film is not very realistic. The effects are primitive by today's standards and that, coupled with the nonsense acrobatics the Concorde performs, makes this a movie deserving of little but scorn. Not recommended. Not recommended at all!",neg,negative,neg
"""Prime Suspect 4"" continues the exploits of the inscrutable and dogged seeker of truth and justice, Detective Superintendent Jane Tennison; the first of three miniseries (PS4, PS5, & PS6) with the notable absence of founding writer Lynda La Plante from the credits. Imbued with the same gritty reality of the first three series, the second three series pit Tennison against the forces of evil while coping with middle age, loneliness, indiscretions, a host of personal and professional problems, and resolutions which are sometimes less than ideal. PS4 conjures two stories while PS5 & PS6 are single episodes each which find Tennison seeking justice on behalf of the brutally wronged while waging war against institutions which are willing to sacrifice the interests of her victims for those of a greater good. In other words, to prevail, Tennison must overcome both evil and good forces, something which makes the always gray scenarios of the PS series yet grayer and the Tennison wars as much a matter of principle as of finding murderers. Very good stuff which only gets better from series to series. (B+)",pos,positive,pos
"Well, I have to agree with the critics on this one, who all said ""leave it alone."" Why they had to make this re make of the 1960 ""Psycho,"" I don't know. My guess is they wanted to reach a new audience and thought color and modern day actors were the answer, since those were the main changes. The dialog was the same and the story the same. On one hand, I applaud them for not making this over with a lot of profanity and nudity and making it a sleazy film. Yet, if they were going to keep everything the same, why bother when you weren't going to improve on Tony Perkins, Janet Leigh and the original cast? Did they honestly think Vince Vaughn was going to be as good or better than Perkins? Are you kidding? Ann Heche, with her short mannish haircut, is going to be better than Leigh? I don't think so! Yes, the colors were pretty in here but it's the black and white photography that helped make the 1960 version so creepy to begin with. It's perfect for the story, not a bunch of greens and pinks! Once again, I guess the filmmakers were banking on an audience that never saw the original. This was just a stupid project that never should have gotten off the ground.",neg,negative,neg
"This movie's only redeeming factor was the fact that it was on TV for free, and that it probably helped the Romanian economy. Other than that, Hallmark needs to re evaluate this division of their empire, and maybe keep their movies more oriented towards bizarre love affairs between cancer stricken hemophiliacs in Mississippi. To go into details about how mindless this movie is would give credit to it for being memorable. It wasn't. I remember the act of watching it, there being vampires (some of them teenage) and some very bad dubbing. Whoever worked on the dubbing track of this movie needs to be relocated to another sector of society...maybe food service, to the deaf. If you have the opportunity, watch this movie, just because it makes so many other really bad movies seem Oscar worthy in retrospect. Then again, if you actually ended up at this movie's profile, I imagine that it may be too late...",neg,negative,neg
Anyone who gives this movie less than 8 needs to step outside & puff a couple. Great story. Reality is for people who can't handle drugs.,pos,positive,pos
"Well how can I categorise Farscape without resorting to gushing superlatives? Ok, here goes! The scripts are fantastic, with each episode offering so much entertainment, drama, humour and sheer watchability. The casting is perfect especially that of Zhaan (the blue lady) played by Virginia Hey, each character has a depth that just isn't there on the Star Trek series. I think having an Australian spin on the show makes this for me, Australia has been knocking out quality films for years and Farscape is no exception. I have only seen the first four episodes in UK order and they have a quality that makes each 45 minute show (in the UK) stand out more like a film than a weekly TV series. The episode that really does it for me is 'I, ET' which turns the alien concept around where Moya (a living ship, even the spacecraft has a great character) is forced to land on a planet that has yet to make 'First contact' and is surprisingly earth like and Crichton meets a radio telescope operator and *he* is the 'little green man' to them. Gripping stuff. In short the effects are great, the scripts are top quality and the main characters (not one of them really given any more importance than any other) are interesting, not always 'good' and well just excellent. Roll on the second season!",pos,positive,pos
"Whoever saddled this piece of drek with a title like Riddle deserves some kind of Award; there are dozens of riddles here like who conceived such a dire project, who funded it, who cast it, who persuaded Vanessa Redgrave to share even ONE scene with Vinnie Jones and so on. The most sane voice connected to the whole schmeer belongs to the person who decided   very, very wisely   that this was unreleasable and not even good enough to go straight to video DVD which throws up yet one more riddle, why   if we rule out serious payola   did the Mail On Sunday get involved and deign to give it away. This has Golden Turkey written all over it and smacks of being shot in two days in somebody's garage and cobbled on to some library footage of London except somehow you KNOW that someone actually DID shoot this on location when it would have been kinder to shoot him herself. Vinnie Jones and Julie Cox are not even cardboard cutouts more like tissue paper and I swear Pete Doherty and Kate Moss couldn't have done worse whilst Derek Jacobi is a grotesque joke and the plot moves with the speed of the Irish team sliding UP the Cresta Run. Apart from that ...",neg,negative,neg
"Uzumaki, is a visually stunning Film, and I don't think anyone is going to be able to argue that. But, unfortunately, the story somewhat falls flat. The film nevertheless is very entertaining. It uses it's wild style to tell a somewhat non existant story. The film almost works, just based on it's characters and style, but In my opinion, leaves something to be desired.",pos,Positive,pos
This is sweet. The actress who played the nurse with the gonzongas is the same actress who plays Elvira mistress of the dark. Another little tidbit is the actress who played the nurse who would give her wedding ring was the landlord lady of Roy Munsin in King Pin. This is most glorious story ever to be told. It should sell more copies than the bible. My parents played a part in suggesting the release of this movie to a local movie theater. The movie ran for a week and we were one of 4 families to see it. The lady who gave the go ahead (friend of the family) was let go by the theater. I was 3 years old. I have burned through 4 copies on VHS and finally had it converted to DVD. It's beautiful.,pos,positive,pos
"Along with In the Army!, this ranks as one of Pauly Shore's best movies, if there is such a thing. While the whole West Coast meets  Midwest culture clash isn't anything new, this film proves to make the story a little more entertaining with the wild and unpredictable antics of a then fresh Shore. While the change in values probably would have gone in the other direction, the whole concept was rather entertaining. Not only was Shore's interaction with the family hilarious, it also had Carla Gugino and Tiffani  Amber Theissen (she'll always have the Amber in my book) in two ravishing and early roles. One of those films I have no problem watching when it is on TV.",pos,Positive,pos
"This is a quirky heist caper film, one that seems predictable at first then keeps surprising until the last scene. The protagonist is a grifter who goes to work in a little carnival, where he's paid to kill the manager's belly dancer wife Divana then ends up falling for her himself. She's alluring, tricky and deadly and she keeps disappearing and popping up again like some sort of magician's trick. The film's other props include her duplicitous husband employer (played by the talented Armand Assante), some nasty Dominican mobsters and most important to the plot, a suitcase full of money. Just like the old ""shell game,"" the one where you have to guess which one the pea's under, you'll be guessing who's got the money, and like the victims of the hucksters who run such games, you'll probably guess wrong. Dagma Dominczyk, as lovely Divana, is a talented performer and an eyeful, whether she's dancing with the huge snake around her shoulders or working her grift on all the unfortunate men in her orbit. Norman Reedus is fine as the young con who is flummoxed by the elusive beauty he was paid to kill. Don't count him out, however, for he turns out to be smarter than anyone gave him credit for. This oddball film is worth a look.",pos,Positive,pos
"I don't understand all these bad reviews. I believe this movie was one of the best in the Puppet Master series. Being made on a low budget, one can comprehend why the special effects and acting were not spectacular, but they were not completely horrible. Greg Sestero brought a lot of charisma to the role of Andre Toulon. He has a lot of potential, and I hope to see more of him soon. And though the cinematography was not excellent, and there was minimal violence and gore, this film was a lot of fun. I am a big Puppet Master fan and have grown to expect blood and gore from the films of this series, but I can say that I was never bored through the entire course of watching Retro Puppet Master. So, if you ever get an opportunity to see this movie, don't automatically regard it as unworthy of your time. Give it a chance. You might like it.",pos,Positive,pos
"When I read the synopsis for ""Messiah"" in the television guide, I was not prepared for what was in store. The story follows DCI Metcalfe trying to solve a case of grisly murders being taken out across London. He soon realises a pattern, there is a serial killer on the loose, killing people with similar names and jobs to those of the 12 Apostles and their killings are identical to their matching Apostle. The two part series kept me right on the edge of my seat, with Metcalfe closely pursuing the killer, but always missing him within a couple of seconds and discovering the gruesome mess he has left behind of his ill fated victim. ""Messiah"" is sure to cause a great deal of controversy, but nonetheless it is the greatest piece of drama the BBC has shown in a long time.",pos,Positive,pos
"Upon completing this infernal piece of trash, a friend and I swore a solemn vow never to again speak of how we had just trashed away the last 90 minutes of our lives. This film is completely pointless, a two dimensional hero and heroin who we can't give a hoot whether or not they survive and some of the lamest villains to ever darken the screen of horror (or any other) genre. To further prove just how absolutely pointless this film was, I would have liked to add a plot synopsis, but I can't write fiction. All and all, the only reason I can think of that anyone would ever want to view this film is if they had just murdered their entire community and is looking for some self afflicted punishment that will haunt you for all following years to come!",neg,negative,neg
"this movie is the worst EVER!!! sorry but this was a total waste of good hours. quasi psychology and b actors makes a baaaad horror movie. you can say that if you are into bad movies you will adore this one. and the ""hot chick"" wasn't all that hot. there is absolutely no climax to the movie, and the worst part is the ending song. some homemade thing with these words ""its in awful condition the world is a mess. when heads fall of bodies and girls wont stay dressed. the cops they are clueless, eating donuts in their car. newspaperflash next morning: headless body,topless bar."" Jesus! sorry guys, but milks gone bad with this one.",neg,negative,neg
"I wanted to watch this, to get a inside look at the show. It told the story more of Robin Williams, then Mork & Mindy. Still, thought it was great. We got to see, Robin always being 'on', no matter what. The performance of Diamontopolous was awesome. The introductions of the main players, seem so real to me. Roebuck as Garry Marshall was wonderful. He was so charming in this, which helped me get through all the Williams energy. The little behind the scenes pieces of his other shows (Happy Days, and Laverne & Shirley), was enlightening. I also thought Richmond Peck's Harvey was also a nice rock in the pond. (This is a good thing). This movie told the age old story of Hollywood folks, going through the ups and downs of stardom. It kept me glued to my TV, and I learned to love Robin, well hell, mostly everybody seem to be the super people I sometimes think Hollywood is. Go figure. I sometimes wonder why the network people are always played to be idiots. We never saw the head of ABC. Just heard him, like Charlie from Charlie Angels (I wonder if this way planed?). It seems so sad, that a show at number 1, could be so destroy by their own network. I think this story could be told about anyone's life, as they climb the ladder of any job. Movie, and TV stars are always loved or hated by so many people, that you grew up with, you just want to reach back in their past, to remember your own past. I Remember watching the show, and always wondering what does happen in their personal lives. Mork and Mindy, will always be part of me, and I got to see part of them. It may not all be the truth, it's also all not a lie, but in the end, it told me a wonderful sad, happy story.",pos,positive,pos
"An example of genius filmaking. The epic story of three major stages of life for a young boy told with eloquence and raw fearlessness. Rarely does a film come along that causes me to out loud say during most of the viewing, ""this is a really good film...."" again and again. That is exactly what happened when I watched this film. I really do not understand how anyone could not like it. I found myself at moments crying and laughing at the very same moment, unable to control how I felt about the scene. The acting is outstanding. Eric Mabius  why is he not all over movie screens? He was really extraordinary. His seemingly effortless attempt on the screen impacted me in deep visceral ways. I thank him. In my opinion, Eric Schaeffer is one of the best filmakers around, and I hope he continues to rise to the challenges that he faces while trying to give us art in the face of ferocious commercial filmaking. ",pos,positive,pos
"I do not find this show at all funny. I actually think it is much worse than any of the other terrible Disney channel sit coms right now. Charlotte Arnold is an interesting choice to play Sadie, because she can't act. The jokes on this show are terribly unfunny, and it makes it even worse when the only cast member that has a little bit (and I mean little bit) of acting talent is Justin Bradley as Sadie's brother Hal. Jasmine Richards and Michael D'Ascenzo portray Sadie's friends. There both really stupid and just terrible actors. Two words that can really describe this show is terribly corny. It's corny humor that only little girls find funny because their brains have not developed yet. Now I've explained my hatred for the acting and the horrible humor, what's next? The whole premise of the show is a stupid idea. She changed again (not so sciencey an Ben loving) and suddenly nobody recognizes her? It's moronic. In summation, I hate this show, however little girls who do not have a concept of funny will enjoy it, so I guess that's what they're going for over quality. Although i can say as much as, the first season is clearly better than the second. BOTTOM LINE: JUST DON'T WATCH ANY OF IT. My rating: Awful show. TV G. 30 mins.",neg,negative,neg
"I really love action adventure films and this is one of the best. Of course, we love the stars of this genre, Bruce Willis, Sly Stallone, Clint Eastwood, Kurt Russell, Arnold Schwarzenegger and the rest, but its the story that really counts. The best are somewhat feasible but we can tolerate those that are a little ""over the top"" as in the comic book style of action. The more twists and turns, the more dire situations the heroes are involved in and the more shocking moments in the film; the more we action adventure fans enjoy them. ""In the Line of Fire"" has ALL the elements required for a rip roaring action thriller. It has Clint Eastwood as a near retirement Secret Service Agent whose one bad moment of failure haunts him. It has one of the most evil, despicable, maniacal villains in John Malkovich, the type in which you can't wait to see him, ""get his due"". It has Rene Russo as the 'love interest.' It has twists and turns, an occasional shock and even a touch of warmth and humor. It is extremely well paced by director Wolfgang Petersen and even has a score by the great Ennio Morricone. This one is a real roller coaster ride of a thriller! Don't miss it!",pos,positive,pos
"This is a funny movie, there's not a lot of those. OK, the plot is a bit disturbing, but very original. A teen trying to get even with dad, because he hasn't been around and almost sending him to jail because she lie to impress an older boy, how could that not be funny? Plus it not the typical movie featuring teens. First remake i've seen, that is better than the original, the only problem with both: Gerard Depardieu. With another actor this would be a perfect 10, because he plays all rolls the same way, sucks. Another problem it's all the women melting over him, that's not remotely believable, he is not attractive!, y had a rubber troll that was better looking than him, come on!",pos,Positive,pos
"Grave robber is sitting in his cell awaiting execution is visited by a monk wishing to take down his last words for posterity and as a warning to others about the horrible life he lead. At first reluctant, but with his tongue loosened up by drink the young grave robber is soon telling his story which is full of the dead, the undead and things that go bump in the night.  New York lensed horror film (filmed in part on Staten Island which no doubt brought the spirit of Andy Milligan lurking about) is one of the better horror comedies to come around in a while. This is an often very funny film that just spins its story out in every which way. The cast is first rate. Dominic Monaghan plays Arthur Blake the grave robber telling his story. Ron Perlman is Father Duffy the monk taking the statement and perhaps getting too involved in the tale. Both men are clearly having a grand old time and it shows. The rest of the cast is equally as good. The music by Jeff Grace is excellent. The effects are perfect for this sort of ghoulish silliness. The film is a great deal of fun. If there is any trouble with the film its that perhaps it throws its net a little wide so as the result has way too much going on. I don't want to give too much away but I don't think we needed the alien body in the mix. Still this is a great deal of fun and its one I'm pretty sure I will revisit on the IFC in Theaters where I saw it the first time, and later on I'm sure I'll pick up the DVD. Worth a look.",pos,positive,pos
"Apart from the fact that this film was made ( I suppose it seemed a good idea at the time considering BOTTOM was so popular ) the one thing that puzzled me about GUEST HOUSE PARADISO was what happened to the lighting ? There is absolutely no artificial lighting used in this film whatsoever , and I watched it on network TV so it wasn`t a case of watching a dodgy tape. In fact the film was shot so darkly it was impossible to see what the hell was going on . But if the dialogue was anything to go by that`s maybe not a bad thing",neg,negative,neg
"Even though this film was nothing special as such, I am drawn to comment on at least one factor that ruled in its favour   that of the lead female performer in the film, Dyan Cannon. In spite of the film's ridiculous storyline and what she goes through here, hers was the best acting job in the film, making the unbelievable seem more plausible. Her raucous scene with the gay photographer David Hemmings has to be seen to be believed. Good work, Dyan.",neg,Positive,pos
"This was a great anime. True the animation is old but its still worth watching and has a better plot than Ninja Scroll, the problem that it was kinda long. Japanese movie star Hiroyuki Sanada who played Ujio from Last Samurai played the main character Jiro and it was directed by Rintaro who did Galaxy Express 999 and Metropolis. The anime has some good animation for an old anime, interesting characters like the main villain Tenkai and Ando Shouzan and of course lets not forget the beautiful musical scores in the film. All in all this movie is worth watching for fans of anime, animation in general, action, and Samurai Ninja flicks. Despite the lows in the film that didn't the film from being a great film to watch. Don't miss this film.",pos,Positive,pos
"I believe there are two angles to the story, first, it's the world satyric view, presented in an obvious Kafkaesque manner, underlining the sordid spectacle behind some of life's most common, but also pleasant, or comfortable moments and elements, which are usually enough to keep man functioning in society. Like: a good job, a good home, a good wife, a good car, and even a good mistress. Apart from this so called common bliss, there are some, who cannot help asking themselves some more uncomfortable questions, like, where they come from, or weather they can have some other form of bliss, weather there could be a reason for them being or weather there could be something they missed out on, or, even more sinister, weather there could be something the system itself is withholding from them. Second, the most interesting aspect of this film, I believe, is the fact that it attacks head on this natural compulsion to dissect the world around us, questioning it by our personal judgment, and usually condemning it because it doesn't serve us better, because it's not tailor made to suit us as a person.  The symbolism behind the train accident, I believe suggests that our own will can be overpowered by fate or some other universal greater power, even in the face of our so called power to decide when we want out. Instead the man gets to be dismissed by this greater power(let's call it THE SYSTEM, because the authors clearly avoid calling it GOD, perhaps further underlining that the SYSTEM is MAN   made and therefore can be mastered by man, unlike FATE, which is a concept closer to religion) on it's own terms, not by killing him, but by showing him that there is a place for the man who asks wants too much, suggesting maybe, that true fulfillment does not come from the outside world, but from within, and if the outside world ""decides"" to provide you with some comfort, you should learn to accept it, without questioning the fabric of every little aspect of it.  Unconfortable, but makes you reevaluate some existential questions which have become mainstream in the last century, like what can man do in a world increasingly drained of substance, a consumer driven world in which man can be interchanged without making a difference to the bigger picture, but only as long as he is of some use to the system.",pos,positive,pos
"I love it! I love Pauly Shore. It seems some people don't agree. It's humor, and he's not like everyone else. The movie is great. I love the story line and most of the people in the movie. It's funny from the first time she meets him at school. I like the fact that she chooses him over the guy back home. I like that Tiffani Theissan isn't a bad girl in the end. All the secrets are let out. Only the people you want to see are left in the end. (except for those of you who don't like Pauly Shore.) Even if you don't like him, there are funny parts, and her family tortures him through most of the movie. She's country girl gone wild and needs to be heard. She finally makes it. It's got just the right amount of love and romance. I give it an 8 out of 10.",pos,Positive,pos
"I don't understand why it is so underrated on IMDb.. This movie is just the perfection.. The better adaptation of all times of the myth of Tarzan! As a french, I can say that this is the better role of Christophe Lambert, ridiculous in a lots of movies, but here absolutely wonderful, charismatic, incredible! The plot is great, well told, the story magnificent, the direction, the atmosphere, the music, every things are perfect! How believe these sequences with the Elgar music, just simply perfect.. Greystoke is truly an unbelievable movie, underrated here, I don't really know why, but really appreciated",pos,positive,pos
"I have seen many movies over the years and I am a big fan of comedies. But this so called comedy almost reduced me to tears. It is without a doubt the WORST movie I have ever witnessed, the worst. I remember hearing about this movie from a friend, and decided to view it. If I could I could turn back time, I would. I will regret for as long as I live, the time I wasted watching this rubbish. The storyline is so insane; it just makes no sense at all and leaves you confused. There is a Scottish mob and a German headhunter who are after Pestario 'Pest' Vargas (John Leguizamo), the Scottish mob after $50,000 dollars and the Germans after his head. In trying to escape The Pest, takes the form of many disguises. But in doing this we witness some of the most annoying, worst, mind numbing acting, dialogue and sounds in cinema history. This movie annoyed me so much; by the end I was full of aggression. I was so angry that I had wasted so much time watching a movie that would surely drive depressed people to almost certain suicide. I mean how can there be hope when a movie like this can be given permission to be made? I know people have their own opinions, but the most shocking thing about The Pest is that people actually like it. Why? What is funny about a man that is annoying from the very first second to the last? A man who cannot act? Who has an annoying voice and confusing face? I sat through it thinking the movie would get better, surely it would. It did not. Usually, you want the good guy to survive, but I wanted the Germans or the Scottish mob to find and kill The Pest, anything to put me out of my misery. There is nothing funny, interesting or normal that happens in this movie, its just plain annoying and confusing. The jokes are dead even before they are told. I feel sorry for the cameramen who have no say in how the movie is made, but actually have to film this drivel. I wouldn't be surprised if they are receiving counselling. If you want to remain sane and part of society, my advice is to never watch this movie. I'd rather lock myself in my room for 5 weeks and go without food and water than watch this movie again! I don't think I'll ever hate anything more than this.",neg,Negative,neg
"I work at a movie theater and every Thursday night we have an employee screening of one movie that comes out the next day...Today it was The Guardian. I saw the trailers and the ads and never expected much from it, and in no way really did i anticipate seeing this movie. Well turns out this movie was a lot more than I would have thought. It was a great story first of all. Ashton Kutcher and Kevin Costner did amazing acting work in this film. Being a big fan of That 70's Show I always found it hard thinking of Kutcher as anyone but Kelso despite the great acting he did in The Butterfly Effect, but after seeing this movie I think I might be able to finally look at him as a serious actor. It was also a great tribute to the unsung heroes of the U.S. Coast Guard.",pos,positive,pos
"This movie certainly is a weird one to say the least. The basic plot is 3 old business associates invite 2 strangers into their home for returning a lost wallet with 10 bucks in it. The two whom show up fall in love. The 3 older business men die and come back as ghosts to try to help the two younger guests out. Okay so that may make sense but then we have 3 old guys whom apparently have some bread living together..slightly weird here...Harry Carey plays his part way off base you can't tell if he is a nice guy or really a prick. I mean really, make up my mind I can handle it. Then there is Richard Carlson playing James Houston from Texas....hmmmmm, He sounds way more like a southern gentleman from Kentucky than a person from Texas. This one isn't even close.. Then we take the 3 ghosts whom would stand a better chance of helping the New Orleans Saints win a play off game than actually helping out...In fact they are really no help at all and why they are even in the film is beyond any scope of knowledge.. Silly film in which a cast of characters act totally out of character..You can avoid this one..",neg,negative,neg
"I love this movie ! I think I've seen it 5 times already (it was quite a success in France and they often play it on TV). Ok, it's a thriller and there is great tension. But mostly (and specifically in the second part) it is absolutely hilarious ! And very original. The directing and photography are just splendid.",pos,positive,pos
"What a great movie!! It's a touching story about four high school friends who grow up in the 1960s. Throughout the decade, the friends are somewhat separated, but they mnnage to see each other occasionally. There are many tragedies, but there are also a lot of happy moments that make you laugh and smile. It's a heart filled tale of life, love and friendship. Definitely a must see for drama fans.",pos,positive,pos
"When I tuned in to my local PBS station last night to watch ""The War That Made America"". I was expecting a dull documentary, instead I got a very good and believable reenactment of the major events of the time. Now I see the reasons for the American Revolution, and the part the Indian wars played. Larry Nehring IS George Washington, and he is perfect for that part. The narrative to the camera, also work fantastic. I'm looking forward to next week, to see the rest. It's good to see PBS really using the HD format to bring the 1700 right in to our living room. I hope Larry Nehring is seen more in the future, since he is such a talented actor.",pos,positive,pos
"Why is it that Canada can turn out decent to good movies in every genre, other then action? I caught Dragon Hunt on TV the other day and it was like a train wreck. I just could not change the channel, it's sheer stupidity sapped my willpower. Its pretty telling that the cast IMDb ""credits"" with this monstrosity apparently never worked again. Bad acting, bad writing, bad narration, bad music, bad hair, bad cinematography. It just goes on and on. The movie really has nothing to recommend it. If you're looking for bad action films to enjoy by laughing out, there are a tonne of other films that won't require you to scorch out your retinas afterwards. I hope this film didn't get money from the government for financing, otherwise I'm never paying taxes again.",neg,Negative,neg
"This film isn't a little bad. It's not even kind of bad. It's horrid. You know you're in trouble when Charo shows up in a film. She must have had the week off from ""Love Boat."" George Kennedy, at least he's a gamer   he's in there trying. Actually, he's all right. And it's good to see Martha Raye. Jimmie Walker's okay. There's slightly better acting than in Airport '75 but what film doesn't have better acting than Airport '75? One thing I liked about this film is that it had more going on than a lot of other disaster films plot wise. At least they made an attempt at subplots. What really hurts this film is the special effects   ugh! Not too special if you ask me. This is the kind of film that at 2am is truly, truly funny if you've been up having fun with your buddies and you're looking for something to laugh at.",neg,Negative,neg
"Sad in every aspect, this poor excuse for a career boost for Connery was neither that nor the hit Warners wanted it to be. Overlong by 20 minutes and filled with embarrassing moments for everyone involved, this film and ""Robocop 2"" are proof that Irvin Kershner did not have any real control over ""The Empire Strikes Back."" Connery hadn't been in a hit since he bowed out from Bond in 1971, but this didn't bring him back at all. ""Octopussy"" was released several months before this film, and easily outgrossed it. Imagine that   a Roger Moore Bond not only better than a simultaneous Connery release, but outgrossing it (and compared to ""Never...,"" ""Octopussy"" is on par with ""2001."" The worst Bond theme song, even worse than ""The Man with the Golden Gun,"" pointless scenes that drag on pointlessly (with the worst example being that ridiculous video game sequence   MY GOD   WHO CARES?!), and the most atrocious collection of non talent as far as the fabled ""Bond Girls"" go. Does anybody SERIOUSLY think Kim Basinger is attractive in this movie? There were girls in my high school who could never get dates who looked better than she does in this. And Barbara Carrera   just plain stupid   but the way Kershner has directed her to prance around all the time didn't help her out any. She is the seedling that would become the very impressive ""Onatop,"" which was about the best feature of ""GoldenEye,"" but that doesn't mean anything as you laboriously struggle through this film. Casting Leiter as a black agent was an excellent idea, but the buddy loke interaction Connery and he are supposed to have is awfully bad. Two actors never appeared so clumsily linked together   witness the scene where, to escape local authorities, they strip to their boxers and pretend to be out exercising   I can not imagine another scene in any movie that tried so hard so fruitlessly to get a laugh.",neg,negative,neg
"This movie was not very good in my opinion. While not a complete waste of an hour and a half (luckily I didn't have to pay $ for it), it just wasn't very scary. There were parts where I jumped and a few minimally violent gory scenes, but overall only someone easily frightened would consider this movie scary. The overall writing and acting were very weak. The characters never evolved or grew as people. Even at the end, the lead guy, whatever his name was, didn't man up and had to be rescued from the fire at the last minute. The plot also had inconsistencies. The police officer who was killed was NOT murdered in the same way he died in the game. The girl October mentioned that in order to kill the evil demon lady you had to read something from the correct text. Funny how they never bothered to do that and still managed to escape. The Malcolm in the Middle kid died in the game but didn't die ""in real life."" Also, making the game play by itself was very weak writing. It would have been okay for the brother's death, just to get them playing again. But you are supposed to play a video game and stay alive and 3 people die before you play again...why do you even need the game? If you like movies like the Ring and thing its scary and fun, watch this movie. If you know someone like that you can watch it with at laugh at, do it. If you like ""horror"" movies that make you laugh out loud and you have the opportunity to watch this movie for free, do it. Otherwise, stay far far away.",neg,Negative,neg
"""An astronaut (Michael Emmet) dies while returning from a mission and his body is recovered by the military. The base where the dead astronaut is taken to becomes the scene of a bizarre invasion plan from outer space. Alien embryos inside the dead astronaut resurrect the corpse and begin a terrifying assault on the military staff in the hopes of conquering the world,"" according to the DVD sleeve's synopsis. A Roger Corman ""American International"" production. The man who fell to Earth impregnated, Mr. Emmet (as John Corcoran), does all right. Angela Greene is his pretty conflicted fiancée. And, Ed Nelson (as Dave Randall) is featured as prominently. With a bigger budget, better opening, and a re write for crisper characterizations, this could have been something approaching classic 1950s science fiction. *** Night of the Blood Beast (1958) Bernard L. Kowalski, Roger Corman ~ Michael Emmet, Angela Greene, Ed Nelson",neg,Positive,pos
"I see alot of movies at the cinema (103 so far this year) and I have to say that this is by far and away the best film I have seen this year, even though it was released back in 1954! I sat in awe and watched this work of genius and felt quite ashamed that I had never even heard of it before my local art house cinema decided to show it for a week on what looked like a new print.  The best part of the whole movie has to be the 28 minute break in where there is no speech and no music, merely the sound of the men carrying out the heist. Pure quality.  Although really dark in places it is lightened with the dry humour. Not many films score 10 out of 10 but this does and also gets a gold star for effort!!  If you ever get a chance to see this movie, please do not hesitate, it's a classic.  ",pos,positive,pos
"""Chips"" is an excellent blend of music, light comedy and drama with a picture perfect performance by Peter O' Toole and and effortless romantic supporting performance by Petula Clark. O' Toole is able to show the shy, uncommunicative teacher that wishes so much to be loved by his students and is only able to express his love when he married Katherine (Clark). She brings him the world ""What a lot of flowers"" and he is forever changed. He becomes the beloved headmaster of Brookfield through tragedy but knows he could only have achieved his goal through Katherine's love. The songs (with the exception of the Music hall number) are all ""thought songs"" coming from character's emotions and thoughts and, the more you listen to them, the more beautiful they become   ""Walk through the World with Me"" and ""You and I"". O'Toole's finest moment is the final speech he gives to the students (it was the reason for the Oscar nomination). As a teacher, we question what ""book"" learning ever gets through   but, as Chips says, we did teach them how to behave with each other and that is what really counts. Beautifully filmed, perfectly orchestrated by John Williams and one of the most moving films about love and how it can change you. ""Did I Fill the World with Love?"" the boys sing their school song. By the end, Chips realizes he was able to do it   but only cause Catherine was there.",pos,positive,pos
"Take an utterly stupid story. Couple it with unprofessional performances, 2 bit graphics, add ultra lame comedy bits, and you get this film. I thought the original was bad, but at least that story was simple and straightforward, though idiotic. May nobody produce another in this series.",neg,Negative,neg
"I don't think this movie had the effect on me that was intended: seeing American soldiers shooting wounded soldiers from the other side, and punching wounded prisoners in their wounds to torture them into making them talk made me root for the other side. It certainly made the US forces look anything like ""the good guys"". Was this supposed to be acceptable?",neg,negative,neg
"I was born in Beijing, China and moved to the United States at the age of 9. Been home to Beijing several times since and loved it each time. One of the many things I love about Beijing is the people and the ambiance they bring to the city. ""You hau hao hao shuo"" (which translate more accurately to ""if you have something to say, say it nicely"") delightfully and truthfully captures that feeling of Beijing. I suppose you would have to have lived in and kinda understood Beijing and its people to get the most out of this movie, though you might enjoy it regardless. > The story is not complicated, intentionally kinda quirky, and captivating. I will leave it to unfold by itself and not tell you too much except some comments. Each detail, from the pictures on the wall, to the decorations, the streets, and restaurants feels like home. (Zhang Yimou most likely shot everything ""on location"") But more importantly, the characters   our ""hero"", the girl, the kind hearted but unfortunate ""laptop man"", and the night club owner are each native to Beijing and lovable in their distinct ways. Their conversations really capture the essence of each character. The story, mostly driven by situations and conversation (save the brilliant bafoonery near the end) is intriguing and always interesting. > I am 21 now. My parents and I love this movie. We are always so amazed by Zhang Yimou's ability to transform ordinary people into believable screen characters, and everyday life into extraordinary situations. ""keep cool""   different. hilarious. meaningful.",pos,positive,pos
"This is probably one of my favorites so far, although I have the first one and have seen Curse, Legacy, and vs. Demonic Toys. The only one better than this one is PM vs. DT. Curse is the worst one in the series, Than the first one, and then its Legacy. I recommend people to see this and vs. DT. Those ones who say this stinks are so wrong, the story is well written and it is a sweet movie. This is a classic movie even younger kids can watch and not be as scared when watching the others. Well this is my review, you can call me Gipdac,( its easy to know where that came from: 101 Dalmatians series, you can watch it on Toon Disney at 4:00 A.M.). Oh and don't laugh, I'm a guy, you will see more of my reviews in good time. If you want to know why I watch it? I'm 12! Word of advice: Have a mental meal, arrrrroooooooooo! I also agree with you motter 1, but why people like the others is because they're more thrilling than horror, and because the puppets are made to look scarier. Also, you can call me Gipdac.",pos,Positive,pos
"I really liked the Far Cry game, nice graphics, good level design, interesting and clever enemies, above average length and even a somewhat decent plot. I am not by default against movie spin offs of games. I thought ""DOOM The Movie"" was hilarious. But what Uwe Boll has done here, is to take the game and modified every one of its good aspects and turned them into something horrible (well not the length, the movie runs only a merciful 90 min) The characters are even more stereotypical than in the game, which is quite an achievement. The entire plot is told without any twists or mystery. Several blatantly ridiculous scenes tell you every bit of the story. And come on ""Genetically Modified Soldiers""? they could have come up with some better name. However, this film should get some award for the most idiotic love scene. I have never seen anything of the like. I could not believe they were trying to be serious ""we have to get out of the wet clothes"" ""I think I'll get hypothermia"" (although everybody is wearing T shirts) ""we need to cuddle together for body warmth"" ""Is that your gun?"" But... but ... weren't there people who consciously did this? There must have been a scriptwriter, a director, actors, a gaffer, an electrician, some food guy! Why didn't anyone jump into that scene to stop this evil from happening? Was this film done by ravaging, inhuman, genetically modified film people? I won't start at ranting about how many logical errors, inconsistencies and scriptwriting flaws there were, but even to the die hard action fan, this can't be anything but insulting. This film did actually ask for being rated 2 out of 10, so I'll do it that favor. But that leaves me to explain where the second star comes from. Special effects? Nah. Acting? Not really. References to the game? You wish. Wait! they used the font from the game for the title and the credits. That was neat. If you are looking for a flick for a bad movie night, go for ""2012   Supernova"", this one is just   sad.",neg,negative,neg
"Ridiculous film where two swinging college graduates move out to California and one becomes a movie star and the other his manager. As 10 years pass, the star's popularity is decreasing so it is determined that there will be a television show where women will compete for his affection.  The film is obnoxious and ridiculous. The girls who vie for lover boy are made to look foolish. Only one girl seems to be the choice of the producer of the show. She is really an amateur up against some of the other women, but she is wholesome and brings good ratings to the show as well. By the third scene you realize that the manager is falling for her. We know that Ryan really was meant to be a bachelor. While the ending is somewhat cute, you really know where this was going.",neg,Negative,neg
"It's along the line of comedy of errors, mistaken affection transferring from one to another, blossoms and passes onkinda cat and mouse situations Flares of passion, sparks of fire fanned and put outguessing maybe she loves, he loves or they love Circle of emotions, evolving, releasinghiding, yet not hidingwanting to let him know, wanting to let her know, let them know Good ensemble cast in spite of the seemingly confusing mix of emotions from different parties involved.  It's a refreshing charmer, casual, free and easy and rather down to earth    not Hollywood glamorous like ""Notting Hill"", but lots of human feelings, frailty, vulnerability a flowing. Yes, all revolving around an accidentally (lost &) found love letter. Kate Capshaw as the owner of the town's bookstore, with a variety of characters portrayed by Ellen DeGeneres, Tom Selleck, Blythe Danner, Tom Everett Scott, Gloria Stuart, Alice Drummond and Geraldine McEwan as the seemingly unaffected Mrs. Scattergoods. Romance is in the air, love lurking everywhere. You get to appreciate the talented Kate Capshaw. (""The Alarmist"" is another quirky little movie which is fun to watch: Capshaw has a wonderful chemistry with David Arquette, and Arquette with Stanley Tucci). ""Notting Hill"" is satisfying in its story revolving around the glittering pairing of Julia Roberts and Hugh Grant, and the wonderful support of his circle of (London) friends. ""Love Letters"" is delightful in its quirky (Loblolly) small town ness, and its story involving Kate Capshaw's centrifuged ripple effects on her friends and neighbors. Both maybe fantasies, somehow, the latter felt more attainable if it should happen to you. And if you appreciate words or poetic lines, it could be the movie for you.",pos,positive,pos
"I couldn't relate to this film. I'm surprised that people are lauding it for being so 'realistic'. How many people at your school were victim to incest? How many closet homosexual jocks were there? How many quiet people that you never noticed committed suicide? Hmmm. OK you wouldn't know even if their were. But really these are explosive problems which many us never deal with. And yet there are so many teenagers with subtle problems which could have been explored. But hey, where's the 'entertainment' in that? With regards to the girl who committed suicide   I found this to be exploitative. I actually think MANY people in High School at some stage feel invisible, ignored and unwanted. But what possesses someone to violently commit suicide on just another day of being ignored and unnoticed? The filmmaker decided this girl would suicide to make the film more provocative. And the graphic nature of the suicide to make it even more provocative. I didn't buy it as a real life scenario. And the problems of the other students I didn't fully relate to. Bullying is explored but that's been done to death, we all know it goes on and it truly is a matter of resolve within that person. Closet homosexuality? Pfft, another cliché gets rolled out. Thats the thing really, too many clichés. I guessed the ending at the start. There was a predictable unpredictability if that makes sense. You've got all these characters with explosive problems, and one with apparently none. And I thought, what is the point of this character unless she's the unsuspecting suicide victim? And surely enough.. One thing I will say, and it is the saving grace of the film, is that it does NOT glamourise suicide. The suicide is very graphic and heart breaking to watch. It is a powerful scene (regardless of how contrived it is)and one that dismisses suicide as the easy option. But the film is really not very imaginative and used stereotypes. Not bad but certainly not groundbreaking OR worthy of a 17 minute standing ovation at Cannes???",neg,Negative,neg
I loved this film. A must see for any Rod Steiger fan. Producer Suzanne DeLaurentiis and Director Stewart Raffill have brought us a true family film that touches the soul. An incredibly well put together movie with a beautiful soundtrack.,pos,positive,pos
"I saw this film without knowing much about it at all. The split screen device was immediately irritating, and things didn't improve for me after the title sequence had finished. The plot, characters and dialogue were all extremely cliched   poor guy from abusive family gets thrown out of home, wants to get out of his 'lot', reinvents himself, changes his voice, dresses in others' clothes, is adopted by a gay man who he proceeds to disgard on his way up to becoming part of an international set of drug taking British aristocrats. The estate of Patricia Highsmith (talented mr ripley) should be suing the makers of this film. The triple screen to me, together with the over 120 min duration, emphasises the almost non existent editing. Can't decide which image works and is the most powerful, why not show three and hope you get it right with one of them. This gimmick removed any connection or interest I had with any of the characters. Important dialogue was repeated 3 times across each screen, as if to say 'this is an important   moving   deep moment, ok!'. Don't waste your time. ",neg,negative,neg
"I provided location services on the this film every Sunday we would shoot in London's Berkeley Square. David Niven ever the gentleman thoroughly enjoyed the role, sadly to be his last. we had a moment of panic when a trunk load of fake Krugerrands (cast for the film..) tipped down a storm drain.  Imagine frantic crew opening all the drains to recover every last one. If you know and love London you'll love this comedy romp   also starts Richard Jordan who sadly died from a brain tumour. A good film, great crew ,superb cast. look for the current stars of coronation street then playing crowd scenes or extras.The car lot and Ivan's retail enterprises were all shot in west London, Chiswick the entire shopping parade and the American used car lot were dressed overnight, the car lot is still there as are the shops. A restaurant was suddenly turned into a funeral parlour. If you see the film on the listings make an effort to see it! By the way Sally Harrison the Bank receptionist was married to the production designer Tony Curtis.. April 2007 Just thought I would add a few extra comments on locations: Pub: just off Berkeley Square Elke Sommers Cottage: in back Road alongide Twickenham Film Studios Ivans Used Car Lot: along Chiswick High Street and all shop locations near roundabout. Workshops (converting armoured vans)Factory on roundabout opposite Fullers Brewery Jail (see workshops above) Telephone box see Elke Sommers cottage ( it was the wooden studio prop box used in many films, look for the lighting cable at gound level and the wood hinges on the door!!! Computer room Honeywells near Olympia Graveyard   Chiswick   Grave just outside the boundary on common land Bank interiors, ceiling void and strongroom :Twickenham studios And just to add David Niven ever the gentleman, joked and mixed with the crew, extras and so on......Niven would dine in the Connaught hotel bu join the crew for coffee!",pos,positive,pos
"This movie's one redeemable quality (besides Ator's barely there loincloth) is the hilarious acting on the part of the bad guy, Zor. This wonderfully overplayed villain has a certain...oh, Shakespearean presence that made this movie bearable (hence the 2). I just giggled every time he pirouetted, lifting an incredulous eyebrow to henchman or hero. A true example of someone not getting paid enough. (And that BEARD!) Now really, what was with the 12 minute hang glider scene? Really, really, really bad. I can't emphasize that point enough. So, seriously, if you even deign to see this movie, watch the Mystery Science Theater 3000 version. With those dear silhouettes has many a horrendous movie been tolerated.",neg,Negative,neg
"I am a usually a very generous voter on IMDb and don't bother commenting on movies I did not like, but this was just lame. I actually turned it off 15 minutes before finishing it, to watch ""This Is It"" (because my gf wanted to... I just chose the lesser of two evils). If you want to watch this movie: picture this film as a collection of worse than average ""horror"" stories, like ""scary short stories"" that you find in an issue of ""Reader's Digest"" in the waiting room of your dentist's. I did not expect anything particular terrifying or funny, I am not the ""I want to see blood!"" type of person, but this ""movie"" is neither ""horror"" nor ""comedy"" nor entertaining in any other way. It's probably more scary funny and entertaining to look at the movie poster of ""You've Got Mail"" for 90 minutes while drinking chamomile tea. Conclusion: a ""horror comedy"" for people between 4 and 7.",neg,negative,neg
"Why remake the original ""Assault""? To my mind ""Assault"" was Carpenter's true masterpiece. It had all the elements good Carpenter movies contain. External threat on a small group of individuals. People taking the challenge because they are forced to do so. Isolation! Just remember, the guns in Carpenter's original made no sound, being thus a lot more threatening than conventional devices. And now this remake. Concentrating on ""main character I""s psychology and on his relation to main character II (the evil but honorable). The anonymous threat in the Carpenter movie replaced by a rather conventional conspiracy corruption background. The ""remakers"" just didn't understand the main plot of the original. And thus produced something pretty ordinary.",neg,negative,neg
"I guess Melville intended this movie to be the definition of the cool; it has the cool approach of the late '60s  early '70s thrillersthe same discrete quirkiness. LE CERCLE ROUGE, a bitter and fatalist story, is also the playground of Delon, Bourvil, Volonté and Montand in defining roles. Bourvil is a cop who has in his flat three cats and a daily routine. Delon is a hoodlum. Montand is a sick, failed cop. Volonté plays an escaped suspect. LE CERCLE ROUGE is of course far above a heist movie; Melville uses his techniques long wordless detailed depictions of every step of the heist, etc.. Yet this particular action drama is far better than his other moviesand it's very unlikely them by being so much better. The look of LE CERCLE ROUGE is very peculiar to Melville, very Melvillian. Delon was sharp and cool; Bourvil brings his craft, and Montand makes maybe the finest role of this movie; his performance has an unexpected warmth . On the other hand, the characters are barely sketched, no more than strictly necessary, and are personae. Or masks; yet the portrayal is inspired, economic but suggestive. Another of the movies that prove Delon to be a good, a very good actor; and the fact that he's not a genius does not imply that he ought to be despised as a fourth rate actor. He's good, he can bear the proximity of a Bourvil and Montand. Only ten yrs. before LE CERCLE ROUGE, Melville was doing, towards the end of the '50s, a boring overlong insipid noir pastiche (starring himself)and after only a decade, here he is, in full form, with this quite amazing action drama. Stylistically, it's a success. Before seeing LE CERCLE ROUGE, I was not a Melvillian fan; now I guess I rather am one. LE CERCLE ROUGE is a dramanamely, an action drama, one of the most exigent genres. Melville scores.",pos,positive,pos
"This film has been compared to the hilarious British comedy ""A Fish Called Wanda"", although I can't see why. The only connection I can find is the Monty Python one (Eric Idle in ""Nuns"", John Cleese and Michael Palin in ""Wanda""). Otherwise the two are incomparable. Idle and Robbie Coltrane are two gangsters who want to get out of the business before they end up dead, so they decide to rip off their boss and make for Rio. When the getaway goes wrong, the two are forced to take refuge in a convent, as nuns. What at first promises to be a riot soon becomes a predictable, average movie with the usual tasteless sex jokes and bland humour. Once again there are the occasional high spots, but neither cast nor crew manage to inspire proceedings. An attempt at a ""Wanda"" type manic finish fails too, along with the effort at ""men in drag"" humour, which is hardly surprising. When you think about it, men trying to be women is funny, men trying to be nuns is ridiculous. Friday, April 22, 1994   Video",neg,Negative,neg
"I have had the opportunity to catch this independent film and was impressed with it, despite the lack of excitement in the plot. The acting was very good by everyone involved. Amy Madigan played the part of a guilt ridden mother who is tired, yet well intentioned and determined to make up for her younger daughter's condition. Yet, in the process, she has neglected her older sister, who is more interested in playing with her savant syndrome sibling and living in a world of escapism. The men in the movie are very powerful in their secondary roles. Christopher Lloyd, in a very understated role, shows us why he has such versatility. He plays a teacher who is dedicated to his profession and literature research, yet starved for a meaningful relationship. He and Madigan connect very well in their scenes together, yet both know nothing more can come from their friendship. Their wordless goodbye is nothing short of brilliant, an acting lesson for aspiring performers. And in a small role, Fred Savage is fun to watch. You can tell why this movie was based on a play, it's probably very good on stage. On screen, it's not particularly exciting, but it's nonetheless very thoughtful and powerful in its subtleties.",pos,positive,pos
"In complete contrast to the previous correspondent here, I thought Shoppen Munich (as it was billed when shown with English subtitles here in London at the German Film Festival in November 2007) was very funny, very well acted, and excellently scripted. It's quite audacious to design a 100 minute film that consists exclusively, and relentlessly, of talking heads. But I think Ralf Westhoff succeeded with wit and élan. No standard filmic devices of, say, following a character's soul baring pronouncement with some meditative minor seventh chord music and long shot nature cutaways. But when someone said something that revealed their souls   well, we were hustled on by the man with the timer for yet another superficial introduction. Which is, of course, the point: the hurtling tickbox superficiality of thirtysomething urbanites, where everything is down to a quick question and answer. Maybe most films are so clichéd and stupid that we English are ready to laugh at any vaguely intelligent and uncontrived cinema, but I can promise you that at the screening tonight (Curzon Cinema, Sun 25 Nov 2007) the full audience bellowed with laughter most of the way through. So I wasn't the only one guffawing! My girlfriend (who speaks German and has lived in Munich) thought it was hilarious. I (who don't speak German and have not been to Munich, I think) thought it was hilarious. I'd recommend Shoppen (Munich) to anyone (especially couples...) looking for a smart, witty, original, wise film about the superficiality of modern relationships and the bewilderment of the generation who feel they've missed out on the happy ever after stuff first time round. NB In the English subtitled showing in London, the subtitles (which were very good) were shown completely underneath the slightly reduced picture, not inside it. I thought this was a Good Thing.",pos,positive,pos
"Victor Sjöström was quite the master in this film, having starred in it, directed it and even wrote the screenplay! That's pretty amazing. While today few have any idea who Sjöström was, he might be familiar to Ingmar Bergman fans as the star one of Bergman's most acclaimed films, WILD STRAWBERRIES. As far as this film goes, it's a very mixed bag. On one hand, you have to respect it because for 1921, it's a very good film. The idea of the Grim Reaper sitting down with a dead man to discuss his wasted life is pretty imaginative. Plus, the special effect of the Phantom Carriage is pretty convincing and technically speaking this is a well crafted film. On the other hand, it's an amazingly dated and preachy film  more like something you'd expect to be shown in Sunday School instead of in an honest to goodness theater. Plus, some of the story elements just don't make sense. Instead of coming off as dedicated or good, the dying Salvation Army worker seems like a sap  a very sad and confusing sap. Why is she ""in love"" with this man? Am I missing something? So, my recommendation is that if you are insanely in love with silents (like me), then by all means watch it. But, if you aren't a silent fan, this film might do nothing to convince you that this style film is brilliant because the story is so overly melodramatic and dated.",pos,Mixed,neg
"Oh how awfully this movie is! I don't know if it is a horror film or a drama, cause the story and the both genres are not established very well! The story is not moving, it is slow, boring, and sleepy from the beginning to end. This movie really bores me! But I really liked the camera work, it is authentic, fresh and clear, the acting is great too, the little boy was the great performer in this movie, but it hasn't made me to jump from my seat. But this movie makes me grab a pillow, lay on the bed and sleep until the credits roll... Boring! Not worth watching! I tell you, this movie sucked! 1 10",neg,Negative,neg
"I am very impressed with the acting in Comanche Moon. Before I started watching this, I wasn't expecting it to be as good as Lonesome Dove. I couldn't believe how well the actors were chosen to represent all the characters. It blew my mind how well they played each role! This was in my opinion almost as good as Lonesome Dove. Its hard to compare any film to Lonesome Dove. If you don't make that comparison, I would give this a thumbs up. It was very entertaining! I don't post many comments on this site, but I just felt I had to get my opinion out there. Amazing! I don't want to go off naming every actor who was brilliant, because I would probably have to list every single one. My favorite was Steve Zahn. He hit the nail on the head playing Captain Gus. His mannerisms were perfect.",pos,positive,pos
"This was a shockingly bad movie and I literally gasped the first time seeing the Blue Screen puppets. Imagine the worst Blue Screen special effects you ever saw, make it somehow far worse, and then combine this with poorly made, rubber and Play doh puppets that look like something from a semi retarded pre school art class. Then add some screeching, Yngwie Malmstein esquire, melodic metal guitar solos stuff that is way too loud and lasts way too long. The overall film is absolutely awful and makes ""Feeders"" look like ""Rashomon."" Its one of the worst movies I've ever seen, with every quantifiable metric spiraling dismally downward, much like a waterlogged turd in the perpetual, slow whirlpool of a broken Rest Stop toilet. Still, though, a film like ""Actium Maximus"" is not to be missed by the bad movie conesseuirs out there, even if only by looking up clips on YouTube or someplace. This movie is a bit of an eye opener, if you can stomach the ride. I think this director may be mentally ill, though, which is a bit debasing. Watching him discuss the project, you get the sense that he truly believes that he's created something wonderful. I guess he's the ""Star Wars kid"" of gonzo filmmakers. What a mess. : )",neg,negative,neg
"This is a funny, clever film and well worth your time. In my opinion it is much better than American Pie and other films of the same genre that seem to get knocked out all the time. I hadn't heard of this film, so I guess it didn't get much press, which is kind of a shame. It doesn't take itself too seriously but at the same time delivers a serious message to people about life and life experiences and what is important...As opposed to a film about a bunch of desperate guys trying to get laid for the first time and one dude sticking his d**k in a pie, but in the end everyone gets laid and whoop de do... One thing that impressed me was that the soundtrack was pretty awesome and not the usual cheesy American pop punk...They actually had real punk from back in the day like the Ramones...That in itself made the film better! To be honest I wasn't expecting much from this film and I was pleasantly surprised at how good a comedy it is.",pos,positive,pos
"Night of the Demons is a great movie and an excellent example of how good low budget can be. Sure, much of it is fairly predictable, but somehow it's still much more enjoyable than the crap we see these days being passed off as ""Horror"". I give the gore a solid 9, and the Demons' one liners are actually funny. I'm still creeped out by ""Stop looking at me!"" The soundtrack is well done, I was surprised to hear ""Stigmata Martyr"" from Bauhaus! There is also some very nice T&A on display, as well as some hella good make up effects. The second film in the series is pretty good too, but avoid the inferior third one. Night of the Demons may be dated, dark, and low rent, but it still has a lot of potential. It's definitely worth a rental at least. Give it a chance tonight, just stay away from any old makeup! (you'll understand when you see it!)",pos,Positive,pos
MAY CONTAIN SPOILERS. This movie was the worst movie ever. I couldn't even watch it all it was so bad. This film is actually worse than scarecrow slayer which is saying a whole lot. This was worse than terror toons which at least terror toons was funny at times. Not even the gore in the film was good. The shootings were fake and the acting was worse. Please do yourself a favor and skip this one. If you see it at the rental store then run the other way. There is nothing good about this film at all. If you want to see a good scarecrow movie then watch Night of the scarecrow or pumpkin head. If you want to see an OK new cheesy movie then watch Scarecrow. I rate this movie a 0.2 out of 10. That's how horrible this film really is. THE WORST MOVIE EVER.,neg,negative,neg
"""Graduation Day"" is a result of the success of ""Friday the 13th."" Both of those films are about creative, bloody murders, rather than suspense. If you enjoy that type of film, I'd recommend ""Graduation Day."" If not, I wouldn't. There's nothing new here, just the same old killings. Even though I've given the film a 4 out of 10, I will say that it's not a repulsive film. It is watchable if your curious about it, just not creative.",neg,negative,neg
"A sadly predictable, clichéd story about a woman who was no better than she should have been. Sadly, too, the screenplay is by the once great experimental novelist John Dos Passos, from an original by French exotic potboiler Pierre Louys. This time Marlene Dietrich is Concha, a manipulative, cold hearted Spanish beauty. Don Pasqual (Lionel Atwill) raises her from the cigarette factory, but she ditches him. He warns his tall young friend Antonio (Cesar Romero) against her, but to no avail. A duel ensues, Concha reproaches Pasqualito for trying to kill the only man she ever cared for, so he doesn't: he points his pistol at the sky, but Antonio shoots him. But instead of going off to Paris with the young victor, she goes back to the man who would have died for her. With an unexpected bit by Edward Everett Horton as a Spanish Governor. Dietrich plays the part of a Spanish woman by moving constantly, twisting at the waist and posturing and then twisting back, flouncing, tossing her head, and so forth. And she makes faces, and has a curl in the middle of her forehead. The photography is strangely crowded: no outdoor scene can be shot except through a tangle of bare trees, no interior scene can be shot without so much busy detail that it's almost impossible to follow people moving across a room, no consecutive scene of Dietrich can be shot without a major wardrobe change. The carnival scenes are so full of confetti and streamers it's almost like an underwater scene in the Sargasso Sea.",neg,negative,neg
"yeah..that's what the station disclaimer states after the commercials for this show ""some scenes may be disturbing to some viewers"" . It is beyond disturbing. The validation of this whole display of ego framing and chauvinism is in the fact it is on the COMEDY channel. Yes..a comedy true and true. A JOKE. To see these 'playas' go through their rigid charade really spells out what is wrong with society. Especially the meat market bar scene. Both sides, the male and female, are equally as weak and desperate to be mingling among this superficial atmosphere. The club is obviously one of those Cigarette corporation sponsored plastic coke scenes. These people do have a choice, and that is what makes it even more of a joke.  These slick ricks try too hard. They glisten with their own groove grease. That's OK. It's a lesson on video tape for the new generation of how NOT to focus on a potential heart interest. Hopefully that facade will crumble along with the Bush Harper administrations. Problem is, who's lined up after these characters fade? The bastard children of the one night stands?",neg,Negative,neg
"Yes, absolutely dreadful, And this coming from someone who loves bad movies   but there's a limit. I enjoy all sorts of horror suspense films, and have seen some wonderful work from European film makers. Broceliande is sadly not among those those wonderful pieces of film making. The camera work is worse than amateurish. Not the fashionable, shaky MTV ""cameraman needs Ritalin"" type of camera work so many film makers use to camouflage their lack of talent. This is simply bad frame composition and terrible image composition. The acting is farcical when it is not entirely two dimensional. The dialogues are stilted and unnatural   even more so than your usual run of the mill horror suspense film delving into pseudo mysticism. I think that what put me off the most was the horribly choreographed fight scenes at the end of the film. These were bad to the point of being ludicrous. I've seen what a small budget can do, and it can do wonders. This was just bad film making. Very, very sad.",neg,negative,neg
"Thunderball and Never are two of the biggest box office misses and Never is a surprise farce from Empire Strikes Back hero Irvin Kershner. Klaus Maria Brandauer seems to steal the show, when, in the midst of the unfolding plot, Bond's mission turns more to Hollywood romp (Sometime around when Basinger comes in). How about Klaus Kinski? I still think that the casting of Largo makes or, as is evident in both films, breaks the story. Worst of all is the attempt to pass off the aging and very hairy Connery off as the sex symbol he indeed was in the '60s. The '80s was a barren time for Bond flicks mostly, though For Your Eyes Only is a great title. At times, when I happen to need to waste some time over the holidays by watching this film in the often string of Bond re run festivals, I think the best attribute of the film is its score, and I'm not into soft '80s 'jazz'.",neg,negative,neg
"This is definitely one of the weaker of the series of Carry On films. It lacks the usual fun and sparkle and even the cast seem embarrassed by the poor dialogue. By the time this came out, the series was in terminal decline and boy does it show! If you're coming fresh to this series, avoid this one till near the end.",neg,negative,neg
"1st watched 7 29 2001   4 out of 10 (Dir Mark Dindal): Fast paced, frantic animation effort by Ted Turner's feature animation group plays a lot like tv cartoons and leaves a lot to be desired in the area of likeable characters, but definetly has extremely unlikeable villains. I'm not even sure why the kids would like this movie because there are so many references to old movie stars that kids know very little or nothing about. Mediocre effort at best despite raves on the box comparing it to Disney efforts like Aladdin and Lion King. Don't let this fool you    there is no comparison in story or quality.",neg,negative,neg
"With the war not going well for the Soviet Union, Stalin accepted volunteers from the prisons and used the prisoners as shock troops. This is the story of one such battalion. There are petty crooks, political prisoners, soldiers kicked out of other units, gray haired veterans of the White Army plus some dangerous criminals. They are thrown into battle ill equipped, untrained and face the threat of the NKVD if they show signs of cowardice or failure. The special effects are rudimentary and many of the minor characters are one dimensional, but the overall story is very human and riveting. I have not seen a version with subtitles or dubbing. Viewing the show required liberal use of the pause button and explanations from a native speaker of Russian.",pos,Positive,pos
"I'll start by confessing that I tend to really enjoy action movies (military or other). I'm a guy. But this dreck was awful. I saw it for free, showtime or hbo and still feel I paid too much. It was a prolonged episode of general hospital.  I gave it a 1, only because 0 or 0.1 was not possible. How or why 59 others would give it a rating of between 5 and 6 boggles my mind. Unless they are all family of the cast or crew.  It might be, this movie was so bad many bailed out.......and as such, were too uninvested to bother. I'm sorry for repeating but the 10 line minimum seems silly, for what essentially boils down to a warning.........in hopes of saving others the 2 hr black hole, this movie represents. Trust me, stare at a blank wall, they'll be more action.",neg,negative,neg
"""I haven't laughed this hard since granny got caught in the wringer,"" says one of the potheads in this hilarious quasi spoof of all those Val Lewton and George A. Romero walking dead movies we have come to love (or loath, depending on your personal taste) through the years.  In this story, a young actor pair play a ghoulish prank on the rest of their troupe after, one spooky night, they visit a cemetery island. Their artistic director, Alan, pretends to bring the dead back to life by conducting a highly stylized ritual. Way too much screen time is misspent; the amateur dialog includes lame witticisms, melodrama and other kinds of unnecessary filler commentaries (And can't Alan stop that irritating laughter... way too much!). Once the action kicks in (which comes close to the end of this film), it's worth the wait.  I saw this one on a late night, local station television program that ran films very much like this one... only this one scared me at the age of 13... but then again, you might laugh your way through it, until the bitter end... ...which is probably the reason, nowadays, why very few people still wear striped hip huggers.",neg,negative,neg
"This film tried, but ultimately it was a waste of talent. It tried to hard to be ""sexy."" I'm not putting down the works of such actresses as Ellen Barkin and Peta Wilson (who will find something besides TV's ""Le Femme Nikita"" worthy of her talents.) I just didn't find, even in Ms. Wilson's so called near seduction scene with Mrs. Barkin any real emotion, even though I know the thespians tried very hard to make the scene work. If the sexual elements of Wilson's disturbed sex victim didn't touch our heart (which it didn't even by an ending it didn't deserve), neither did the murder element of the plot. Perhaps it was the script or perhaps the direction, but I didn't feel for anyone in this movie, and without this feeling, a movie doesn't work for me. If you are interested in a movie about lesbianism, there are a least two films on either side of the specturum to check out: 1.) The gulity pleasure of ""Bound"" which works well in a noir setting; and 2.) The more honest, and touching story of a lesbian growing up in Hell's Kitchen called ""All Over Me."" It's a well defined indie from the mid 90's that handles that coming of age issue with feeling, not forced sexuality. Both would be a better rental than ""Mercy"" which has next to nothing.",neg,Negative,neg
"A dull stroll through the banalities of Mormon prosthelatizing. Utterly un funny. A testament to the widely held theory, that in order for bathroom humor to be funny, it must necessarily be vulgar; it also bolsters the claim that a close relationship with Jesus makes you not funny. More propaganda than film, don't worry about any touchy social issues coming up at the dinner table after this one. The saving grace of this movie is its accurate portrayal of young Mormon females as particularly attractive. Oh well, its your $7.50.",neg,negative,neg
"Welcome to the world of Vikram Bhatt, the man who was once successful and got several hits with small actors like KASOOR, RAAZ and also the multistarrer AWARA PAAGAL DEEWANA and his one film with Aamir GHULAM One sneak peak about this films are that all are Hollywood remakes and some decent ones like the once which worked SPEED is a remake of CELLULAR and that too a terrible one  A look at the stars, we have the once saleable but now out of work Urmila and Sanjay Suri, then we have the flop Aftab, Ashish Chaudhary, Zayed Khan and others The film could be a decent thriller but many problems are there The storytelling has several cringeworthy scenes like Zayed hijacking a Mobile Company and many more and the stunts too are laughable while the twists in the end are too laughable The film also took a long time to reach the theatres which looses it's spark Direction is awful Music is outdated Zayed Khan screams, makes faces.etc what he does always Urmila is good in her part, Sanjay Suri is not that convincing Ashish Chaudhary tries hard in a negative role and he is okay Aftab is horrible and he makes you laugh in a negative role Surprising the same director gave him his only solo hit KASOOR Sophie is horrible Tanushree is a non actress",neg,Negative,neg
"I'm a huge fan of legendary director Elia Kazan . His movies often deal with people trying to overcome their weaknesses. Be it obsessive love in 'Splendor In the Grass, poverty in ""A tree Grows in Brooklyn"" or racism in ""Gentlemen's Agreement."" While looking for other movies made by Kazan, I stumbled across a movie that was based on a novel by Arthur Miller. The movie called ""Focus"" stars William H.Macy (who happens to be one of my favorite actors) and Laura Dern. It deals with anti Semitism in a very realistic way.  Macy's character seems to go along with the bigots in his neighborhood and on his job, until it affects him personally. That's the key here... the reason he acted wasn't because he knew it was wrong and he wanted to take a stand, he acted because he was now considered an outsider, and he began to experience the same looks, the same remarks, and the same brutally that Mr. Finklestein (David Pamyers)experienced . The movie is very well written and well acted. Meat Loaf does a awesome job of playing a dirt bag! Both Macy and Dern's performances are outstanding! It's easier in life to go along with, instead of going against. Sometimes in order for people to take a stand things have to impact their lives, or the lives of their loved ones...Only then will some find their moral compass.",pos,positive,pos
"No,no,no. That is my advice to you if you are wanting to see this film. Anthony Perkins is the one and ONLY Norman Bates,as is Janet Leigh in her role as Marion Crane. This just seems like a colorized version of Psycho,with a few mildly different touches thrown in for a more modern appeal. Vaughn is dull as ill Norman,and Viggo Mortenson's Sam Loomis seems too much the cowboy compared to the original. Please folks,do yourself some justice. Don't bother with this. One can only wonder what Mr. Alfred Hitchcock and Mr. Anthony Perkins would be thinking right now.......  * out of ****",neg,Negative,neg
"Ants are shown in cartoons as being able to carry away chicken legs, watermellons, people, etc. This may be an admirable characteristic because ants carry the film Phase IV. This is not because they want to, but because they have to. The movie opens with a narrator cryptically explaining that some cosmic event has come over the earth, and that a fellow scientist has been working on the effect this disturbance has on the ant population. The movie is broken up in segments; the first part after the cosmic event is Phase I, and so on until the end of the movie, which is Phase IV. What is Phase IV? Who knows? We don't get to see that part; presumably it has something to do with the bonding of one of the scientists studying the ants and a girl who lived in the area. The girl, who looks like a cross between Alicia Silverstone and Liv Tyler, is mad at the ants because they killed her horse, but except for one angry outburst, goes around the biodome with a blank (""Clueless""?) look. These ants are pretty smart; or the scientists are rather dumb. I'll give credit to the ants. Why? Anything that usually ruins my picnics that can then build reflecting towers, blow up trucks, and adapts to poison with the greatest of ease gets my vote for being the smarter species, at least in this movie. Sterno says stomp on this anthill. ",neg,Negative,neg
"Although it has been a failure in movie theaters because mainly Mylene Farmer, one of the 3 top stars in France had not the first role. Fans had changed their mind after that and were waiting for it on DVD. When it has been released on DVD this year it has have a tremendous success ! The others fails was the slow pace and the incredible length (3h) at that time (1994) that have annoyed critics. But the melancholic story makes mandatory that slow pace and long time. The moral of the film is you cannot escape from the death you are destined for. It is the same theme than in the movie ""Final Destination"" and makes it a Gothic tale. The atmosphere is very melancholic.",pos,positive,pos
"Rose and the good Doctor find themselves in a space station that is on a planet that's quite impossibly hovering in orbit right below a black hole. The crew of the station is just as perplexed at that as the two new inhabitants are. Suitably spooky in it's atmosphere and gets better as the Doctor and Rose find themselves stranded due to circumstances out of their control and speaking through the submissive alien race of the Ood, something quite dark is coming from below the crust of the planet. Not haven seen the second part of this two parter I can't vouch that the end is as strong yet. But it does make for one hell of a beginning. My Grade: A",pos,positive,pos
The main reason to check this one out is to watch Laura Gemser in all her glory. That's reason enough for me. She heads to Africa as guests of another rich guy that seems to be all over these films. Huge mansion near the jungle. Hunters staying around for parties when they aren't out hunting zebras. And said parties becoming drunken orgies. All the high society types in the Emanuelle films seem to have out of control fetishes. And Emanuelle beds most of them. Joe D'Amato did NOT direct this one. He just ripped it off and used the same cast(s). And did anyone notice the 'subliminal' sexual images at the gas station? And why did most of the men stay dressed during the sex scenes?  Coherence? Hardly any. BUT GODDESS GEMSER IS BEAUTIFUL.,pos,positive,pos
"If I had never seen an episode of the original Avengers, with Blackman, Rigg, or Thorson, I would have appreciated this series more. While the cast did its best to sustain the action and interest of the scripts, I was just caught up in comparing the episodes to the original series. There was an expectation of Steed participating more in fight scenes, and the continuity seemed as though the writers were struggling to keep up with the actors. To be honest, I can't blame them for trying to resurrect the fans from the original series, but it just didn't work, as evidenced by the fact that it lasted one season. Watching Steed labor through this series reminded me of Gen. Macarthur when he said, 'Old soldiers never die, they just fade away!'",neg,Negative,neg
"First off let me say that this is probably in my opinion one of the 10 most underrated movies since this came out in 72. I absolutely loved this movie, it's very urban, gritty, no real Hollywood glam added to it.. you can actually feel for all of the characters in here, i love the blood just splattering abound in here. Joe Pesci was pretty good in here, but to me it seems like he was definitely outdone by the lead character Joe Cortese, now i don't know anything about him , but boy can he really act.. I believe this movie is probably true, because living in New Jersey,, living close to Philly, you here this kinda thing all the time. i think that if the movie had a bigger budget , and say Robert deniro as jerry's boss you would have a perfect movie, but hey who am i to argue, i was so engrossed by this film, that it is already up there in my mind, with Mean Streets. I wish Hollywood would go back to this urbanized, gritty display of movie making: it would serve them very well to do so. this movie is a great drama with great actors in it. and i highly recommend it to anyone.",pos,positive,pos
"How this film could be classified as Drama, I have no idea. If I were John Voight and Mary Steenburgen, I would be trying to erase this from my CV. It was as historically accurate as Xena and Hercules. Abraham and Moses got melded into Noah. Lot, Abraham's nephew, Lot, turns up thousands of years before he would have been born. Canaanites wandered the earth...really? What were the scriptwriters thinking? Was it just ignorance (""I remember something about Noah and animals, and Lot and Canaanites and all that stuff from Sunday School"") or were they trying to offend the maximum number of people on the planet as possible  from Christians, Jews and Muslims, to historians, archaeologists, geologists, psychologists, linguists ...as a matter of fact, did anyone not get offended? Anyone who had even a modicum of taste would have winced at this one!",neg,Negative,neg
"Man, I went to this movie because of the great preview. It looked like it had a great story and nice special effects. Boy was I wrong. I wanted to walk out of the theater because of those horrible special effects. A cartoon dino, of cart board would do even a better job then this. The story was fine, if it would have been taken on by a big movie producer. Who would trow in some more money to make the effect more life like. The only thing I liked about this movie where the plants that pop up everywhere. Even worse where the cars, in one scene 2 characters walk along the street. If you watch those cars you'll see the following: Taxi, car, motorcycle, tri pod, big bus. And about 4x in a row! And then there is the ""butterfly death"" that would set the whole ""evolution changes"" in to progress. If that guy didn't step on the butterfly, the next dino would have eaten it anyway! So that's absolute bull. Then, if you change something in the past, the future will be different in the same instant. Not in those ""time waves"" they made. But hey, if the future changed in a split second, the movie would be even worse, but more realistic though. This is just one of those movies you should see when you want to have a great laugh. I spend way to much money on this movie in the theater. And then they tell me this movie had $80 million dollar budget. WHERE DID ALL THAT MONEY GO????",neg,negative,neg
"In case you dear readers never heard, this movie was the main inspiration for last year's Samuel L. Jackson Eugene Levy clunker The Man. This 80s drenched buddy action comedy pairs short 'n stubbly Billy Crystal and the late Ethiopian Shim Shammer Gregory Hines together as some witty Chi town cops who don't play by the rules. That's pretty much the extent of the movie. Interest is somewhat peaked by Hines' line delivery that is spookily similar to Will Smith's and by cameos of now more famous actors like Memento's Joe Pantoliano and ""NYPD Blue's"" Jimmy Smits. My favorite scene is, I dunno, the car chase on the tracks, I guess. Basically, I just view this movie as a major helping hand in the demolition of action buddy flicks. Well, this and Lethal Weapon 4... and Rush Hour 2... and The Man...",neg,negative,neg
"I would just like to point out (in addition to pleading for the series to be released on DVD) that a show does not have to be realistic to be entertaining. These days, with all the blood and gore in the news and in crime dramas, reality shows, etc. it's nice to get lost in a good, cheesy show with entertaining characters. PWOG fits the bill. Was it Emmy material? No, but it was awesome just the same. I also have to put a vote in for the second cast   they were more charismatic than the cast of season one. I would definitely agree that the first season had a more serious vibe than the second two, but I was definitely more sucked in by the latter cast. Even though the series has been off the air for years, I'll never stop hoping that it be released for purchase.",pos,positive,pos
"King of Queens is comic genius. Kevin James, whom plays IPS deliveryman Doug Heffernan is extremely funny, Leah Remini who plays Doug's wife Carrie is incredibly hot ( # 19 on Stuff magazine's hottest 102 woman list ), and very funny. The true magic of the show However is the scenes with Jerry Stiller, they are the funniest in the show. Jerry, a comic genius, plays Carrie's father, Arthur Spooner, whom lives in Doug and Carrie's always cold basement. I must admit that I never watched this show until this year, 2006. Whenever I had flipped by it previously it never seemed funny, but with the cancellation of Friends, Still Standing, and Yes Dear, I needed some new comedy. Actually giving The King Of Queens a chance I discovered that it was absolutely fantastic. So funny in fact that I downloaded the first 7 seasons and watched each season in 8 hour blocks. I strongly urge anyone whom has not seen this treasure to check it out. You will not be disappointed.",pos,positive,pos
"Let's begin by acknowledging that there are arguably three types of horror films: good, bad, and utterly embarrassing reels that make the entire genre suffer in every way. Dark Harvest promises big with its Artisan DVD cover, but rest assured that is where the show stops. Following a grueling opening montage, we soon discover that the film consists of a very poorly written script, extremely under qualified (even for a beginners film) acting, disastrous lighting and even worse special effects. Seriously, could no one afford anything more than a mask for the villain, or did they just think it was good enough for Jason Voorhees and Michael Myers , so it's good enough for us? Well, it did not work at all to create a scary villain. At any rate, this is one of the movies that make you check your watch, sigh and curse your own gullibility. The timing in every scene is painful, and the entire production has a middle school feeling to it (come to think of it, I have seen better middle school stage productions, right down to the special effects). I'm trying to think of some way to end this review on a positive note, so let me suggest that all copies of this train wreck be donated as drink coasters, Frisbees, wind chimes.......I'd say ""go see your yourself"", but that would just be cruel. Check out the rest of this production company's reviews and you'll find the same for every one of their movies. They claim to honor the contract between film and audience (i.e. please the fans) but all they have done is chuckle and dumped a load on our heads for the cash (of which I am sure they saw very little for this).  Sorry people, the high ratings and favorable reviews are obviously posted by those either directly or indirectly connected to this travesty.  1 star out of 10 because it is the lowest possible rating. Giving it even one makes me angry.",neg,negative,neg
"Sorry to repeat myself over and over, but here's another great Columbo episode. I guess that's why I'm such a fan   most episodes really are great! The best episodes always have a standout feature of some sort, and in this case the murderer and his accomplice are possibly the youngest ever Columbo villains. After watching a lot of episodes where Columbo and his adversary act like close friends, it's good to see an episode where tempers fray and bad feelings rise to the surface. It just gives an episode a bit more drama and bite. Columbo is rapidly onto the fact that the two students who claim to be helping him are not very secretly laughing at him and feeding him false clues. He happily plays along, deliberately turning up the bumbling in front of them to make them underestimate him! But of course he knows instantly when they are talking baloney. The murder itself is another complicated one, along the lines of The Bye Bye Sky High IQ episode, with a sophisticated chain reaction of events that manages to kill the intended target while providing the assassins with a seemingly watertight alibi. In the intervening years between 1978 and 1990, the technology has moved on from record players and firecrackers to remote control car locking systems and hidden cameras. Stephen Caffrey puts in a great performance as Justin Rowe, the obnoxious, spoilt student. Gary Hershberger is low key but good as his ""yes man"" friend Cooper Redman. And it's nice to see Robert Culp as Mr Rowe, Justin's dad. A very satisfying episode in all ways.",pos,positive,pos
"This was the greatest movie I have ever seen in my life, the action was great, and i was so scared, there was a lot of gore WHICH MADE It GREAT, i would see it 1,000 more times, and Paris Hilton, D*MN she fine in that movie. But anyway, i would recommend it to anybody, even kids(like me) Adults like it to. You would probably have nightmares at night though, but beside that, IT IS AWESOMe, I CANT STOP BRAGGING ABOUT IT. EVER SINE AUGEST WHEN I HEARD ABOUT IT I BRAGGED AND BRAGGED and in school i gave out flyer's saying may 6 house of wax see it. i got my whole school into it. But anyway, i would definitely saySEE IT may 6 house of wax, be there It be slayed.",pos,positive,pos
"It's not funny, it's not interesting, it's not well shot, you don't care about the characters, not one single one of them. There's nothing that engages you in the narrative flow, you really could care less what happens. Big, big waste of time and talent.",neg,negative,neg
"UGH!...this is the worst Wrestlemania hands down....no good matches.....Hulk Hogan rears his over tanned bald head yet again in the main event, the spot light hoggin scum!....not one thing note worthy on this tape, oh..I take that back...this is Jim Ross's first WM...but other than that....it has nothing worth seein....a major bust... 1 out of 10 stars WOOF!!!",neg,Negative,neg
"I, like many this evening braved the frigid winter and long lines to see what I had anticipated to be one of the best movies of this year. However, I was left sadly wanting in many ways after the credits rolled. But to be fair, there were redeemable qualities (although very few). Let's start with what worked. First, the Lycans: on point in every way  from their terrifying physicality to their sheer ferocity. The action: sublimely visceral  when it did occur. Nighy Victor and Sheen Lucian: Perfect. Now, what did not (and there is plenty). This was less a movie and more a collage of sequences (and do not expect to see any supporting characters from the other movies except Raze and Tannis). Profoundly missing was a well written storyline and anything of real substance to bring these pieces of film together. The story seemed to start right in the middle  at the cusp where Lucian had made up his mind to rebel. Therefore, there was no context; no tension; no sense of betrayal  the devices needed to make everything else work. Moreover, it ended at where the climax should have begun (which needed to be after the feud had simmered for a bit). Oh and it was way too short. Purist will also find offense in some liberties taken to certain facts previously revealed in the first two moviesbut judge that for yourself. In the end, this movie lingered to long on what should have been brief ""background"" scenes (e.g. various council scenes), and as a consequence we never really got to know or care about the principal players...or the movie (ouch).  D",neg,negative,neg
"Red dust is both well acted and well made but what the movie is about i think will bore many viewers as it did to me. There was a film that was out earlier called ""in my Country"" with Sam Jackson and it was not that well received and both films were about nearly the same exact thing, I do think Red dust was better because of the more interesting performances especially by future Oscar winner Chiwton Ejofor but the plot is just to lacking, it starts off pretty strong but then the film hits the viewers with countless un interesting court room sessions, this could have been a great film if the writing was not so lacking. But see if for the performances.",pos,negative,neg
"Visually beautiful with some fine music, this film otherwise has a fairly trite made for TV quality. The romance between two characters, which spans a cultural and educational divide, is simply NOT plausible. Of course, from early on we knew our persnickety heroine would lighten up, win over the locals, and find true love, but that doesn't make it any less woeful that the movie had to take such completely expected turns. This film had lots of promise, which makes it more of a shame that the promise was unrealized. Perhaps a nice under the blanket on a cold night freebie on cable, but I certainly wouldn't recommend paid rental or purchase. I'm sure the soundtrack is wonderful, though.",neg,negative,neg
"Don't worry   no spoilers here, just saying there is a very predictable plot. A couple decide to live in his father's love nest so they can write a book article newsletter on his fling with a famous tragic Hollywood starlet. This whole production ran kind of like a high school troupe doing an episode of ""Murder She Wrote"". The only acting I was sold on was the old fogy's they interviewed for sources in the story. Apparently the directors thought the movie was getting too long, so towards the end they stopped pointing their camera to a kind of creepy image of the starlet and brought in plot enhancers to wrap this thing up. Don't waste your time   even the tried and true horror intrigue classics fail in this movie.",neg,Negative,neg
"Although not the most technically advanced film I have seen, this was a fun and enjoyable couple of hours. The main characters are sweet and you really get to like them, and feel something when Susie Q. has to go, but feel good again when she returns as Maggie. Lots of stock dialogue, and a contrived plot line, but most of all, LOTS OF FUN.",pos,positive,pos
"A very intelligent and exciting thriller that doesn't rely on action but on situation, which is all to rare these days. I would compare this film to The Day of the Jackal, another film about the pursuit of a dangerous international criminal. The acting across the board is superlative   Aidan Quinn has a tricky double role as the vicious terrorist Carlos and as the Navy man who impersonates him. Donald Sutherland plays the amoral CIA agent who hires him. Ben Kingsley plays the Israeli officer who assists in the plan. This is a very tense and effective film, and it's remarkable considering just how little action there is in it. The first half of the film is all set up, as the Navy man prepares to impersonate Carlos. The second half is a breathless actioner, the action coming out of the characters and their situations, thus making it all the more gripping. A really tight film that shouldn't be overlooked.",pos,Positive,pos
"I just saw this on cable. I liked it. It held my interest and the dramatic choices were good. The old couple were very good and good at being subtly creepy. The cinematography is not so great, but the shabby video also adds to the sense of realism, so its a trade off, you know? At times the girl would hit the New England accent to hard. The accent would sort of come and go. Anyway, I thought the film was well done overall, though. The storyline was strong and dramatic tension was held because you felt their was some subtle mystery going on, even though things seemed mundane. Good job on a low budget. Another good SUNY Purchase filmmaker. Way to go.",pos,Positive,pos
"hi i am john and i would like to tell you all that my dog was in this film at the baiting screen he was the pit like one, that was going to bite the man chained up. my dogs name was Colin and he stayed away filming for a week for this film. he was also in other things like crime watch uk and some other small parts. he won some dog shows but he has passed away now i miss him he was a great, true and loyal dog and we had some great times together but he got cancer which could not be treated so i had to get him put down that was the worst day of my life i hope this gives you some thing to look for in the film if you watch it again. thanks all",pos,negative,neg
"Ravi Chopra wrote this film 40 years back, wanted to cast Dilip Kumar in the lead The film finally was re written and made in 2003 and hence the subject looks dated and too superficial at times Like the reason Amitabh Hema separate is too superficial even the way the youth are shown is too bad like Gulshan in AVTAAR The message though comes well but things are presented in a clichéd manner Salman's character is the worst, looks straight out of a storybook while the climax speech of Bachchan is good and also the final of not forgiving the sons is good Ravi Chopra does a good job Music is decent, the songs sung by Bachchan stand out Amitabh excels like always, he has played an elder stern father earlier but here he plays a victim and portrays it well His last speech is great Hema is good in her part Aman Verma stands out Samir Soni is okay, Naseer and the rest sons and wives are decent though Divya Dutta stands out Salman Khan is fake, Mahima is okay Paresh and Lillete are lovable",neg,negative,neg
"It's perfectly ok that people dies in an animation, but there are just way too many death in this one. Start from the very beginning, the story is all around battles, fights, death, and revenge. It goes on and on for entire one and a half hour. It was interesting at the beginning, but I grew very tire after before the show was half way through. Unlike other animations, this one is lack of humor. There are not many interactions between the characters either. The good thing about it is the sword fight scene looks pretty good and the characters look nice.",neg,negative,neg
"This derivative erotic thriller remains watchable most of the way, mainly because a viewer is casually curious about how it will turn out, and because the director, Peter Hall, manages to stage a pretty hot (and quite bold) sex scene. But the finale, though unexpected, is preposterous, and the whole plotting (complete with childhood traumas and multiple personality disorders) reveals itself to be unbearably cliched, especially as far as motivation is concerned. (*1 2)",neg,negative,neg
"The Story: Alain, a French policeman, is shocked to discover that he had a twin brother when his body is found in Nice. Investigating the murder, he finds out that he was in possession of a list that details the deeds of the Russian Mafia. Helped by his brother's girlfriend, Alain dodges Russian gangsters & corrupt FBI agents while trying to find the list. ""Maximum Risk"" is another one of the long list of action films that feature Jean Claude Van Damme. As far as things go, it is strictly formulaic. The script sticks to the clichés & the acting is mediocre. There are some nicely done action sequences, with an inventive car chase, a fight in a burning building, an escape through rooftops, a brutal fight in an elevator & JCVD fleeing his enemies over an elevated train line. Director Ringo Lam keeps everything going at a reasonable pace.",neg,Negative,neg
"Oh, God! Why didn't you give this money for charity? I thought I saw the lowest crap by now, but I was wrong! Who did this script, anyway? A retarded? Who did this cast? I can't believe that there are people that spend money and time to do garbage like that! I was under the impression that I'm watching a porn movie, only without sex scenes, that bad was the so called acting. Onestly, did this film have a director? I believe not and I'm convince that everybody had upon them a page with some lines and red it in front of the camera. I can't explain myself how all the characters in this garbage died without a fight. Nobody can do lower than this! Please, erase it even from IMDb! Bleah!",neg,negative,neg
"Wow !! I didn't even know about this movie until I was searching for the name of another Mark Hamill classic (Time Runner). Some things are better left unknown. Mark Hamill's role is quite ... limited. I would compare his appearance in this movie to all those appearances of Vincent Price and Christopher Lee in those bad horror b movies of the 60's and 70's. In those movies, they appeared in the the first and last 5 minutes of the movie. Memorable acting by Mark with such great lines as ""Don't try to run. You're under arrest."" Did I mention he says that EXACT thing more than once. Bill Paxton fell into an Uzumaki type spiral of drugs and booze after Aliens, because he ended up in this movie after waking up on the set after a binge session. The HAIR .. the HAIR !!! .. Priceless Bill. Truly should have been ""GAME OVER"" for Bill .. but somehow .. he got treatment .. and went on to better??? movies. This movie blows. It is more dull and boring than The Crazies. At least that movie was crazy... this is just boring. DO NOT WATCH THIS MOVIE SOBER.",neg,negative,neg
"Dr. Markoff is a mad scientist who is experimenting , trying to find a cure for a viral cause of acromegaly. When he attends a piano concert, he is stricken by the beautiful daughter of the pianist and sets out to woo her. But when she wants nothing to do with him, he infects her father with the acromegaly virus in an attempt to extort money and his daughter in exchange for a cure. That is the basic premise for this B grade low budget thriller. I have to say I was underwhelmed by this movie. Not that it was terrible it wasn't, but there was nothing particularly noteworthy about it either. It was entertaining enough for a viewing but is not one that will stay in my memory. The dialog is a bit corny at times and the acting is just mediocre. The story is fairly predictable and doesn't really give us anything new. Of course, I can't complain too much about a movie that has a guy in a gorilla suit who serves almost no real purpose and a doctor with a Svengali like stare that fails to mesmerize his victims. It may be worth a watch if you like this sort of movie, but don't go into it with too many expectations.",neg,Negative,neg
"For a really wonderful movie, you could also try seeing the movie about Saint Francis of Assisi   good for any audience. Best thing I liked about this movie was the Mexico landscape, & it gets the movie up to a 2. I was surprised that these actors didn't have terrible sunburn, they were so were not desert dwellers. And Moses is said to have a speakING impediment, but certainly not here. Even the ""miracle"" scenes were contrived & un believable. And what's the point if you can belief anything in a TV story? Talk about dumbing down, I thought this Hallmark made movie was pathetic, & I can see why others hate Hollywood. I don't, just some of these corporate profit grubbers. You don't have to be any kind of religious to benefit from ""Jesus of Nazareth"", but for this waste of celluloid you need to be bored, with nothing to do, dumbed down & religious. And for a real movie experience, try ""Short Cut to Nirvana"", a very highly rated film.",neg,Negative,neg
Saw the move while in Paris in May 2006 ... I was debating between that and mission impossible...I am very glad I choose OSS 117 not only because it was funny but might as well watch a FRench movie while in France. I had a great time... would recommend it. It is important to have some understanding the French society of Today to really enjoy the humor of this movie ... cannot wait for the DVD to come out... I don't know how some of the 'jeu De mots' 'puns' would be translated in English I 'll certainly buy it when it is out! P.S. I saw on 'BRice de Nice' which is a movie starring Dujardin that all kids were talking about in France. this movie is a comedy but sillier than one can imagine...in comparing both movies I have to say that Dujardin did a good job in OSS 117.,pos,Positive,pos
"I thought this movie was great, if you didn't take it too seriously. Just sit back and enjoy Hilary Swank in all her greatness and laugh when the monks go to Boston, MA. I also think this movie has a great message about self control and inner strength. Plus Mr. Myagi was so sweet, I wish he'd teach me karate!",pos,positive,pos
"So many times, Bollywood has tried to remake Hollywood hits, only to produce total duds. Mercifully, Yash Chopra's interpretation of ""Sleeping with the Enemy"" is an extremely stylish and well made films. Shah Rukh Khan is obsessed with Juhi Chawla (who's looking her very best in here!). When he realizes that Juhi has a fiance in Sunny Deol, he stops at nothing to make sure she becomes his. Every frame of this film is a delight to watch. Whether it's Shah Rukh chanting his trademark ""I love you, K...k...k...kiran!"" or the feel good mushy scenes between Sunny and Juhi (who make a perfect match), you won't feel like leaving your eat in boredom. Each and every song on the soundtrack is ear pleasing, especially Jaadu Teri Nazar and Tu Mere Samne. Like I said, Juhi looks like a Goddess in this film. Darr may not be SRK's best film (that honor goes to Baazigar), but it definitely figures as one of his most flawless performances! Sunny is OK. He's done similar roles before, but he's good. Overall, Darr is g...g...g...great! ;)",pos,positive,pos
"I first saw this movie at a premiere party in Mr. Zwarts hometown Fredrikstad. There, between directors, musicians and other Norwegian celebrities I laughed and laughed... I just couldn't stop. If you like a comedy with black humor, sharp lines and excellent acting   this is one flick you HAVE to see! It's like mixing ""True Romance"" with ""The Wedding Singer"" and add a dash of ""Mad about you"" Hilarios! 10 Points!",pos,positive,pos
"This film is a classic seventies cop flick that for some reason has been sadly overlooked. It is basically French Connection meets Bullit. Roy Scheider plays the head of an elite group of detectives, known as the ""Seven Ups""  One of their men is discovered during an undercover op and is killed. Scheider and his team must find his killers. They become involved in a battle with the mob. The highlight of the film has to be the car chase, obviously included to cash in on the success of Bullit. However, this car chase outshines Bullitt due to its length, speed and sheer excitement.It's a breathtaking roller coaster ride that ends rather unexpectedly and spectacularly. Don't miss this little gem !!",pos,positive,pos
"I grew up in the 90s; therefore, you must understand that i witnessed firsthand the premiers of the greatest DCOMs. I was there when Brink! appeared, Zenon, Halloweentown, Johnny Tsunami, etc, These movies constitute my childhood. When these movies came on, not only myself but whoever I was watching them with would stand completely in awe for 1h30, talk about it for the week to come and catch it again the next weekend. I don't think words could express the amount of excitement Zoog Disney brought.  Even when I watch them now, the dialog doesn't seem that bad (so effective in fact, that I actually remember parts of conversations literally word per word, from movies I saw over ten years ago). The characters are believable, funny, granted a little stereotypical but that's what makes Disney's charm...  I sat my little brother down in front of the Disney channel to try and convey and make him understand my feelings for DCOMs. Enter Stuck in the Suburbs... my brother looked at me slightly puzzled, asking me if I had always been gay. I feel more disappointed and betrayed now than, what could I compare this to?, when Han Solo found out Lando sold him out to Vader...  Half the movie, and I'm not exaggerating, is flashbacks. There is no talent in these young actors (some of which are older than I am) whatsoever. The plot is ridiculous; it feels like a bunch of old rotting corporate people over at Disney sat around a table and asked themselves ""How can we seem hip to these youngsters?"" OK, maybe all the DCOMs were like that, but they at least made a little effort to not let us realize they think we're complete idiots.  And apparently this type of movie works... Stuck in the Suburbs is rated almost as much as Zenon or Airborne. How is this possible? DCOMs got even cheesier and people prefer them now? (though apparently the lack of curse words is enough to give it 10 10 for some people) Christ, it's a completely different generation.",neg,negative,neg
"This movie was so bad it was funny! For awhile there I thought I was actually watching a parody of a bad movie (a la ""For Your Consideration""). The ""cliffhanger"" scene at the end had me laughing until my insides hurt. The script was dreadful enough, but coupled with Sean Young's terrible acting    especially while she explains the entire plot in great detail (complete with flashbacks) while dangling off a cliff    makes it a truly classically bad movie worth watching! In fact the fakey shots in this scene reminded me of an Ed Wood movie. I still can't believe how this thing got made. First of all, how did such a bad script get the green light? How did star actors get attached? Were they at low points in their careers? Questions, questions.",neg,Positive,pos
"I own a copy of this film and have always loved it. I comment here, however, because I saw the PBS presentation of a concert version of Sweeney Todd earlier this week. That production was put on by the San Francisco Opera and starred George Hearn and Patti LuPone. In the early '80s Hearn replaced Len Cariou as Sweeney (Cariou had won the Tony for his performance). I saw Hearn and Angela Lansbury (who also won the Tony for her performance as Mrs. Lovett) perform Sweeney on broadway. They must have made the film at about the time I saw the show. To this day, the most moving moment I can ever remember in the theatre occurred when Hearn sang ""These are my Friends."" (""These are my friends, see how they glisten."" ""My arm is complete again!"")  Hearn's performance in the San Francisco Opera production convinced me that he has lost nothing in the nearly twenty years since I first saw him perform the piece on Broadway and later in the film. What a talent! He is sympathetic, funny, and scary    all at once; and he can sing, boy can he sing. All of this reminded me of how terrific the film is. Highly recommended. Ten out of ten.",pos,positive,pos
"Can't get much eerier than Flatliners. This deep, dark film had my heart pumping throughout. The lighting is dark and will get you in the mood for a death defying experience, literally. Keifer is in top form as he is today in 24. He's a great actor and he plays a very convincing and shocking role you won't forget for years to come. And what can you say for the rest of the cast? An all star lineup, Julia is hotter than ever, Will, Oliver, and Kevin light up the stage in this thriller that will keep you gripping your seats. It's a refreshing sight to see a true thriller, with top notch professional actors. You won't regret seeing this 2 hour seat bender.  JL",pos,positive,pos
"The book is great. It's one of my favorite books ever. The film, on the other hand, is amazingly insipid and bad! When I heard Damon would play Ripley, I knew this production was doomed. But I didn't expect it to be this bad. The actors go around and act very showy. Except for Law (and even he is guilty of some showy acting), all the actors here are near amateurish. Speaking Italian and moving one's arms or hair about shouldn't be considered as acting. Damon is miscast. He's way too stiff for a character that's supposed to be a chameleon. Paltrow is forgettable and Hoffman plays yet another effeminate slimy character. Talk about typecasting. What's really unforgivable about the script (written by the overrated director) is that it completely forgoes every subtle details from the book and comes up with many of its own, and none of them work! The addition of the Jazz music stuff is totally WRONG! I guess Minghella's idea of Italy in the late 50s, early 60s is clouded with images of Chet Baker roaming the Italian countryside and spreading amore. Yep, Minghella is a true visionary. The film is so bleeding obvious. That silly scene when Ripley drives through the narrow street full of mirrors. Very laughable. Yes, we get the point!!! Every point or detail comes across a mile away, so much so that the film might give the audience the false impression that they have psychic powers. We know, for example, that the Blanchett character, introduced at the beginning of the movie, will return later on only complicate things. And the soundtrack, at times, is totally inappropriate. Whimsical when it shouldn't be. The film goes on for too long and in all sorts of pointless directions. There are too many boring characters populating the landscape (many that weren't in the book). This film is bad! Really bad! Apparently, Minghella's son told his father that the Ripley novel was his favorite. Mr. Minghella then proceeded to direct it as a favor of sorts to his son. Well, the director did achieve what he set out to do: Talented Mr. Ripley, with its Hitchcock aspirations, is a film strictly made for 12 year olds!",neg,Negative,neg
"Good lord. I'm going to say right off the bat, I only watched 20 minutes of this movie. As I am a hardcore Eraserhead fan, the ""what, you can't watch a wierd black and white movie with little to no dialogue?"" defense does not apply. I simply can't watch TERRIBLE weird black and white movies with little to no dialogue. This movie is what happens when you give an angsty goth child with no talent and nothing to say a camera and budget, and let him her put as much meaninglessly offensive imagery on screen as possible. It was clear from the start that this film should have been 5 minutes long (assuming it should exist at all). Shots that should last a few seconds drag on for minutes, because the director has ""I Just Love The Sound Of My Own Voice"" syndrome, and refuses to cut to another shot until the entire piece of footage has been viewed. From the moment the girl in the mask started masturbating the corpse of ""God"" (the opening scene of the film! joy!), I knew it was only a matter of time until I turned off the tape. After at least 10 minutes of a different corpse being pulled around, twitching, on a rope, by a gang of cloaked mystery men, I knew it was time to give up. Rarely do I give up on a movie. I sat through the entirety of Blair Witch 2: Book Of Shadows, albeit not happily. This did not deserve the 20 minutes I gave it. If you're an Eraserhead fan, do NOT let simple minded comparisons to said film con you into renting this piece of amateur trash. Allow me to refer you to Tetsuo: The Iron Man, for a watchable and enjoyable piece of incoherent black and white weirdness.",neg,negative,neg
"This must be one of the most horribly titled films of all time. The kind of title that ruins a film because it neither evokes the plot nor the characters. A title like this makes a film flop, even the French title is not much better. Too bad   Truffaut & Deneuve must have been enough to sell it.. This is a long film, but largely worth it. Clearly influenced by Hitchcock, we have an intercontinental story about a personal ad bride, her rich husband, a theft, an identity switch, and obsessive love. The plot here is actually very good, and takes us on an unexpected trip. The thing that works both for and against the movie is the focus on the relationship. It is an interesting study in how these plot developments are played out in ""real life relationship"" with these two people. Unfortunately, this is what bogs the film down, and makes it ultimately dissatisfying. We do like films to have a real sense of finality, and that is missing here. It was the case in many of her films that Deneuve became a canvas for Directors to play their fantasies out on, and this time it doesn't work as well. Messy here, is the fact that the Director clearly just wanted to have Deneuve take her top off a few times. Deneuve is an actress who always seems very deliberate and thoughtful, so these attempts to make her seem spontaneous fall flat.  Basically, the script needed to be worked out better before shooting began, to make this film tighter and shorter and to snap. But Truffaut didn't snap, did he? So   it wanders a bit, but remains interesting.",pos,Negative,neg
"Latter Days is a very, VERY independent movie. And compared to many of today's more modern films, it's lacking on many parts. The shooting seems at times quite amateurish, the dialogues can be a bit chopped up and the characters are not impressively complex. So, don't have too high hopes for this movie, because as I've said, it's very independent. But whatever it lacks in the concrete aspects of the film can be overlooked because of the story's charm! I cannot claim that the plot is outstandingly original, but the story is still beautiful and heart warming in many ways! It's not about being gay versus being straight, it's about faith, and how you decide to run your own life! It's a silly story, that makes you want to both cry and smile at the same time! So to be honest, Latter Days is far from perfect, but I truly loved the movie and I highly recommend it! It's very critical towards the religious aspects of our society, and there is homosexuality involved   but approach it with an open mind, and I'm pretty sure that most people will enjoy it as much as myself!",pos,positive,pos
"My children, DD 7 and DS 10, enjoyed the movie so much they were squirming in their seats. It was good, old fashioned, Rated G, family fun. This movie was made for kids.... someone really understands them. It was fun to see Julia Roberts, Brice Willis, Garth Brooks and the other stars make their cameo appearances. As someone who lives in the city the fictional ""Big Texas"" was modeled after, I can say that they did an honest and accurate portrayal. The kids looked like kids, not like superstars. I hope everyone supports this movie to send the message to Hollywood that we need more movies like this. Go see it, then spread the word!",pos,positive,pos
"Being (somewhat) an independent filmmaker myself, I really understand what these guys were trying to do and it sounds like a good idea. On paper. On 16mm film, however, it's awful. I didn't realize the thing was made in the mid 90's because the film was so grainy and bad I would have sworn this was one of those 30 year old flicks where a porn producer tried to go mainstream. And the sound! Ugh, I don't know what kind of mic they were using to record but it sounds like someone is walking over dead leaves throughout the entire thing. I guess I shouldn't judge too harshly, after all, how many feature films has MY company put out? None, but I'd like to think that we'd at least have good picture and sound quality to go with our poor acting, writing, and directing. A+ for idea, F   for execution.",neg,Negative,neg
"I think this is a great, classic monster film for the family. The mole, what a machine! The tall creature with the beak, the flying green lizards, Ranthorincus mayas or whatever they are and the ape men things the speak telepathically with them. The battle of the men in rubber suits fighting for a doll for breakfast umm! yummy! Class, what else can I say? How would they make a 2002 remake of this one?",pos,Positive,pos
"I will admit I possibly missed tiny moments when I wasn't paying proper attention, but I got enough of the story to agree that it is a great family film, from director Lionel Jefferies, who played Grandpa Potts in Chitty Chitty Bang Bang. Basically it starts with a happy upper middle class family living in Victorian London. One night the Father (Iain Cuthbertson) is visited by two strangers, and he leaves with them, and does not return. They move to a cottage in the country, and here the children; Bobbie (Jenny Agutter, who I first saw in Child's Play 2), Phyllis (Sally Thomsett) and Peter (Gary Warren) keep their spirits up, with their fascination for the nearby railroad. Everyday they wave faithfully to the passengers in the passing trains, and with courage and vigilance they also avoid an accident and are made heroes. Their kindness makes them friends, including important people who can help find the mystery of their missing father. Also starring Dinah Sheridan as Mother Mrs. Waterbury, Bernard Cribbins as Albert Perks, William Mervyn as Old Gentleman, Peter Bromilow as Doctor Forrest, Ann Lancaster as Ruth and Gordon Whiting as Russian. It was number 29 on The 100 Greatest Family Films, and it was number 24 on The 50 Greatest British Films. Very good!",pos,positive,pos
"This is an astonishing film: a romantic thriller with a convoluted but perfectly constructed and devastatingly symmetrical plot, brilliantly buttressed by the use of recurring visual motifs. Everything in it is beautifully filmed: the women, the apartments; but more amazing is the devastating juxtapositioning of images, almost every scene has echoes of another. This is a story told in light, in colour, in many almost parallels. Every time I watch it, it fills me with delight. The acting is great too. Romane Bohringer is stunning as a woman on the verge of a nervous breakdown: everything about her changes with her mood. Vincent Cassel plays a very different role to his part in La Haine; but no less excellently: shifty and sympathetic at the same time. And Monica Bellucci   ah!, Monica Bellucci, well, put simply, she plays (is?) the world's most perfect woman. There's one small scene about three quarters of the way through where she does nothing more than smile; yet in that instant, says more than hours of Hollywood junk. One cannot do justice to this film without at least mentioning the superb, sequential climax: sad, shocking, ironic and subtle in turn. But if one moment captures the brilliance of this work, it's the scene at the start of this fabulous denouement, the prospect of which has been teasingly laid before us throughout the entire story. Yet when the moment comes, it is handled so delicately, so briefly, so deftly, that on reflection it makes you gasp. Only a director of staggering confidence would dare to underplay this vital point. But the confidence is justified. Cinema doesn't come much better than this.",pos,positive,pos
"This is a fantastic film. The acting is some of the best I've seen. Tatyana Samojlova is obviously very beautiful, and she automatically draws you into the film with her believable acting. The The cinematography was extremely ahead of its time. Watching it, I could see parallels of cinematography used today. This is truly a groundbreaking film. Because of the cinematography and acting, the audience can feel the change in tone from beginning to end as the tone in the environment in the movie changes. It's a very touching and powerful piece. My friend told me it was must see, and I definitely agree with her. This is one of those films that you watch and never forget. Everyone should see this intensely moving film. This should be put on everyone's ""Movies to See Before ________ (whatever)"" list.",pos,Positive,pos
"It should be noted that this movie was not ""improvised"" (as you're probably thinking of it), despite what the title at the end suggests. The movie was heavily scripted and rehearsed   Cassavetes didn't have enough money to support the inevitably high production costs of an ""improvisational"" sort of movie, even if he had wanted to produce such a thing. The ""improvisation"" of the movie is contained in the actors' performances, and the emotions that they draw out of the lines. That said, allow me to say that this is a stunning work that I'm sure I'll come back to again and again. The depths of emotion that Cassavetes is able to draw out of the smallest gestures and interactions is incredible. I have no idea how he was able to direct such amazing performances out of the actors, especially under the conditions he worked. This is truly a magnificent landmark of film that I would recommend to anyone interested in exploring beyond the Hollywood mold.",pos,Positive,pos
"I first saw ""The Knowledge"" during a Thames Television marathon on one of the local independent stations in Los Angeles back when it was new. I enjoyed it very much along with danger UXB. That a movie I saw once over twenty year ago should stick so well in my memory is a testament to it's originality and the quality of the performances by the cast. I looked for a DVD copy here in the U.S.A. And found none. I finally gambled and bought a UK DVD off Ebay and was delighted to find that it has no Region Code. So those of us that would like to see this little gem can get a copy.",pos,positive,pos
"How i deserved to watch this crap??? Worst ever. The acting was awful, when i read that this was a comedy i expected at least to smile, once   or twice, but.... If you are wiling to loose hour and a half of your lives, this is the right movie. I recommend just look in a wall or something, anything else but watch this ""film"". Yoy can even watch a documentary (if you are a guy) about pregnant women, i guarantee it will be more entertaining :)The actor in this one (i forgot his name) is not that bad, and i am surprised how hi accepted the role. Anyway ""I want someone to eat cheese with"" is the right film if you want to punish someone.",neg,Negative,neg
"My daughter liked it but I was aghast, that a character in this movie smokes. As if it isn't awful enough to see ""product placement"" actors like Bruce Willis who smoke in their movies   at least children movies should be more considerate! I wonder: was that intentional? Did big tobacco ""sponsor"" the film? What does it take to ban smoking from films? At least films intended for children and adolescents. My daughter liked it but I was aghast, that a character in this movie smokes. As if it isn't awful enough to see ""product placement"" actors like Bruce Willis who smoke in their movies   at least children movies should be more considerate! I wonder: was that intentional? Did big tobacco ""sponsor"" the film? What does it take to ban smoking from films? At least films intended for children and adolescents.",neg,negative,neg
"I cannot believe I enjoyed this as much as I did. The anthology stories were better than par, but the linking story and its surprise ending hooked me. Alot of familiar faces will keep you asking yourself ""where I have I seen them before?"" Forget the running time listed on New Line's tape, this ain't no 103 minutes, according to my VCR timer and IMDB. Space Maggot douses the campfire in his own special way and hikes this an 8.",pos,positive,pos
"Wonderful songs, sprightly animation and authentic live action make this a classic adaptation of a classic tale. A nice British feel which sets it apart and above from the standard, saccharine sweet Disney cartoons.",pos,positive,pos
"I was excited to see this show when I started seeing the promos on A&E. I've been fascinated with ghosts and the paranormal since I was a kid, and love catching ""Ghost Hunters"" when it's on (SciFi Channel). I've tried to watch three episodes of ""Paranormal State"" and only use up my time commenting on it because it's so bad and perpetuates the notion that anyone who believes in the paranormal is a gullible freak. ""Paranormal State"" is beyond cheesy. Cheesy ""Director's Log"" voice overs that will leave you wishing for Captain Kirk. Cheesy teasers going into commercial breaks that are taken completely out of context. Everything paranormal on this show is automatically assumed to be ""evil"" and the work of a demonic spirit. Then come the exorcists, demonologists, psychics ... like in ""Poltergeist"" you almost expect the team to leave and say ""This house is clear."" I very much appreciate the ""Ghost Hunters"" approach, where they go in to disprove claims, then take away what they can ... and they are almost always reassuring to the client (if they find anything) that haunted does not equal evil. ""Paranormal State"" is not ""so bad it's good"" ... it's just plain bad. Didn't A&E used to stand for ""Arts & Entertainment""? The art part has long been gone, and the entertainment factor is now waning as well.",neg,negative,neg
"I've expected a comedy about the NVA, but this is a parody. It shows the national army of Eastern Germany in a light that is not appropriate, and definitely not true. One can make a comedy about everything, as long as the underlying facts are not changed. Even a comedy about the German KZ is possible, as Roberto Benigni with ""LIFE IS BEAUTIFUL"" has shown. The movie NVA would be an ""OK"" comedy, because the jokes in it are overall OK. Nothing special   not hilarious, but enough to live with it. The point is, that the movie makes a farce and a parody about the NVA. A death machine that was ready to attack WESTERN EUROPE along with it's friend the RED ARMY. An institution that used everything to get the utmost from it's soldiers. An army that marched into the CSPR in 1968, and was ready to march also in POLAND to destroy the SOLIDARNOSC. You can't make a movie without showing the tiniest bit of evil, or would you make a parody about a KZ,Guantanamo or 9 11??? Showing Osama bin Laden as a funny screwed guy? 90 minutes about a funny Osama in a Afghan Taliban camp, where he makes jokes and is training his soldiers would be comparable to what this movie is doing about the NVA!",neg,negative,neg
"I give this nonsense a 2 instead of a 1 because there is a worse show called Haunted Homes. But this kid and his buddies conduct their investigations like total idiots. They assume that there are ghosts from the get go and if they ever find rational explanations behind the experiences they have to be drug kicking and screaming into admitting it. But beyond that, the show's whole format is incredibly annoying. Even though a lot of it seems scripted, the college educated kids who make up the the cast can barely speak English but still insist on trying to use ""big"" words they obviously don't understand. And head investigator Ryan's ridiculously self important voiceovers make me just want to throw the TV through the window. (and he looks stoned all the time). In short, this group make the guys from TAPS on Ghost Hunters look like MIT scientists!",neg,Negative,neg
"trying hard to fit into the scary space comedy genre, this film falls down in two of these. It does indeed take place in space   but it is neither funny or scary. The plot is dismal and the one joke, concerning the computer's intellect, is overplayed to death. Saying that Paul Whitthorne as Ethan, Angela Bassett as Fran and Brad Dourif as Al Bert make the best of their ham script. The homo esque relationship between Ethan and Al Bert is hinted at but never explored whilst the attempt at sexual tension betwen fran and rick is so crude as to be laughable. All in all this is a turkey that is best suited to late night tv, preferably whilst do the ironing.",neg,negative,neg
As kids movie it is great. For the family it just sucks. I was truly hoping for something like the Goonies which is a great film for all ages. This movie was just geared too much to the kids with the silly script and characters calling each other little names like booger breath. ??? Alan Cummings was however a delight. And why do people compare Willy Wonka to this movie...just because there is a theme song closely resembling the Willy Wonka song doesnt make this film anything like Willy Wonka.,neg,Negative,neg
"I also saw this at the cinema in the 80s and have never forgotten it, even though I have never seen it again anywhere.  I don't know whether if I did see it now it would seem dated, but remembering the storyline and comparing it to some of the terrible modern films I've seen on Zone Horror I should think it would stand up very well. I can still remember his coffin sliding out and opening up and all the dead bodies becoming reanimated, and the blue lightning. Having seen hundreds of horror movies and still remembering this one, it must be good.",pos,Positive,pos
"If Daphne Du Maurier had set REBECCA in 1950s San Francisco, it might very well resemble this uptight, highly unusual noir from Robert Wise. Valentina Cortese plays a concentration camp survivor who steals the identity of a dead woman and insinuates herself into the life of Richard Basehart (who happens also to be the guardian of the dead woman's son)...it's absurd and over the top but also topflight entertainment. Cortese is terrific, slowly falling apart as she realizes the mistake she's made. Basehart is fine if a bit bland...although the lighting toward the end makes him appear very menacing. Fay Baker makes a very good Mrs. Danvers like caretaker. Wise is a fine director and he keeps things moving at a pretty brisk clip. He also stages a now classic out of control car crash with Cortese (or at least a stunt Cortese) at the wheel.",neg,Positive,pos
"A truly remarkable film that takes you on a journey through your hidden emotions,a deep and enlightening story. The story takes you through the lives and beliefs of gay and religious cultures, with excellent performances from an superb star cast. It will touch the deepest reaches of your emotions, for those who belief that a love that risks nothing, is worth nothing. The film starts with introducing us to the characters that on the surface seem to have everything ,later we find that beneath the surfaces of each character they are looking for a journey of self discovery. We learn from this story that we all must chose the path in life that we are destined to be on despite what difficulties we encounter,an all thumbs up film!!!!!",pos,positive,pos
"This is a very famous Ninja movie but it isn't a nice movie. If you want to see some ninjas and some figures, want to know some things about Ninjas see this movie. This movie only for ninja fans and who wants to make nostalgia. First 20 minutes and last 20 minutes of the movie are best. You can just see Ninja figures and fight in this scenes. Between these are below the average, nearly bad as a movie. Acting is bad. Sho (black ninja) is the best actor in this movie. Frank Nero is a good actor and charismatic but he cannot fight good. Scenario is also not good. Its so simple. Franko Nero comes near to his best , old friend from army and war. He also protects him from mafia but he is having sex ( go to bed ) with his wife and his friend knows this but don't say anything to Nero negative. Is this possible in life ? What a friendship ! Finally this movie started a genre ; Ninja movies. Also there is the ninja master Sho Kasugi but some fighting scenes are not realistic and not fast even with shoo. This film is below the average even it is a classic.",neg,negative,neg
"Possibly the best John Travolta role ever. Saturday Night Fever was a great movie & role, but a LONG time ago. I can't think of many of his movies or roles I've even liked, and it's easy to think of rotten ones. He can do meanies like in Pulp Fiction, but he makes the perfect funky angel, and it's hard to imagine anyone doing a better (equally slobby) job with it. Plot summaries are available everywhere, but the plot isn't the point. Just go for the ride and enjoy the cleverness of the little funnies along the way. There is nothing to dislike about this movie, unless one is searching for something profound. I wish there were more movies like this. We need a break from deep or awesome or grisly or complex or hysterical.",pos,positive,pos
"One of my absolute favorite childhood films. The Chipmunk adventure packs incredible fun geared for young and old alike. The animation is lively and colorful and the film itself boasts some of the best songs ever put in an animated feature. Who could forget the dynamic ""Boys Girls of Rock n' Roll"", the exciting ""Diamond Dolls"", and the heartrending ""My Mother""?  This should be considered a nostalgic classic animated gem from the eighties. It's too bad they don't make them like this anymore. Most animated films today resort to violence, crude humor, or sentimental mush... except of course the folks from Pixar. BOTTOM LINE: An amazing and unforgettable adventure for all ages.",pos,Positive,pos
"This is a great film in many different ways...perhaps the most important is that it introduces Western audiences to the remarkable, tragic story of Aung San Suu Kyi and her fight for freedom and democracy. Wonderful acting, gorgeous cinematography, breathtaking action and suspense: ""Beyond Rangoon"" has everything. I've seen this movie several times over the last ten years and each time it means more to me. Not everyone will like it (hence the relatively low rating on IMDb), but that's because it is not conventional Hollywood dumbtainment; rather, it challenges the viewer on several levels. I've never watched it without sobbing at the end and promising to live a more meaningful life.",pos,Positive,pos
"The final installment sees Sho Aikawa and Riki Takeuchi (looking cooler than ever in his reversible overcoat!) pitched against each other for one last battle, this time in the future. The plot owes a lot to Blade Runner, but done in Takashi Miike's low budget, frenetic, comic style. I did feel that it was the weakest of the three DOA films, and although the ending was still outrageous, it lacked the shock value of the previous two. Compared to the likes of Ichi the Killer and Visitor Q, DOA:Final is nowhere near as extreme, but is faithful to the other two films in the trilogy. That said, fans of the first two (and fans of Miike) will get a lot from this as it ties all three films together and gives a final explanation of the relationship between the two protagonists.",pos,Positive,pos
"...But not this one! I always wanted to know ""what happened"" next. We will never know for sure what happened because GWTW was Margaret's baby. I am a lifelong fan of Gone With the Wind and I could not have been more repulsed by the movie. I did compare ""Scarlett"" to the original GWTW because any film worth following GWTW needed to be on the same quality level as the first. Rhett was cast beautifully, although NO ONE will ever compare to Mr. Gable. I am also a strict Vivien Leigh fan!! She WAS Scarlett. She fit the bill. Not another actress in this lifetime or another will ever fit the same shoes but with ""Scarlett"" the job could have been done better. Not enough thought went into finding the proper Scarlett, that was evident. Overall, something to look to but if you want to know the what happened to Scarlett and Rhett, I suggest writing it yourself or finding fan fiction. This movie is not worth the time.",neg,negative,neg
"Totally forgettable movie but an unbelievable soundtrack: I'd give it (soundtrack)a 9 out of 10. I have the CD and the guitar work (Nils Lofgren) is superb! I saw the movie years ago and had to check IMDb to remember what it was about. I obsessed about getting the soundtrack and have since had to replace it. It ranges from blues soul ballad to a dose of gospel. All songs written, arranged, produced and performed by Nils Lofgren who is the ""other"" lead guitarist opposite Steve Van Zandt in the E Street Band. This dude can play! The vocals are handled by Nils (he can't sing very good too raspy), Bonnie Sheridan (who is a great singer) and Tom Lepson.",neg,positive,pos
"This is a film that left me breathless........ wanting to learn more of the Afghan history and traditions. With todays ""evil doer"" mantra clouding reality, it was inspirational to experience the beauty of the people and their beliefs. Casting was impeccable, the scenery simply marvelous. The acting was first rate and the fact that the Academy overlooked this (except it's music) is unforgivable. The script is wonderful and such and emotional journey. Provoking an ""ugly cry"" from this watcher. A film worth watching a second and third time.",pos,Positive,pos
"Can they possibly get any worse than this? Probably. But after all Steven Seagal gets to do what he does. Well kind of; this time instead of mortally wounding the bad guys he just wounds them. By reputation of being a bad ass agent Seagal is hired to deliver a special package from France to America. But it is not an easy task with so many people trying to intercept and foul up the mission. The fights just don't have enough bite and the big bangs are just big and that's all. Anna Louis Plowman seems to be the only cast member not to appear wooden. Also in the cast are: Jeffery Pierce, Max Ryan and Harry Van Gorkum. Don't put all the blame on Seagal for this clunker.",neg,Negative,neg
"Governments are elected for three year terms, as Reg Whithers said in 1973, the Liberals were determined to continue forcing Labor to the Polls until they were defeated. If you ask me, this is portrayed in the docudrama, but, anyone who says Kerr acted properly in this fails to acknowledge the self serving and costly strategy of the Liberal Party of Australia. On the series itself, I though Max Phipps was a poor Whitlam, his voice was too ghostly. Also, more of the key political players on both sides should have been used, though this may have been a reflection of budgetary constraints at the time. Nevertheless, I recommend it, with caution.",pos,Negative,neg
"HLOTS was an outstanding series, its what NYPD Blue will never be, on HLOTS the plots are real, the dialog is real, the Relationships are real. With HLOTS back as a movie, Tying up all the loose ends, it was good to have all the gang back together, even a few that passed away show up (wont say how) The storyline was fast paced, emotional and full of the spirit the series had week in and week out. Homicide , Life on the Streets, Network drama at Its BEST!!!! 5 STARS!!!! Thumbs UP and all That. Thanks NBC for giving us the Finally we didn't get!",pos,Positive,pos
"If you ever visited Shenandoah Acres as a child and wondered, could there be a worse vacation spot in the world? Well, you could have watched this movie and had your answer. Flavia (a.k.a. Fistula) Macintyre's dude ranch is often frequented by business casual Gordon, at least since resident water witch, Jessica, was 13. But Jessica can find much more than fresh spring water with that divining rod  buried ""tray shure,"" lost jewelry, dead bodies, even a talisman that will keep her from dressing like a slut and raising drinks with a phony beat and a Suzanne Pleshette look alike while hypnotized by a disembodied head. Evil, evil evil.",neg,Negative,neg
"I can't actually think of one good point in this film. The story is absolutely terrible. THe acting is as blunt as a carrot, and the script is so bad it makes you want to kill yourself. OK fine if you love (and you have to love it to understand) snowboarding you might enjoy it microscopically better, as it has large mountains and some cool moves but apart from that it is terrible. It has some absolutely stupid ideas and it is racist with both black and white people insulting each others races. The only time you will laugh is when you are laughing at the stupidity or you are feeling embarrassed for the film. I have seen a lot of films and i have to say that this is the worst film i have ever seen. If you have this film i would suggest you take it back to wherever you bought it from and get you money back.",neg,negative,neg
This movie has everything typical horror movies lack. Although some things are far fetched we are dealing with quality snow man engineers. The only preview i can reveal is that i cant wait for Jackzilla. Dare i say oscar winner. This is a perfect date movie. I advise all men for a nice romantic surprise see this movie with that special person.,pos,positive,pos
"The movie opens with a scene that simply could not be. A man wakes up and while his wife remains in bed, he begin his morning prayers in his bedroom while his wife sleeps peacefully. Morning blessings are recited, but only the ones Gitai finds controversial. the rest are conveniently omitted. then while in philactories and a tallis he kisses his wife good morning!! This is not an accurate depiction of jewish prayer in any home, let alone a chassidic home. Amos Gittai is not interested in accurately portraying chassidic life. He is interested in adding to his ever growing list of melodramatic and empty films. The mikka (ritual bath) scenes are far from accurate and his jewish wedding was laughable as it does not even approach the atmosphere of a chassidic wedding. I have many problems with the chassidic way of life, but i have no use for Amos Gittai's commentary on these issues. He would have you think that the chassidim are all dense comformists with severe bouts of depression. I may not agree with the chassidic lifestyle, but i acknowledge that chassidic life has many layers. Amos Gitai is blinded by his own secularist pseudo intellectual stubborness and is therefore, incapable of portraying an accurate depiciton of chassidic life. Aside from his poor research and unbalanced portrayal of chassidic life, Gitai fails in other aspects as well. The plot is full of holes, the dialogue loaded with silence, the soundtrack is too repetitive and the acting while at times powerfull was too often loaded with melodrama. The movie drags on and on and the ending is not worth sticking around for. watch if you must, but be warned. If you want to learn about chassidic life go to the communities and talk to chassidim. Do not rely on Gittai's film!",neg,negative,neg
"I initially tuned in to Paranormal State because I (more or less) find the paranormal search genre to be interesting TV, if nothing else. I really enjoy Ghost Hunters because well over half of their investigations result in total debunking, and find Most Haunted to be hilarious with its use of mediums and frumpy British women with Paris Hilton day glo eyes fainting from fear demonic presences all shot in lovely night vision green. Paranormal State has none of this appeal. It feels like it was cobbled together from ""leads"" that Ghost Hunters rejected. The episodes ranged from trailer trash families and single mothers with emo adolescents sitting around and scaring themselves, to an ""interview"" with a 5 year old about the monster who lives in his room (the monster goes RAWRRR, we are told). All of these people calling upon a college club to solve their problems. The whole show is about Ryan and his partner, his enormous ego. He leads his troupe of doe eyed coeds around, except when a case is deemed ""too extreme"" and orders them to remain at the hotel HAHAHA. Better leave it to the pros, ie himself. The unwitting comedy of this show is all in how gullible the participants are. Ryan spins his tales of being hunted, followed, etc by a demon that he first encountered when the Catholic Church recruited him to assist on a case. Sorry, but the Catholic Church has people who can do that, they don't need the day shift manager at Quiznos to chip in his 2 cents. This show is awful, shame on A&E for bankrolling this silliness, trying to follow in the footsteps of some much better paranormal themed shows. It's almost unintentionally funny, except that Ryan is so arrogant and devoid of charisma that watching the show long enough to mock it isn't worth the trouble.",neg,negative,neg
"BLACK EYE (2 outta 5 stars) Unimaginatively filmed '70s action movie looks like it was made for TV... only the occasional cuss word and a subplot about lesbianism tip you off that the movie was actually made to be shown in theatres. Fred Williamson plays a tough guy ex cop who becomes a tough guy private eye. He stumbles upon a couple of murders and attempted murders linked to a mysterious cane. There are some fistfights, a Bullit inspired car chase, a fairly original elevator scene and even time for Williamson to confront the rich, lesbian lover of his girlfriend (Teresa Graves). There is also a scene with Williamson bullying a poor old man by tearing up some priceless old autographed photos in his memorabilia shop. Yeah, way to go, tough guy... maybe you can find a cripple to beat up later? Obviously meant to cash in on the success of ""Shaft"" (this and about six thousand other movies), this movie doesn't have enough edge or enough originality to make much of an impression.",neg,negative,neg
"Basically a road movie. The gay, transsexual, and other gender bender themes are rather disturbing, particularly when the child is involved. You do have to hand it to the costume designers. As for the actors, the only one I was familiar with was Terence Stamp. I suppose it was a very good performance, out of his (or anyone's) normal range. The movie as a whole was shallow, just a vehicle for the clever, bitchy banter. All in all, I don' recommend this one.",neg,Negative,neg
"Monster of Mexico I do agree is the weakest of the modern Scooby Doo movies, mainly because of the weak plot and how predictable it all was. Loch Ness Monster however, is a considerable improvement, with gorgeous animation, honestly Scotland looked beautiful. The music is good, and the plot is well thought out. Plus, there is some great dialogue, and the voice acting was fabulous, with Casey Kasem a consistent delight as Shaggy, and the beautiful Scottish singer Sheena Easten a pleasant surprise in a guest starring role. In fact, my only complaints were some strange accents in one or two members of the voice cast, with the exception of Easten whose accent did sound genuine, and somehow the Loch Ness Monster wasn't as well designed as it had potential to be. Overall, a solid and enjoyable Scooby Doo film. 8 10 Bethany Cox",pos,Positive,pos
"First of all, those who are faint at heart should definitely avoid this film. Even those, like me, who are desensitized to most graphically violent and sexual acts in movies should beware. I'm not telling you to steer away from the film, but be aware that what you're about to see is some disturbing material. Definitely not a pleasing film to watch, but nothing is put on screen strictly for shock value. But I must admit, when I watched the film for a second time, I had to skip to the next chapter when the ""razor blade scene"" came up.  The main character is one of the most unsympathetic sympathetic characters I can think of, but we start to better realize the humanity of her character later in the film's second act. In one scene, she stuffs broken glass in one of her student's jacket pocket after being dissatisfied with her apparently unsatisfactory performance and getting nervous when in front of a live audience. The student goes into her pocket and cries out with pain as she stares at her blood stained hand. Next to the razor blade scene, that disturbed me most. The student's mother is not much more sympathetic than she. When she gets word that her daughter won't be able to play, she talks about it like she also got also her hand injured, being one of those spoiled mothers who tries to torture her daughter into becoming an overachiever.  Though the film intrigued me and caught my interest for the most part, I felt more needed to be explained about Isabelle Huppert's character. When a woman is fascinated by sadomasochistic porno movies and engaging in that behavior herself, you want to understand the root of the problem. The movie establishes that she wants desperately to be loved. Then why the hateful attitude towards everyone? Why does she receive sexual pleasure from pain?  The acting is terrific and I liked the glossy, stylized lighting. Altogether, it's not a film I'd recommend if you're in the mood to be entertained, but as I said it's very intriguing. And I'm sure if I watched it a few more times, I'd be able to spot certain subtleties that'll shed more light on aspects of the film I didn't realize initially.  My score: 7 (out of 10)",pos,Positive,pos
"Sigh. I'm baffled when I see a short like this get attention and assignments and whatnot. I saw this film at a festival before the filmmaker got any attention and forgot about it immediately afterwards. It was mildly annoying to see it swiping the Grinch Who Stole Christmas heart gag along with the narration, the set design seen many times before, the whole weak Tim Burton ish style, and the story that goes nowhere. And we got the ""joke"" about shooting the crows with the 45 the first time, alright? But I guess what's really unacceptable is that it even swipes its basic concept from a comic book circa 1999 called LENORE, THE CUTE LITTLE DEAD GIRL by Roman Dirge! As any quick internet search will reveal. I mean, what is this? This is what they base a Hollywood contract on and opens doors in Canada for a filmmaker? ""Give your head a shake"" as Don Cherry might say.",neg,Negative,neg
"In the wake of my personal research into the pending ""end cycle"" time of 2012 presented by the Mayan calendar system, I believe this movie should be seen every bit as much as ""What The Bleep Do We Know?"" While some may believe that matters of top level science should only be communicated in doctorate level ""speak,"" ""The Elegant Universe"" breaks such barriers. The visuals and the select dialog make it easy to comprehend this walk through the history of physics. There are numerous messages in this movie, the least of which is that academic science must always be ready to revise what's being taught. True, pure discovery science is beautiful because there's always something additional and exciting to bring to the fore if we have the courage to seek it out in the face of ""established"" science.",pos,Positive,pos
"I don't know if I should be amused or insulted by drivel like this put out by ""Lifetime: Television For Women"" Should be renamed ""Lifetime: Television For Shut In Drama Queens"" because I've yet to see a movie that wasn't a tear jerking pot boiler. This film was no exception. You know a film's going to be bad when the biggest headliner is Tori Spelling, completely a creation of bad plastic surgery and spoiled privilege minus any real talent. Everyone else matched her in unbelievably bad acting and the storyline was beyond dumb, as if anyone could believe any of it. If I hadn't have been helpless on the sofa pinned down watching with the same fascination you view a gory car wreck I would have changed the channel.",neg,negative,neg
"Homicide: The Movie proved to be a good wrap up to a well written, well directed, and well acted series. Loose ends were tied up that weren't properly addressed at the end of the final season. The entire series, and especially the movie, provided a life like look at life (and death) in Baltimore, a culturally unique city with an extremely high murder rate. My attraction to the series began long before I moved to Baltimore, but once I experienced life here for myself, I realized how realistic it was. And the movie certainly retained that spirit. I will certainly miss new original episodes of the series, but am very grateful to NBC and the producers and cast for giving us one last glimpse at the dark side of Charm City.",pos,positive,pos
"This is a romantic, albeit cheesy movie that is one of my all time favorites. It is one of the many CLASSICS of the 80's genre like ""Pretty in Pink"" or ""Some kind of Wonderful"". Nic plays the traditional punk guy in love with the traditional valley, preppy girl Julie. It is a heartwarming love story that makes you root for him to win the girl in the end. True, most of the acting sucks but ... I have been in love with Nic since seeing this in the theaters and have seen nearly every movie he's been in since. He's really grown as an actor but it is obvious in this early movie of his that he had a LOT of potential. If you love 80's movies, you will LOVE this classic. Go rent it!!!!!",pos,positive,pos
"This movie doesn't even have the saving grace of being so bad that its good. It is truly appalling. Its closer to a tongue in cheek parody than a disaster movie, but alas they were serious. Made for TV, but not worthy of even that. It contains every cliché and cheesy plot moment you can imagine. Oh will he save the town from the flood? Will his wife admit that she still loves him? Will they escape before the flood drowns them? I cant explain how bad this is. Awful predictable plot that makes you wince it is so cheesy. Bad Effects (although to be fair I have seen worse super imposed bubbling water). Bad script. Woeful acting. Hideous. So bad in fact that you probably should get drunk and watch it.",neg,Negative,neg
"The game was made in 1996, but it is still good today. the graphics is not that hot and the actors are not oscar worthy but the plot is twisted, diabolic and highly enjoyable. The dark story is compelling from the first film and is continuing throughout all the play. We played several people together for several reasons: 1) to use all our minds together. 2) not to be so afraid. Play this game and you won't regret this, just don't try to find a quake engine in there.",pos,Positive,pos
"I gave this film a 2 mostly because it does actually have an ok cast but the film itself is just so (insert unusually rude word beginning with the sixth letter of the alphabet) ing pointless that I felt bad that at the time I voted for it its lowest vote was a three. Very predictable plot....two nare do well musicians have no money and plenty of money problems. However when a friend leaves a bag full of money (that belongs to drug dealers) in their care they of course spend it and then the ""fun"" begins. Not an original idea in this whole film.",neg,negative,neg
"I would like to say something different about this movie. I saw comments how beautiful is Russia and the views from Russia have been great. Hey guys this is not Russia it's Bulgaria more specific the capital Sofia. So this is not Russia it's my country. About the movie   well in Bulgaria, maybe except the Grey Zone   all movies from American directors are in one word awful like this one of course. It's a shame that Patrick Swayze has to play in such a low budget movies. Most of the actors are Bulgarians but really this movie has no plot twist has no energy what can i say weak and boring movie a cliché not more. Hey people remember it's not Russia in reality it's Bulgaria.",neg,negative,neg
"I would probably want to give this movie a zero if not for the climax, which involves not really Snakes on a Train, but rather Train IN a Snake. The premise was cooked up far more than likely over the course of a night of beers after hearing about Snakes on a Plane in production (this, in fact, was released to coincide with that film's release). The joke is probably not lost on those who will seek this out; I don't think there would be a soul out there who would consider this anything as a serious action thriller effort (unless on an ironic level beyond the capacity for rational thought). It's about a Mayan curse placed on a woman who's damned by her family for leaving with another man, and is soon seen sickened and coughing up green slime laced with, of course, snakes. She and her beau go on a train headed for Los Angeles, and very soon after the more than cliché characters are privy to snakes overtaking the train  with the originator woman becoming a snake herself.  If it would be worth listing more about the movie I would, but there isn't enough time during the day. All that can be said for the quality factor is that it's almost on existent; there are student short films with larger budgets. Maybe that was a wise calculation on the filmmakers' end, that there would be so many copies sold, just for the joke factor alone, that they would re coup their budget in the first weekend. Because by looking at the sets (the trains themselves change randomly in the middle of a scene!), the actors (if you can call them that, with only one other actor  the one with the very thin hair who hits on the one woman throughout the movie  who benefited from the flick being produced), the FX (also next to non existent, making the effects in Snakes on a Plane seem like Star Wars), and the actual CGI snakes themselves, with the final huge behemoth snake something to behold in sci fi movie channel terms. This all means, basically, that it is a laugh riot every step of the way (especially, as cruel as it sounds, when a little girl becomes involved in a snake's ""attention""), with the very disregard for good taste working well in its favor. This being said, it is also 100% disposable, like a B movie sour flavor lollipop.",neg,Negative,neg
"The hurried approach that Lewis Seiler takes with King of the Underworld establishes a deeper plot, while still maintaining an efficient run time. One of the clearest examples of this is the transition between poverty and wealth for the married medical couple. The audience is instantly transported from a shanty medical office to a luxurious suite at the city's most prestigious inn. This development is critical to understanding the position the doctors have been thrown into. The story suggests from the intro that these two people are generally happy with providing medical practice to those who are less fortunate. By abruptly cutting from this scenario to the morally conflicting occupation (the mob's personal physician), the viewer is called upon to experience this sudden turn of events. The Nelsons (Kay Francis and John Eldredge) are forcibly employed by Gurney (Bogart) without objections. This stylized notion of organized crime being too influential and powerful to overcome has become a standard component in every gangster picture. The one aspect of this film that raised some questions for me, ironically dealt with the pacing of the story, and that rate at which it was told. I think that character development and social identity can suffer when certain aspects of a story are not fully examined. This paradox happens to be a result of personal taste, in that I think that the movie going experience can be enhanced through rigorous character development. However, for the purposes of this film, I must admit that the rapid action contributes more dynamic flare to the impact of the film. **1 2 (of ****)",pos,Positive,pos
"Why would I say that? Because when the movie ended, I was in a good mood. So many people exclaim at the end, wow! Bruce Willis can be funny. For those of you who believe he learned how to act after the sixth sense, you must be very new to his career. He won an emmy for best actor in a comedy series before he did Die Hard. It's like saying, wow, the sky learned to deposit snow on the ground just because it's your first winter in life. The movie was hilarious. What boggles my mind is how some other comments made about this movie claims that there are no memorable lines or scenes. Spoiler... The waaaambulance? I am not a loser? Have you ever seen a grown up scream I am not a loser before? I thought this movie was great. It was funny, it was never boring and in a cheesy Disney sort of way, it had a point to make. Something to do with life and of course any kid movie trying to do that is in over it's head but for once, I didn't care. If you haven't watched it. Do so. You'll like it.",pos,positive,pos
"This show is sheer entertainment and doesn't try to be a Greek drama. It certainly contains elements of one what with all the plot twists, but it's immensely engaging and fun. Las Vegas is the perfect setting for a show and they will certainly never have a lack of material to work with! Anything and Everything DOES happen there! The actors in this show are extremely personable and you really do want to see what they are up to and into each week. The show is also very funny. The humor arises from the characters and situations. Not just thrown in gratuitously. It's a well crafted show in that regard. It certainly makes me look forward to Friday nights and I'm glad I now own the first two seasons on DVD!",pos,Positive,pos
"The Great Dictator is a beyond excellent film. Charlie Chaplin succeeds in being both extremely funny and witty and yet at the same time provides a strong statement in his satire against fascism. The anti Nazi speech by Chaplin at the end, with its values, is one of filmdom's great moments. Throughout this movie, I sensed there was some higher form of intelligence, beyond genuinely intelligent filmmaking, at work.",pos,positive,pos
"Little Vera is the story of a Russian teenager, her family, and her attempts to find meaning and value in a life sliding increasingly into decay. In her search for meaning, she falls in love with a more intellectual and rebellious Sergei, whose hatred for her deeply flawed parents quickly spirals out of control. Little Vera is shocking and disturbing in nearly every way. The drinking of the father, the enabling and lack of understanding of the mother, the casual lies and misdirection of the brother, and Vera herself forgiving them all their flaws are all shocking and slightly disturbing to watch. However, the raw honesty of the film somehow manages to become even more shocking than the plot or characters. Set in cramped spaces and vast urban decay, Little Vera presented a vastly different view of Soviet life than had ever been seen before. In fact, Little Vera is a portrait of the collapse of Soviet society painted in shades of pain, desperation, and rust. It is the implosion of a family set against the implosion of an entire social order. Although painful and desperately unsatisfying, the film itself is definitely worth seeing, if only to understand the feelings and cultures still reshaping Russia today.",pos,Positive,pos
"Having a close experience with one such patient is probably the best reason why I had my heart rushing throughout the entire film. Intense, sensible, moral and revealing, and don't forget to check out the marvellous sound track. Really good.",pos,positive,pos
"Nothing but the director's juvenile fantasy come to life. This 'movie' is nothing more than an excuse for the director actor to play kissy face with an attractive young woman who would otherwise never give him the time of day. The plot is simple, the direction is nonexistent and the movie drags while the actor director writer narrator narrates. Don't be fooled by the 'X' rating, there is no nudity and minimal gore.",neg,negative,neg
"For the first forty minutes or so, Luna is a real pleasure to watch. The characters and their situation are interesting and the photography and locations are beautiful to look at. Then Jill Clayburgh discovers her son Matthew Barry is using heroin and the movie starts to unravel and then becomes outright laughable in its sickness. Clayburgh asks him why and when he started using the drug and she nor the audience ever get a straight answer, which would be a bit helpful. He mentions not caring about anything but that's not right because we see clearly in the amazing early scenes that he has a good deal of interest in his mother's singing, baseball, sex, and apparently cared enough to turn down marijuana. This movie is for people who think junior gets into hard drugs because mom and dad were workaholics who missed his piano recital. I think such a dangerous and emotionally volatile drug like heroin was chosen as some sort of intellectual catalyst for the later scenes of incest. There's a lot of discussion about the mother's love for the son but it's really about Bernardo Bertolucci being pretentious. Luna would have been great as a quaint little family drama. How old was Matthew Barry in this movie? I was more concerned over the bizarre things he had to do as an actor for this film than for anything his character was going through. ** out of ****",neg,negative,neg
I have been looking for this mini series for a very long time. I saw this movie when I was living in back in Russia many years ago. I'm curious if somebody who has the recorded copy of this movie can send me the copy. I'm willing to cover all the expenses and pay for the extra tapes or DVDs. This is one of the best TV series that I have ever watched. I would recommend it to anybody who is somewhat interested in Israel History and World History after WWII. I'm also trying to find a book (I have heard that its even better than the movie)however the new one costs around $50 on amazon and I have never purchased a used copy. my e mail address is yurets777@hotmail.com Thank you very much for you help.,pos,Positive,pos
"...a film comes along that manages to be absolutely terrible from the opening titles on through to the studio logo tagged at the end of the closing credits. This was such a film   the very type you can not stop watching for fear of missing a moment of its ever descending quality. Forget the low budget that's indicated by a slow, monotonous opening sequence that shows secret service agents running alongside a presidential motorcade with no crowds, no traffic or location discernible. Forget the jumbled logic needed to even remotely make the actual plot seem plausible. Forget that Roy Scheider delivers some of the hammiest dialogue whilst completely failing to hide his shame. This clunker is terribly paced, bombarded by a score that's simply laughable, and seems edited by a third grader. All the while twisting scenarios to cover up the hardest thing about filming a presidential storyline on the cheap: making him seem presidential. I honestly feel asleep briefly in the last reel, and when I awoke, I ran it back so as not to miss a single excruciating frame. Try this drinking game: take a shot every time you see it blatantly aping another much better film. You'll doze off, too. Not since 'The Man' w  Samuel L. Jackson and Eugene Levy have I seen such a delightfully unredeemable project. I may give out copies as Christmas gifts. Zero stars. A thousand laughs.",neg,negative,neg
"The Emperor and the Assassin (w English Subtitles) at 161 minutes is long, but the time is packed with a story that barely fits into it. Golden hued palace scenes and dusty yellow panoramas of Chinese landscapes background a true story of China's unifying King, circa 300 BCE. An intricate plot with a myriad twists and turns is played out with excellent portrayals by the cast. King Qin's simple wish for a unified Empire for his common people is fulfilled, but not without treachery, plots and counter plots and oh yes, bodies. Lots of bodies. This epic story of China's beginnings is a great way for Westerners to glimpse little known Asian history. Emperor Qin's legacies include the thousands of life size terra cotta figures which are still being excavated today. As an historical person, this film makes it clear that Emperor Qin should be regarded along with George Washington, Napoleon Bonaparte, Alexander the Great, Genghis Khan and Julius Caesar, to name a few of the world's greatest conquerors statesmen. I highly recommend seeing The Emperor and the Assassin, especially on the big screen.",pos,positive,pos
"What You Need In the run up to 'What You Need', every episode since 'The Lonely' had been a winner to some extent. This episode is the first major failure since 'Escape Clause'. The Serling script is again based on someone else's materiel, a short story by Lewis Padgett. As with 'And When the Sky Was Opened', Serling altered the content significantly, removing a scientist and his machine and inserting an elderly peddler. 'What You Need' works best when it is being sweet. The opening half, in which the peddler provides customers in a bar with objects they will need in the near future, has a gentle charm about it that may have worn thin throughout an entire episode but works well in the time frame it is allotted. Sadly, the main plot which it sets up is full of gaping holes. The minute Steve Cochran's performance as a two bit thug becomes the main focus the episode falls apart. Cochran's part is an underwritten stereotype and his flat performance highlights this flaw. His exploitation of the old peddler is dull and predictable and the revelation that he will murder the old man is totally unconvincing, making the whole slippery shoes scene seem completely false. Ernest Truex is good as the peddler, bringing a magical, mysterious but warm edge to the character, but he's not good enough to help the floundering script. To make matters worse, the weak script is also full of inconsistencies. For instance, we learn that the peddler's power to provide people with what they need stems from an ability to see into the future. So how exactly does this allow him to produce a pen that will magically pick winning horses. That seems like it should be a little outside his realms of power. Also, for a man who can see the future, the peddler certainly acts surprised to find the thug waiting for him in his flat. There are many more holes that can be picked in 'What You Need' but it's hardly worth it when the episode is so thin that you can see through it anyway.",neg,negative,neg
"Before I continue forth with the new millennium, I will go back in time once more because I had completely forgotten about these gems!!!!! In 1987, Disney, while still a ""low"" company in the 80s, was able to start a series of films on television called ""Not Quite Human,"" about a geeky teenager who, like in ""Inspector Gadget,"" looks like a human but is really a robot!!!!! Now this SCREAMS 80S, along with other films like ""Tron"" and ""Honey, I Shrunk The Kids"" because it combines everything of yesteryear with the technologies of tomorrow!!!!! My parents remember seeing this on the TV back then, back when I was just born or something. However, my very first encounter with this film was on the Old Disney Channel (one time, I've seen this, and the other parts, on my 12th B'day in May of '99!!!!!) ""Not Quite Human"" is a very good series of films to watch, if you can ever find these movies again.  Has this been shown recently? If so, give me an e mail or personal message. 10 10",pos,positive,pos
"The most irritating thing about ""Dies d'agost"" (August Days) is not simply that NOTHING HAPPENS in this film but that director Marc Recha has the nerve to pretend that this film is some sort of homage to leftist Catalan journalist Ramon Barnils. Unless mentioning Barnils' name a few times constitutes an ""homage,"" this pretense is an utter fraud. You will learn virtually nothing about Barnils in this film nor about the Spanish Civil War (1936 1939) nor about the special role of Catalunya in that war. You also will not learn about the collective punishment inflicted on the heroic Catalan people for years afterward by the victorious and vindictive Franco. The footage of the Catalan countryside is very beautiful, of course, but ""Dies d'agost"" does not have an extensive and varied enough collection of such scenes to qualify as a travelogue. The large number of stills shown    not very illuminating images of the forest floor, for example    is the clearest indication of the paucity of ideas here. The aimless drift of brothers Marc and David during their camping trip does not produce compelling cinema. On the contrary, one's strongest impression is of a film made by and for spaced out, middle aged hippies. Don't waste your time. Read a good book about the Spanish Civil War instead. (I recommend Felix Morrow's scathingly anti Stalinist ""Revolution and Counter Revolution in Spain,"" which contains a gripping account of the 1937 Barcelona Uprising.) Barry Freed",neg,Negative,neg
"Unlike some of the reviews written here, I didn't hate this movie. It is a movie that COULD have been much better than it was. Not Oscar material, true, but much better than it was. I thought the plot had a good hook and through line. Granted, this movie was badly written. And TERRIBLY directed and produced. I mean, how many irrelevant flashbacks can you have? Why were we there? What exactly is the point of the opening sequence? It seems like the producer(s) watched American Beauty a few too many times and thought 'I'll use that in an action movie!' I thought the movie wasn't that badly acted. Wesley Snipes did a credible job, he just ran afoul of some bad direction. And once this movie hit the production room, things just got worse. The main actress, I think, had the same problems. Some of the other acting was suspect, yes, but it was a low budget flick. Again, I would say it is the director's job to pick that up and correct it. As an overall recommendation, I would agree with the first review I read that this movie is not worth seeing. Or maybe it is worth seeing, if you are a film student and want to see what NOT to do. 3 10, and that's giving it praise.",neg,negative,neg
Coltrane and Idle are members of a bank robbery gang who double cross their leader during a robbery. They hide out in a nunnery school and disguise themselves appropriately to avoid detection from the mob and the police. Alot of catholic humor and slapstick but the script is kinda thin as are the laughs.. There is a GOOD shower scene though... on a scale of one to ten..4,neg,negative,neg
"I doubt whoever wrote this screenplay has ever actually read Mansfield Park...or if they have it was not very well. None of the characters are what they should be: Fanny is lively and conscious of her mistreatment, while Sir Thomas, who treated her very well, seems to have accidentally fallen into Aunt Norris' personality. Additionally, a first person narrative by Fanny is highly inappropriate to both the story and her character. Fanny is not an entertaining heroine, and I would contend that she is not meant to be. Additionally, in the movie version, Fanny flirts shamelessly with Edmund from the very beginning, when they have been raised as brother and sister! Austen's Fanny would have shrank from flirtation of any sort, and the novel paints the Fanny Edmund pairing as highly uncomfortable...as it should be. Unlike some other Jane Austen novels (P&P, Emma), Mansfield Park does not rest on the strength of its female protagonist. It is a very different sort of novel than the others; it is not meant to be a love story. I watched this movie because I have just now finished reading Mansfield Park, and I am absolutely horrified by what I see; Miss Austen is rolling in her grave.",neg,negative,neg
"The three main characters are all hopeless, and yet you only feel sorry for one of them: Ernesto, hopelessly devoted to Mercedes. This was part of the frustration: screaming at Mercedes to get a clue and ditch the no good Harry, to no avail. Then there's the satisfaction: Steve Buscemi has a great part as a transvestite, and Harvey Keitel's moving story of his indignity playing a gorilla for a cheap TV movie is incredible. When you least expect it, Quentin Tarintino is doing half a monologue, and Anthony Quinn turns Ernesto into a wealthy man. Time and again great moments appear in the story, but in the end it's hard to know what to feel about this movie. It doesn't have a happy ending, or even a complete one, but it somehow feels right. This movie is strange, but then so am I; no wonder I liked it.",pos,Positive,pos
"This was on Showtime the other night, and I figured it was going to be another made for video crap fest, like ""Earth vs. the Spider"" or any of those other HBO horror shorts. Instead, I found a comedy gore classic. It was legitimately funny, and surprisingly, the acting was quite good. Even my wife, an overall horror hater, agreed and was laughing at parts. In addition, the FX were high quality. Overall, the film felt like a parody of Joy Ride Jeepers Creepers, and the 2 main characters reminded me of the pair from Shaun of the Dead. Definitely worth watching, but don't take it seriously. The End.",pos,Positive,pos
"I stumbled upon this movie whilst flipping channels on the teevee late one night. It has continued to hold my interest some twenty years later, because of the important real life lesson it teaches us about the dark side of human nature. And although it tells a true story that takes place in WWII, it is amazingly apropos to the ugly things happening in Europe today. If you thought ""ethnic cleansing"" as it's called today, has anything to do with race or ethnicity, you'll think differently after viewing this story. I guess I'd been pretty naive in thinking that evil follows any prescribed set of rules. Evil is as evil does. This movie teaches a valuable lesson, and I recommend it especially to e.g. church groups or civil rights organizations. I don't expect it will be too easy to find and rent, but I'd really like to see it again, because there is one amazing scene in it which gives a totally unintentional yet interesting glimpse of the banal intricacies of ""race expertise"". In this scene, the protaganist, who was taken prisoner by the Nazis at the beginning of the war, is ""discovered"" by an SS race authority, and ushered into a room. There the two play a sort of guessing game, where the SS officer is able to determine where our hero (Anthony Quinn's character) came from    and where his ancestors came from. Well ""come to find out"" that Quinn's character isn't a member of an ""inferior"" race after all, but to the contrary, he's a perfect, archtypical Aryan! Which doesn't mean a whole lot to Quinn's character, who is more interested in talking about the towns, rivers and mountain ranges that the SS guy had just been naming... Nevertheless, being a perfect Aryan archetype has its perks. Among other things, he gets to leave his job in a slave labor factory where he wears striped rags, and into a slave modeling job where he gets to wear tailored Nazi uniforms. Yeah, it's a better gig for sure for a guy who always did appreciate wearing nice clothes... until the Allied armies arrive, and recognize his face from magazine covers. ",pos,positive,pos
"This movie is not at all like City of God, you might get the same feeling but it isn't, there's no intense shooting nor intense drug scenes, you get the idea. If you ask me I think this film was a waste of time, there are a lot of other films which gives 100 times better meaning and teaching than ""Wooden Camera"". Yes I might be the only one to give a negative comment for this film but it's only in my opinion. It's one of those films where I can get the feeling that I'll be blown away but when the credits start to role my friends and I all gave mutual looks, and we all laughed at how ridiculous this movie was. So to conclude this matter, I advise not to watch it. Personal note   Making Africans talk English was a big mistake. In City of God they used their native language which gave the film much more power and reality.",neg,negative,neg
"Martin Ritt's first film offers an exceptional existentialist answer (three years later) to Elia Kazan's more conservative ""On The Waterfront."" While ""Waterfront"" benefited immensely from an electrifying Marlon Brando, who inadvertently disguised Kazan's offensive theme of trying to justify naming names (as Kazan did eagerly before the House Un American Activities Committee), ""Edge of the City"" boasts a young John Cassavetes and an upstart Sidney Poitier daring to confront issues that ""Waterfront"" failed to acknowledge, namely, workers' rights and race relations. ""Edge of the City"" boldly dives into this (then) unknown territory, and although the quite appealing black protagonist (Poitier) may seem a bit Hollywood simplistic, the courageous struggle against thinly veiled bigotry and violence has hardly aged at all. One wonders how shocked initial 1957 moviegoers were at such a bold presentation of white black relations (if some of the bigoted didn't leave the theater early, they must of left dumbfounded, if not offended).  The last reel of the film will still surprise audiences, as it refuses to sink into expected clichés, including those that tainted ""Waterfront."" Only the most jaded viewers will not realize what a radical and entertaining film ""Edge of the City"" ends up being. What's most disturbing about this lost classic: how it sadly remains unavailable on any format, for reasons that remain quite cloudy. This film should be required viewing in high school or college history classes across the country, yet one can only find it on obscure late night TV, if ever at all.",pos,positive,pos
One of the worst films of it's genre. The only bright spots were Lee Merriwether showing some of the sparkle she would later bring to the Time Tunnel and Batman. A young Patty Duke also outshone the more established actors. ,neg,negative,neg
